"part","family","target_date","horizon","quantile_level","y_reference","qhat"
"Part 1","Normal Ridge","2022-12-26",1,"0.050000000000000003","0.56468377475649301","0.39359453304954056"
"Part 1","Normal Ridge","2022-12-26",1,"0.20000000000000001","0.56468377475649301","0.57011662910283212"
"Part 1","Normal Ridge","2022-12-26",1,"0.34999999999999998","0.56468377475649301","0.66849324841156288"
"Part 1","Normal Ridge","2022-12-26",1,"0.5","0.56468377475649301","0.74950543159950156"
"Part 1","Normal Ridge","2022-12-26",1,"0.65000000000000002","0.56468377475649301","0.84632028561450023"
"Part 1","Normal Ridge","2022-12-26",1,"0.80000000000000004","0.56468377475649301","0.96163784504700045"
"Part 1","Normal Ridge","2022-12-26",1,"0.94999999999999996","0.56468377475649301","1.1370201622699863"
"Part 1","Normal Ridge","2022-12-27",2,"0.050000000000000003","3.1514663625841299","1.3470195932027382"
"Part 1","Normal Ridge","2022-12-27",2,"0.20000000000000001","3.1514663625841299","1.5662099249821497"
"Part 1","Normal Ridge","2022-12-27",2,"0.34999999999999998","3.1514663625841299","1.668582646093606"
"Part 1","Normal Ridge","2022-12-27",2,"0.5","3.1514663625841299","1.7558262846636628"
"Part 1","Normal Ridge","2022-12-27",2,"0.65000000000000002","3.1514663625841299","1.8277078767033301"
"Part 1","Normal Ridge","2022-12-27",2,"0.80000000000000004","3.1514663625841299","1.9368115682108917"
"Part 1","Normal Ridge","2022-12-27",2,"0.94999999999999996","3.1514663625841299","2.1353812393270633"
"Part 1","Normal Ridge","2022-12-28",3,"0.050000000000000003","2.2266236264942898","1.8157398683517705"
"Part 1","Normal Ridge","2022-12-28",3,"0.20000000000000001","2.2266236264942898","1.9982911524949052"
"Part 1","Normal Ridge","2022-12-28",3,"0.34999999999999998","2.2266236264942898","2.1089072221551186"
"Part 1","Normal Ridge","2022-12-28",3,"0.5","2.2266236264942898","2.2038455637300745"
"Part 1","Normal Ridge","2022-12-28",3,"0.65000000000000002","2.2266236264942898","2.302952665518589"
"Part 1","Normal Ridge","2022-12-28",3,"0.80000000000000004","2.2266236264942898","2.4137099314754082"
"Part 1","Normal Ridge","2022-12-28",3,"0.94999999999999996","2.2266236264942898","2.5793875149580003"
"Part 1","Normal Ridge","2022-12-29",4,"0.050000000000000003","1.7553629240913999","1.1788960583857211"
"Part 1","Normal Ridge","2022-12-29",4,"0.20000000000000001","1.7553629240913999","1.3898968522059452"
"Part 1","Normal Ridge","2022-12-29",4,"0.34999999999999998","1.7553629240913999","1.504311936327094"
"Part 1","Normal Ridge","2022-12-29",4,"0.5","1.7553629240913999","1.5833339853180453"
"Part 1","Normal Ridge","2022-12-29",4,"0.65000000000000002","1.7553629240913999","1.6814035416630642"
"Part 1","Normal Ridge","2022-12-29",4,"0.80000000000000004","1.7553629240913999","1.7876174905314328"
"Part 1","Normal Ridge","2022-12-29",4,"0.94999999999999996","1.7553629240913999","1.9945397007164549"
"Part 1","Normal Ridge","2022-12-30",5,"0.050000000000000003","2.7443730754966502","1.8919695244095913"
"Part 1","Normal Ridge","2022-12-30",5,"0.20000000000000001","2.7443730754966502","2.090471052095852"
"Part 1","Normal Ridge","2022-12-30",5,"0.34999999999999998","2.7443730754966502","2.2084320323090774"
"Part 1","Normal Ridge","2022-12-30",5,"0.5","2.7443730754966502","2.3008946836383855"
"Part 1","Normal Ridge","2022-12-30",5,"0.65000000000000002","2.7443730754966502","2.3947160067493192"
"Part 1","Normal Ridge","2022-12-30",5,"0.80000000000000004","2.7443730754966502","2.5018628222412809"
"Part 1","Normal Ridge","2022-12-30",5,"0.94999999999999996","2.7443730754966502","2.7332012849437706"
"Part 1","Normal Ridge","2022-12-31",6,"0.050000000000000003","5.2298164117073904","2.7472021111254827"
"Part 1","Normal Ridge","2022-12-31",6,"0.20000000000000001","5.2298164117073904","2.9484223886776091"
"Part 1","Normal Ridge","2022-12-31",6,"0.34999999999999998","5.2298164117073904","3.0699153223975015"
"Part 1","Normal Ridge","2022-12-31",6,"0.5","5.2298164117073904","3.1576848730969607"
"Part 1","Normal Ridge","2022-12-31",6,"0.65000000000000002","5.2298164117073904","3.2506384768017025"
"Part 1","Normal Ridge","2022-12-31",6,"0.80000000000000004","5.2298164117073904","3.3780420123160497"
"Part 1","Normal Ridge","2022-12-31",6,"0.94999999999999996","5.2298164117073904","3.5450569458581302"
"Part 1","Normal Ridge","2023-01-01",7,"0.050000000000000003","3.8167767051474799","3.6462710074569831"
"Part 1","Normal Ridge","2023-01-01",7,"0.20000000000000001","3.8167767051474799","3.8269116160383154"
"Part 1","Normal Ridge","2023-01-01",7,"0.34999999999999998","3.8167767051474799","3.9266969623535752"
"Part 1","Normal Ridge","2023-01-01",7,"0.5","3.8167767051474799","4.0143473338177875"
"Part 1","Normal Ridge","2023-01-01",7,"0.65000000000000002","3.8167767051474799","4.1128607814862459"
"Part 1","Normal Ridge","2023-01-01",7,"0.80000000000000004","3.8167767051474799","4.2415252896366402"
"Part 1","Normal Ridge","2023-01-01",7,"0.94999999999999996","3.8167767051474799","4.4318883347160787"
"Part 1","Normal Ridge","2023-01-02",8,"0.050000000000000003","2.9800661357327498","2.3075717707352097"
"Part 1","Normal Ridge","2023-01-02",8,"0.20000000000000001","2.9800661357327498","2.4902729705243347"
"Part 1","Normal Ridge","2023-01-02",8,"0.34999999999999998","2.9800661357327498","2.6152496719805436"
"Part 1","Normal Ridge","2023-01-02",8,"0.5","2.9800661357327498","2.7036794416818033"
"Part 1","Normal Ridge","2023-01-02",8,"0.65000000000000002","2.9800661357327498","2.8046372687869594"
"Part 1","Normal Ridge","2023-01-02",8,"0.80000000000000004","2.9800661357327498","2.920685910903372"
"Part 1","Normal Ridge","2023-01-02",8,"0.94999999999999996","2.9800661357327498","3.1139852755241124"
"Part 1","Normal Ridge","2023-01-03",9,"0.050000000000000003","2.7906187723409999","2.1607948419739698"
"Part 1","Normal Ridge","2023-01-03",9,"0.20000000000000001","2.7906187723409999","2.376485691814151"
"Part 1","Normal Ridge","2023-01-03",9,"0.34999999999999998","2.7906187723409999","2.4978540520051586"
"Part 1","Normal Ridge","2023-01-03",9,"0.5","2.7906187723409999","2.5904389035442401"
"Part 1","Normal Ridge","2023-01-03",9,"0.65000000000000002","2.7906187723409999","2.6922449844274072"
"Part 1","Normal Ridge","2023-01-03",9,"0.80000000000000004","2.7906187723409999","2.8048475599600731"
"Part 1","Normal Ridge","2023-01-03",9,"0.94999999999999996","2.7906187723409999","2.9984379380322475"
"Part 1","Normal Ridge","2023-01-04",10,"0.050000000000000003","3.4253268741041198","2.1391167757580982"
"Part 1","Normal Ridge","2023-01-04",10,"0.20000000000000001","3.4253268741041198","2.3026955507531799"
"Part 1","Normal Ridge","2023-01-04",10,"0.34999999999999998","3.4253268741041198","2.4182424243512441"
"Part 1","Normal Ridge","2023-01-04",10,"0.5","3.4253268741041198","2.5131646408984416"
"Part 1","Normal Ridge","2023-01-04",10,"0.65000000000000002","3.4253268741041198","2.6013178532020524"
"Part 1","Normal Ridge","2023-01-04",10,"0.80000000000000004","3.4253268741041198","2.698517453563805"
"Part 1","Normal Ridge","2023-01-04",10,"0.94999999999999996","3.4253268741041198","2.8882265230898878"
"Part 1","Normal Ridge","2023-01-05",11,"0.050000000000000003","4.2538561917311197","2.9147576237348063"
"Part 1","Normal Ridge","2023-01-05",11,"0.20000000000000001","4.2538561917311197","3.1177436755664836"
"Part 1","Normal Ridge","2023-01-05",11,"0.34999999999999998","4.2538561917311197","3.246539138501376"
"Part 1","Normal Ridge","2023-01-05",11,"0.5","4.2538561917311197","3.3354996245146253"
"Part 1","Normal Ridge","2023-01-05",11,"0.65000000000000002","4.2538561917311197","3.4436691396927355"
"Part 1","Normal Ridge","2023-01-05",11,"0.80000000000000004","4.2538561917311197","3.5626709698596049"
"Part 1","Normal Ridge","2023-01-05",11,"0.94999999999999996","4.2538561917311197","3.7604101191918247"
"Part 1","Normal Ridge","2023-01-06",12,"0.050000000000000003","3.3877748703163699","2.5626603342275769"
"Part 1","Normal Ridge","2023-01-06",12,"0.20000000000000001","3.3877748703163699","2.7788657975767856"
"Part 1","Normal Ridge","2023-01-06",12,"0.34999999999999998","3.3877748703163699","2.8891475145476759"
"Part 1","Normal Ridge","2023-01-06",12,"0.5","3.3877748703163699","2.9793259259525895"
"Part 1","Normal Ridge","2023-01-06",12,"0.65000000000000002","3.3877748703163699","3.0790461534193572"
"Part 1","Normal Ridge","2023-01-06",12,"0.80000000000000004","3.3877748703163699","3.1833402565868845"
"Part 1","Normal Ridge","2023-01-06",12,"0.94999999999999996","3.3877748703163699","3.3586949829416515"
"Part 1","Normal Ridge","2023-01-07",13,"0.050000000000000003","3.0468210981970301","2.2060349848840852"
"Part 1","Normal Ridge","2023-01-07",13,"0.20000000000000001","3.0468210981970301","2.4227731440747569"
"Part 1","Normal Ridge","2023-01-07",13,"0.34999999999999998","3.0468210981970301","2.5431905612099963"
"Part 1","Normal Ridge","2023-01-07",13,"0.5","3.0468210981970301","2.6379576550118058"
"Part 1","Normal Ridge","2023-01-07",13,"0.65000000000000002","3.0468210981970301","2.715368278947079"
"Part 1","Normal Ridge","2023-01-07",13,"0.80000000000000004","3.0468210981970301","2.8227049887201323"
"Part 1","Normal Ridge","2023-01-07",13,"0.94999999999999996","3.0468210981970301","3.0220400896999857"
"Part 1","Normal Ridge","2023-01-08",14,"0.050000000000000003","4.0491819932109401","2.6771521442772803"
"Part 1","Normal Ridge","2023-01-08",14,"0.20000000000000001","4.0491819932109401","2.877738931880029"
"Part 1","Normal Ridge","2023-01-08",14,"0.34999999999999998","4.0491819932109401","2.9798633840075262"
"Part 1","Normal Ridge","2023-01-08",14,"0.5","4.0491819932109401","3.0862570697648803"
"Part 1","Normal Ridge","2023-01-08",14,"0.65000000000000002","4.0491819932109401","3.179822109513923"
"Part 1","Normal Ridge","2023-01-08",14,"0.80000000000000004","4.0491819932109401","3.3006832661464847"
"Part 1","Normal Ridge","2023-01-08",14,"0.94999999999999996","4.0491819932109401","3.4878495926725077"
"Part 1","Normal Ridge","2023-01-09",15,"0.050000000000000003","5.3643837104354404","3.5307970292979967"
"Part 1","Normal Ridge","2023-01-09",15,"0.20000000000000001","5.3643837104354404","3.7732619000938312"
"Part 1","Normal Ridge","2023-01-09",15,"0.34999999999999998","5.3643837104354404","3.8486080518975436"
"Part 1","Normal Ridge","2023-01-09",15,"0.5","5.3643837104354404","3.9502021515506778"
"Part 1","Normal Ridge","2023-01-09",15,"0.65000000000000002","5.3643837104354404","4.0510436465154704"
"Part 1","Normal Ridge","2023-01-09",15,"0.80000000000000004","5.3643837104354404","4.1606372056114695"
"Part 1","Normal Ridge","2023-01-09",15,"0.94999999999999996","5.3643837104354404","4.3477494796707159"
"Part 1","Normal Ridge","2023-01-10",16,"0.050000000000000003","4.0879218550918797","3.2869065287919068"
"Part 1","Normal Ridge","2023-01-10",16,"0.20000000000000001","4.0879218550918797","3.4599724149945121"
"Part 1","Normal Ridge","2023-01-10",16,"0.34999999999999998","4.0879218550918797","3.5635320511105606"
"Part 1","Normal Ridge","2023-01-10",16,"0.5","4.0879218550918797","3.6486120682275889"
"Part 1","Normal Ridge","2023-01-10",16,"0.65000000000000002","4.0879218550918797","3.7461892959104688"
"Part 1","Normal Ridge","2023-01-10",16,"0.80000000000000004","4.0879218550918797","3.8448028319209828"
"Part 1","Normal Ridge","2023-01-10",16,"0.94999999999999996","4.0879218550918797","4.0422758947834909"
"Part 1","Normal Ridge","2023-01-11",17,"0.050000000000000003","3.9985463313635701","3.1050537671290703"
"Part 1","Normal Ridge","2023-01-11",17,"0.20000000000000001","3.9985463313635701","3.2822941979912246"
"Part 1","Normal Ridge","2023-01-11",17,"0.34999999999999998","3.9985463313635701","3.3667827366911229"
"Part 1","Normal Ridge","2023-01-11",17,"0.5","3.9985463313635701","3.4773642242667524"
"Part 1","Normal Ridge","2023-01-11",17,"0.65000000000000002","3.9985463313635701","3.5903533287093823"
"Part 1","Normal Ridge","2023-01-11",17,"0.80000000000000004","3.9985463313635701","3.7086037251498207"
"Part 1","Normal Ridge","2023-01-11",17,"0.94999999999999996","3.9985463313635701","3.9041833396415342"
"Part 1","Normal Ridge","2023-01-12",18,"0.050000000000000003","3.8772065627189898","3.1072589796402652"
"Part 1","Normal Ridge","2023-01-12",18,"0.20000000000000001","3.8772065627189898","3.2526685779160607"
"Part 1","Normal Ridge","2023-01-12",18,"0.34999999999999998","3.8772065627189898","3.3720008646667567"
"Part 1","Normal Ridge","2023-01-12",18,"0.5","3.8772065627189898","3.4788958521817221"
"Part 1","Normal Ridge","2023-01-12",18,"0.65000000000000002","3.8772065627189898","3.5567093172445032"
"Part 1","Normal Ridge","2023-01-12",18,"0.80000000000000004","3.8772065627189898","3.6858943206314652"
"Part 1","Normal Ridge","2023-01-12",18,"0.94999999999999996","3.8772065627189898","3.8747029339518035"
"Part 1","Normal Ridge","2023-01-13",19,"0.050000000000000003","3.9775516526665502","2.6750368934842434"
"Part 1","Normal Ridge","2023-01-13",19,"0.20000000000000001","3.9775516526665502","2.8850276420594692"
"Part 1","Normal Ridge","2023-01-13",19,"0.34999999999999998","3.9775516526665502","2.9923238583469596"
"Part 1","Normal Ridge","2023-01-13",19,"0.5","3.9775516526665502","3.1049456461729115"
"Part 1","Normal Ridge","2023-01-13",19,"0.65000000000000002","3.9775516526665502","3.1898264903245934"
"Part 1","Normal Ridge","2023-01-13",19,"0.80000000000000004","3.9775516526665502","3.3112097248954173"
"Part 1","Normal Ridge","2023-01-13",19,"0.94999999999999996","3.9775516526665502","3.4555737039279242"
"Part 1","Normal Ridge","2023-01-14",20,"0.050000000000000003","5.11080665260834","3.4999214986269473"
"Part 1","Normal Ridge","2023-01-14",20,"0.20000000000000001","5.11080665260834","3.7047874733755846"
"Part 1","Normal Ridge","2023-01-14",20,"0.34999999999999998","5.11080665260834","3.8287129722205746"
"Part 1","Normal Ridge","2023-01-14",20,"0.5","5.11080665260834","3.9285979957075043"
"Part 1","Normal Ridge","2023-01-14",20,"0.65000000000000002","5.11080665260834","4.0247237292469658"
"Part 1","Normal Ridge","2023-01-14",20,"0.80000000000000004","5.11080665260834","4.1383334679975725"
"Part 1","Normal Ridge","2023-01-14",20,"0.94999999999999996","5.11080665260834","4.3264335735540786"
"Part 1","Normal Ridge","2023-01-15",21,"0.050000000000000003","4.2457763669416497","3.6654824112372104"
"Part 1","Normal Ridge","2023-01-15",21,"0.20000000000000001","4.2457763669416497","3.8409224600992555"
"Part 1","Normal Ridge","2023-01-15",21,"0.34999999999999998","4.2457763669416497","3.9581369264273887"
"Part 1","Normal Ridge","2023-01-15",21,"0.5","4.2457763669416497","4.0535459369601501"
"Part 1","Normal Ridge","2023-01-15",21,"0.65000000000000002","4.2457763669416497","4.1582254311090061"
"Part 1","Normal Ridge","2023-01-15",21,"0.80000000000000004","4.2457763669416497","4.2586172710681627"
"Part 1","Normal Ridge","2023-01-15",21,"0.94999999999999996","4.2457763669416497","4.4722857503633273"
"Part 1","Normal Ridge","2023-01-16",22,"0.050000000000000003","4.4668641404166696","3.8243436976073157"
"Part 1","Normal Ridge","2023-01-16",22,"0.20000000000000001","4.4668641404166696","3.9988635027530961"
"Part 1","Normal Ridge","2023-01-16",22,"0.34999999999999998","4.4668641404166696","4.1048158817743143"
"Part 1","Normal Ridge","2023-01-16",22,"0.5","4.4668641404166696","4.1999611091478979"
"Part 1","Normal Ridge","2023-01-16",22,"0.65000000000000002","4.4668641404166696","4.305011601765929"
"Part 1","Normal Ridge","2023-01-16",22,"0.80000000000000004","4.4668641404166696","4.4121738164188242"
"Part 1","Normal Ridge","2023-01-16",22,"0.94999999999999996","4.4668641404166696","4.6191044965948045"
"Part 1","Normal Ridge","2023-01-17",23,"0.050000000000000003","3.8105279137394601","3.0572428795425335"
"Part 1","Normal Ridge","2023-01-17",23,"0.20000000000000001","3.8105279137394601","3.2184112998105538"
"Part 1","Normal Ridge","2023-01-17",23,"0.34999999999999998","3.8105279137394601","3.3272167393530863"
"Part 1","Normal Ridge","2023-01-17",23,"0.5","3.8105279137394601","3.4188121378468765"
"Part 1","Normal Ridge","2023-01-17",23,"0.65000000000000002","3.8105279137394601","3.5147887025452969"
"Part 1","Normal Ridge","2023-01-17",23,"0.80000000000000004","3.8105279137394601","3.6215361831948081"
"Part 1","Normal Ridge","2023-01-17",23,"0.94999999999999996","3.8105279137394601","3.8197586624941131"
"Part 1","Normal Ridge","2023-01-18",24,"0.050000000000000003","3.4344986026020599","2.7811544007966731"
"Part 1","Normal Ridge","2023-01-18",24,"0.20000000000000001","3.4344986026020599","2.9810631812285031"
"Part 1","Normal Ridge","2023-01-18",24,"0.34999999999999998","3.4344986026020599","3.0966584741532461"
"Part 1","Normal Ridge","2023-01-18",24,"0.5","3.4344986026020599","3.1946537807212003"
"Part 1","Normal Ridge","2023-01-18",24,"0.65000000000000002","3.4344986026020599","3.2842353118771626"
"Part 1","Normal Ridge","2023-01-18",24,"0.80000000000000004","3.4344986026020599","3.3810493967759108"
"Part 1","Normal Ridge","2023-01-18",24,"0.94999999999999996","3.4344986026020599","3.6115327335205794"
"Part 1","Normal Ridge","2023-01-19",25,"0.050000000000000003","3.2406649484479901","2.7568497135649466"
"Part 1","Normal Ridge","2023-01-19",25,"0.20000000000000001","3.2406649484479901","2.9426087910283312"
"Part 1","Normal Ridge","2023-01-19",25,"0.34999999999999998","3.2406649484479901","3.049945286845186"
"Part 1","Normal Ridge","2023-01-19",25,"0.5","3.2406649484479901","3.1313523820742954"
"Part 1","Normal Ridge","2023-01-19",25,"0.65000000000000002","3.2406649484479901","3.2314309229713443"
"Part 1","Normal Ridge","2023-01-19",25,"0.80000000000000004","3.2406649484479901","3.343915677355314"
"Part 1","Normal Ridge","2023-01-19",25,"0.94999999999999996","3.2406649484479901","3.54806884260887"
"Part 1","Normal Ridge","2023-01-20",26,"0.050000000000000003","3.03191192892286","2.6067890745081721"
"Part 1","Normal Ridge","2023-01-20",26,"0.20000000000000001","3.03191192892286","2.8131106240439712"
"Part 1","Normal Ridge","2023-01-20",26,"0.34999999999999998","3.03191192892286","2.9252346988552054"
"Part 1","Normal Ridge","2023-01-20",26,"0.5","3.03191192892286","3.0191236711622631"
"Part 1","Normal Ridge","2023-01-20",26,"0.65000000000000002","3.03191192892286","3.1478389479999276"
"Part 1","Normal Ridge","2023-01-20",26,"0.80000000000000004","3.03191192892286","3.2779849759396953"
"Part 1","Normal Ridge","2023-01-20",26,"0.94999999999999996","3.03191192892286","3.4575994685108746"
"Part 1","Normal Ridge","2023-01-21",27,"0.050000000000000003","2.8691474946255902","2.2191775844354962"
"Part 1","Normal Ridge","2023-01-21",27,"0.20000000000000001","2.8691474946255902","2.4298247912162356"
"Part 1","Normal Ridge","2023-01-21",27,"0.34999999999999998","2.8691474946255902","2.5105207955206428"
"Part 1","Normal Ridge","2023-01-21",27,"0.5","2.8691474946255902","2.6022878665513778"
"Part 1","Normal Ridge","2023-01-21",27,"0.65000000000000002","2.8691474946255902","2.7206315714824316"
"Part 1","Normal Ridge","2023-01-21",27,"0.80000000000000004","2.8691474946255902","2.8208016891392838"
"Part 1","Normal Ridge","2023-01-21",27,"0.94999999999999996","2.8691474946255902","3.0068489796464828"
"Part 1","Normal Ridge","2023-01-22",28,"0.050000000000000003","2.7498195670252299","1.7261015976934908"
"Part 1","Normal Ridge","2023-01-22",28,"0.20000000000000001","2.7498195670252299","1.9321602942941714"
"Part 1","Normal Ridge","2023-01-22",28,"0.34999999999999998","2.7498195670252299","2.0440067707224379"
"Part 1","Normal Ridge","2023-01-22",28,"0.5","2.7498195670252299","2.1413901821182746"
"Part 1","Normal Ridge","2023-01-22",28,"0.65000000000000002","2.7498195670252299","2.2345290109797604"
"Part 1","Normal Ridge","2023-01-22",28,"0.80000000000000004","2.7498195670252299","2.3484465990796455"
"Part 1","Normal Ridge","2023-01-22",28,"0.94999999999999996","2.7498195670252299","2.5280193107736619"
"Part 1","Normal Ridge","2023-01-23",29,"0.050000000000000003","2.63887392632647","1.7780341588576365"
"Part 1","Normal Ridge","2023-01-23",29,"0.20000000000000001","2.63887392632647","1.9697557479267092"
"Part 1","Normal Ridge","2023-01-23",29,"0.34999999999999998","2.63887392632647","2.0847296591391471"
"Part 1","Normal Ridge","2023-01-23",29,"0.5","2.63887392632647","2.1757239569560141"
"Part 1","Normal Ridge","2023-01-23",29,"0.65000000000000002","2.63887392632647","2.2730977902715601"
"Part 1","Normal Ridge","2023-01-23",29,"0.80000000000000004","2.63887392632647","2.395771197934442"
"Part 1","Normal Ridge","2023-01-23",29,"0.94999999999999996","2.63887392632647","2.5866842459798951"
"Part 1","Normal Ridge","2023-01-24",30,"0.050000000000000003","2.5344827832565899","1.6844558817774562"
"Part 1","Normal Ridge","2023-01-24",30,"0.20000000000000001","2.5344827832565899","1.8937597864019313"
"Part 1","Normal Ridge","2023-01-24",30,"0.34999999999999998","2.5344827832565899","1.9993706529309323"
"Part 1","Normal Ridge","2023-01-24",30,"0.5","2.5344827832565899","2.0986542621111468"
"Part 1","Normal Ridge","2023-01-24",30,"0.65000000000000002","2.5344827832565899","2.1927510538872408"
"Part 1","Normal Ridge","2023-01-24",30,"0.80000000000000004","2.5344827832565899","2.2834843262012576"
"Part 1","Normal Ridge","2023-01-24",30,"0.94999999999999996","2.5344827832565899","2.4355063989887524"
"Part 1","Normal RHS/VB","2022-12-26",1,"0.050000000000000003","0.56468377475649301","0.3414638851659012"
"Part 1","Normal RHS/VB","2022-12-26",1,"0.20000000000000001","0.56468377475649301","0.53012055611777409"
"Part 1","Normal RHS/VB","2022-12-26",1,"0.34999999999999998","0.56468377475649301","0.62341096872222468"
"Part 1","Normal RHS/VB","2022-12-26",1,"0.5","0.56468377475649301","0.70839967393164982"
"Part 1","Normal RHS/VB","2022-12-26",1,"0.65000000000000002","0.56468377475649301","0.79770946213566685"
"Part 1","Normal RHS/VB","2022-12-26",1,"0.80000000000000004","0.56468377475649301","0.91786984479607325"
"Part 1","Normal RHS/VB","2022-12-26",1,"0.94999999999999996","0.56468377475649301","1.094194723579835"
"Part 1","Normal RHS/VB","2022-12-27",2,"0.050000000000000003","3.1514663625841299","1.3107677142853897"
"Part 1","Normal RHS/VB","2022-12-27",2,"0.20000000000000001","3.1514663625841299","1.5336040188502373"
"Part 1","Normal RHS/VB","2022-12-27",2,"0.34999999999999998","3.1514663625841299","1.6302823082043587"
"Part 1","Normal RHS/VB","2022-12-27",2,"0.5","3.1514663625841299","1.7206343285288404"
"Part 1","Normal RHS/VB","2022-12-27",2,"0.65000000000000002","3.1514663625841299","1.8039818702019743"
"Part 1","Normal RHS/VB","2022-12-27",2,"0.80000000000000004","3.1514663625841299","1.9117985958357948"
"Part 1","Normal RHS/VB","2022-12-27",2,"0.94999999999999996","3.1514663625841299","2.1125358486092551"
"Part 1","Normal RHS/VB","2022-12-28",3,"0.050000000000000003","2.2266236264942898","1.7932346921792641"
"Part 1","Normal RHS/VB","2022-12-28",3,"0.20000000000000001","2.2266236264942898","1.9894763503914106"
"Part 1","Normal RHS/VB","2022-12-28",3,"0.34999999999999998","2.2266236264942898","2.1049015681171865"
"Part 1","Normal RHS/VB","2022-12-28",3,"0.5","2.2266236264942898","2.2016033793506513"
"Part 1","Normal RHS/VB","2022-12-28",3,"0.65000000000000002","2.2266236264942898","2.3015656540728049"
"Part 1","Normal RHS/VB","2022-12-28",3,"0.80000000000000004","2.2266236264942898","2.4163899076714053"
"Part 1","Normal RHS/VB","2022-12-28",3,"0.94999999999999996","2.2266236264942898","2.5794898537818858"
"Part 1","Normal RHS/VB","2022-12-29",4,"0.050000000000000003","1.7553629240913999","1.2133376982778892"
"Part 1","Normal RHS/VB","2022-12-29",4,"0.20000000000000001","1.7553629240913999","1.4197381763932408"
"Part 1","Normal RHS/VB","2022-12-29",4,"0.34999999999999998","1.7553629240913999","1.5233733805612215"
"Part 1","Normal RHS/VB","2022-12-29",4,"0.5","1.7553629240913999","1.614053867608364"
"Part 1","Normal RHS/VB","2022-12-29",4,"0.65000000000000002","1.7553629240913999","1.7105893400841665"
"Part 1","Normal RHS/VB","2022-12-29",4,"0.80000000000000004","1.7553629240913999","1.8176506860531816"
"Part 1","Normal RHS/VB","2022-12-29",4,"0.94999999999999996","1.7553629240913999","2.0104802280731597"
"Part 1","Normal RHS/VB","2022-12-30",5,"0.050000000000000003","2.7443730754966502","1.8276748951428901"
"Part 1","Normal RHS/VB","2022-12-30",5,"0.20000000000000001","2.7443730754966502","2.0231583563746027"
"Part 1","Normal RHS/VB","2022-12-30",5,"0.34999999999999998","2.7443730754966502","2.1544088661010363"
"Part 1","Normal RHS/VB","2022-12-30",5,"0.5","2.7443730754966502","2.2474711166818979"
"Part 1","Normal RHS/VB","2022-12-30",5,"0.65000000000000002","2.7443730754966502","2.3411699864430187"
"Part 1","Normal RHS/VB","2022-12-30",5,"0.80000000000000004","2.7443730754966502","2.4547410280866897"
"Part 1","Normal RHS/VB","2022-12-30",5,"0.94999999999999996","2.7443730754966502","2.699277594321015"
"Part 1","Normal RHS/VB","2022-12-31",6,"0.050000000000000003","5.2298164117073904","2.740247342787125"
"Part 1","Normal RHS/VB","2022-12-31",6,"0.20000000000000001","5.2298164117073904","2.9667298757379941"
"Part 1","Normal RHS/VB","2022-12-31",6,"0.34999999999999998","5.2298164117073904","3.0683620658811543"
"Part 1","Normal RHS/VB","2022-12-31",6,"0.5","5.2298164117073904","3.1626793875961816"
"Part 1","Normal RHS/VB","2022-12-31",6,"0.65000000000000002","5.2298164117073904","3.2679364955915027"
"Part 1","Normal RHS/VB","2022-12-31",6,"0.80000000000000004","5.2298164117073904","3.3705103402267982"
"Part 1","Normal RHS/VB","2022-12-31",6,"0.94999999999999996","5.2298164117073904","3.5654848305552784"
"Part 1","Normal RHS/VB","2023-01-01",7,"0.050000000000000003","3.8167767051474799","3.6173614042352389"
"Part 1","Normal RHS/VB","2023-01-01",7,"0.20000000000000001","3.8167767051474799","3.789090827035519"
"Part 1","Normal RHS/VB","2023-01-01",7,"0.34999999999999998","3.8167767051474799","3.8941769925849905"
"Part 1","Normal RHS/VB","2023-01-01",7,"0.5","3.8167767051474799","3.9877867641964682"
"Part 1","Normal RHS/VB","2023-01-01",7,"0.65000000000000002","3.8167767051474799","4.0710186837560887"
"Part 1","Normal RHS/VB","2023-01-01",7,"0.80000000000000004","3.8167767051474799","4.2001486937677628"
"Part 1","Normal RHS/VB","2023-01-01",7,"0.94999999999999996","3.8167767051474799","4.4040231922706683"
"Part 1","Normal RHS/VB","2023-01-02",8,"0.050000000000000003","2.9800661357327498","2.2535945089378249"
"Part 1","Normal RHS/VB","2023-01-02",8,"0.20000000000000001","2.9800661357327498","2.4348805566336527"
"Part 1","Normal RHS/VB","2023-01-02",8,"0.34999999999999998","2.9800661357327498","2.5604766331320894"
"Part 1","Normal RHS/VB","2023-01-02",8,"0.5","2.9800661357327498","2.6594008996651701"
"Part 1","Normal RHS/VB","2023-01-02",8,"0.65000000000000002","2.9800661357327498","2.7585064906838399"
"Part 1","Normal RHS/VB","2023-01-02",8,"0.80000000000000004","2.9800661357327498","2.8681577876458242"
"Part 1","Normal RHS/VB","2023-01-02",8,"0.94999999999999996","2.9800661357327498","3.0701081113561295"
"Part 1","Normal RHS/VB","2023-01-03",9,"0.050000000000000003","2.7906187723409999","2.1590606510806438"
"Part 1","Normal RHS/VB","2023-01-03",9,"0.20000000000000001","2.7906187723409999","2.39184182731552"
"Part 1","Normal RHS/VB","2023-01-03",9,"0.34999999999999998","2.7906187723409999","2.512294046533011"
"Part 1","Normal RHS/VB","2023-01-03",9,"0.5","2.7906187723409999","2.6084679144360639"
"Part 1","Normal RHS/VB","2023-01-03",9,"0.65000000000000002","2.7906187723409999","2.7106064542224071"
"Part 1","Normal RHS/VB","2023-01-03",9,"0.80000000000000004","2.7906187723409999","2.8173383550841953"
"Part 1","Normal RHS/VB","2023-01-03",9,"0.94999999999999996","2.7906187723409999","3.0157042845830029"
"Part 1","Normal RHS/VB","2023-01-04",10,"0.050000000000000003","3.4253268741041198","2.0347334503107772"
"Part 1","Normal RHS/VB","2023-01-04",10,"0.20000000000000001","3.4253268741041198","2.2209330391102298"
"Part 1","Normal RHS/VB","2023-01-04",10,"0.34999999999999998","3.4253268741041198","2.3241793300672366"
"Part 1","Normal RHS/VB","2023-01-04",10,"0.5","3.4253268741041198","2.4193117385842324"
"Part 1","Normal RHS/VB","2023-01-04",10,"0.65000000000000002","3.4253268741041198","2.5003068004966167"
"Part 1","Normal RHS/VB","2023-01-04",10,"0.80000000000000004","3.4253268741041198","2.6052268283944096"
"Part 1","Normal RHS/VB","2023-01-04",10,"0.94999999999999996","3.4253268741041198","2.8059405539272078"
"Part 1","Normal RHS/VB","2023-01-05",11,"0.050000000000000003","4.2538561917311197","2.846309821606047"
"Part 1","Normal RHS/VB","2023-01-05",11,"0.20000000000000001","4.2538561917311197","3.0521816651901617"
"Part 1","Normal RHS/VB","2023-01-05",11,"0.34999999999999998","4.2538561917311197","3.1789402621923841"
"Part 1","Normal RHS/VB","2023-01-05",11,"0.5","4.2538561917311197","3.267317962486104"
"Part 1","Normal RHS/VB","2023-01-05",11,"0.65000000000000002","4.2538561917311197","3.3693847875158336"
"Part 1","Normal RHS/VB","2023-01-05",11,"0.80000000000000004","4.2538561917311197","3.4787510994550486"
"Part 1","Normal RHS/VB","2023-01-05",11,"0.94999999999999996","4.2538561917311197","3.6717239700534163"
"Part 1","Normal RHS/VB","2023-01-06",12,"0.050000000000000003","3.3877748703163699","2.5576476875634948"
"Part 1","Normal RHS/VB","2023-01-06",12,"0.20000000000000001","3.3877748703163699","2.7640592462299374"
"Part 1","Normal RHS/VB","2023-01-06",12,"0.34999999999999998","3.3877748703163699","2.8814805510255184"
"Part 1","Normal RHS/VB","2023-01-06",12,"0.5","3.3877748703163699","2.968573138935958"
"Part 1","Normal RHS/VB","2023-01-06",12,"0.65000000000000002","3.3877748703163699","3.0657483477629937"
"Part 1","Normal RHS/VB","2023-01-06",12,"0.80000000000000004","3.3877748703163699","3.17933557102138"
"Part 1","Normal RHS/VB","2023-01-06",12,"0.94999999999999996","3.3877748703163699","3.3647960656463969"
"Part 1","Normal RHS/VB","2023-01-07",13,"0.050000000000000003","3.0468210981970301","2.1771747510609085"
"Part 1","Normal RHS/VB","2023-01-07",13,"0.20000000000000001","3.0468210981970301","2.4273124998073619"
"Part 1","Normal RHS/VB","2023-01-07",13,"0.34999999999999998","3.0468210981970301","2.5468999074396095"
"Part 1","Normal RHS/VB","2023-01-07",13,"0.5","3.0468210981970301","2.6417284025798646"
"Part 1","Normal RHS/VB","2023-01-07",13,"0.65000000000000002","3.0468210981970301","2.7253381508294421"
"Part 1","Normal RHS/VB","2023-01-07",13,"0.80000000000000004","3.0468210981970301","2.8345483912122877"
"Part 1","Normal RHS/VB","2023-01-07",13,"0.94999999999999996","3.0468210981970301","3.0226752733982045"
"Part 1","Normal RHS/VB","2023-01-08",14,"0.050000000000000003","4.0491819932109401","2.7412029165867327"
"Part 1","Normal RHS/VB","2023-01-08",14,"0.20000000000000001","4.0491819932109401","2.9472301318580332"
"Part 1","Normal RHS/VB","2023-01-08",14,"0.34999999999999998","4.0491819932109401","3.0493725552795548"
"Part 1","Normal RHS/VB","2023-01-08",14,"0.5","4.0491819932109401","3.1495574322010174"
"Part 1","Normal RHS/VB","2023-01-08",14,"0.65000000000000002","4.0491819932109401","3.250551318493871"
"Part 1","Normal RHS/VB","2023-01-08",14,"0.80000000000000004","4.0491819932109401","3.3652308513947924"
"Part 1","Normal RHS/VB","2023-01-08",14,"0.94999999999999996","4.0491819932109401","3.5672725912224186"
"Part 1","Normal RHS/VB","2023-01-09",15,"0.050000000000000003","5.3643837104354404","3.5344942710162894"
"Part 1","Normal RHS/VB","2023-01-09",15,"0.20000000000000001","5.3643837104354404","3.761178969051937"
"Part 1","Normal RHS/VB","2023-01-09",15,"0.34999999999999998","5.3643837104354404","3.848883783171436"
"Part 1","Normal RHS/VB","2023-01-09",15,"0.5","5.3643837104354404","3.9429475670992291"
"Part 1","Normal RHS/VB","2023-01-09",15,"0.65000000000000002","5.3643837104354404","4.0495682574144496"
"Part 1","Normal RHS/VB","2023-01-09",15,"0.80000000000000004","5.3643837104354404","4.1631195317071858"
"Part 1","Normal RHS/VB","2023-01-09",15,"0.94999999999999996","5.3643837104354404","4.3683782446502057"
"Part 1","Normal RHS/VB","2023-01-10",16,"0.050000000000000003","4.0879218550918797","3.3190667390703377"
"Part 1","Normal RHS/VB","2023-01-10",16,"0.20000000000000001","4.0879218550918797","3.5033955158970627"
"Part 1","Normal RHS/VB","2023-01-10",16,"0.34999999999999998","4.0879218550918797","3.6173558004999222"
"Part 1","Normal RHS/VB","2023-01-10",16,"0.5","4.0879218550918797","3.7149380678667381"
"Part 1","Normal RHS/VB","2023-01-10",16,"0.65000000000000002","4.0879218550918797","3.7918925928516796"
"Part 1","Normal RHS/VB","2023-01-10",16,"0.80000000000000004","4.0879218550918797","3.907128280071877"
"Part 1","Normal RHS/VB","2023-01-10",16,"0.94999999999999996","4.0879218550918797","4.0972271186215883"
"Part 1","Normal RHS/VB","2023-01-11",17,"0.050000000000000003","3.9985463313635701","3.0409871360317178"
"Part 1","Normal RHS/VB","2023-01-11",17,"0.20000000000000001","3.9985463313635701","3.2297573570214215"
"Part 1","Normal RHS/VB","2023-01-11",17,"0.34999999999999998","3.9985463313635701","3.3269342628004166"
"Part 1","Normal RHS/VB","2023-01-11",17,"0.5","3.9985463313635701","3.4483944330465488"
"Part 1","Normal RHS/VB","2023-01-11",17,"0.65000000000000002","3.9985463313635701","3.5507031897196972"
"Part 1","Normal RHS/VB","2023-01-11",17,"0.80000000000000004","3.9985463313635701","3.6700932761668312"
"Part 1","Normal RHS/VB","2023-01-11",17,"0.94999999999999996","3.9985463313635701","3.8827225918606301"
"Part 1","Normal RHS/VB","2023-01-12",18,"0.050000000000000003","3.8772065627189898","3.0962961985065505"
"Part 1","Normal RHS/VB","2023-01-12",18,"0.20000000000000001","3.8772065627189898","3.2531569909935447"
"Part 1","Normal RHS/VB","2023-01-12",18,"0.34999999999999998","3.8772065627189898","3.3661118539881998"
"Part 1","Normal RHS/VB","2023-01-12",18,"0.5","3.8772065627189898","3.47764204783511"
"Part 1","Normal RHS/VB","2023-01-12",18,"0.65000000000000002","3.8772065627189898","3.5580236453588325"
"Part 1","Normal RHS/VB","2023-01-12",18,"0.80000000000000004","3.8772065627189898","3.6768793189371949"
"Part 1","Normal RHS/VB","2023-01-12",18,"0.94999999999999996","3.8772065627189898","3.8723011791658615"
"Part 1","Normal RHS/VB","2023-01-13",19,"0.050000000000000003","3.9775516526665502","2.6166106444524728"
"Part 1","Normal RHS/VB","2023-01-13",19,"0.20000000000000001","3.9775516526665502","2.8328415857968197"
"Part 1","Normal RHS/VB","2023-01-13",19,"0.34999999999999998","3.9775516526665502","2.9384655010546834"
"Part 1","Normal RHS/VB","2023-01-13",19,"0.5","3.9775516526665502","3.0597199370671166"
"Part 1","Normal RHS/VB","2023-01-13",19,"0.65000000000000002","3.9775516526665502","3.1376559387343699"
"Part 1","Normal RHS/VB","2023-01-13",19,"0.80000000000000004","3.9775516526665502","3.2574248676400401"
"Part 1","Normal RHS/VB","2023-01-13",19,"0.94999999999999996","3.9775516526665502","3.4232704681895214"
"Part 1","Normal RHS/VB","2023-01-14",20,"0.050000000000000003","5.11080665260834","3.4150088977328652"
"Part 1","Normal RHS/VB","2023-01-14",20,"0.20000000000000001","5.11080665260834","3.6182458773827335"
"Part 1","Normal RHS/VB","2023-01-14",20,"0.34999999999999998","5.11080665260834","3.7518817918141059"
"Part 1","Normal RHS/VB","2023-01-14",20,"0.5","5.11080665260834","3.8535114735359888"
"Part 1","Normal RHS/VB","2023-01-14",20,"0.65000000000000002","5.11080665260834","3.9395668296479625"
"Part 1","Normal RHS/VB","2023-01-14",20,"0.80000000000000004","5.11080665260834","4.0524925567703676"
"Part 1","Normal RHS/VB","2023-01-14",20,"0.94999999999999996","5.11080665260834","4.2503460843342671"
"Part 1","Normal RHS/VB","2023-01-15",21,"0.050000000000000003","4.2457763669416497","3.6247543590670377"
"Part 1","Normal RHS/VB","2023-01-15",21,"0.20000000000000001","4.2457763669416497","3.8211531406019521"
"Part 1","Normal RHS/VB","2023-01-15",21,"0.34999999999999998","4.2457763669416497","3.9375318652802331"
"Part 1","Normal RHS/VB","2023-01-15",21,"0.5","4.2457763669416497","4.033433146126046"
"Part 1","Normal RHS/VB","2023-01-15",21,"0.65000000000000002","4.2457763669416497","4.1294102081980606"
"Part 1","Normal RHS/VB","2023-01-15",21,"0.80000000000000004","4.2457763669416497","4.2324280752724031"
"Part 1","Normal RHS/VB","2023-01-15",21,"0.94999999999999996","4.2457763669416497","4.4471691303478798"
"Part 1","Normal RHS/VB","2023-01-16",22,"0.050000000000000003","4.4668641404166696","3.7707025262275717"
"Part 1","Normal RHS/VB","2023-01-16",22,"0.20000000000000001","4.4668641404166696","3.9493911974870155"
"Part 1","Normal RHS/VB","2023-01-16",22,"0.34999999999999998","4.4668641404166696","4.0553350692852277"
"Part 1","Normal RHS/VB","2023-01-16",22,"0.5","4.4668641404166696","4.1572543586714694"
"Part 1","Normal RHS/VB","2023-01-16",22,"0.65000000000000002","4.4668641404166696","4.2550773241293367"
"Part 1","Normal RHS/VB","2023-01-16",22,"0.80000000000000004","4.4668641404166696","4.3729542783397282"
"Part 1","Normal RHS/VB","2023-01-16",22,"0.94999999999999996","4.4668641404166696","4.5664625364016862"
"Part 1","Normal RHS/VB","2023-01-17",23,"0.050000000000000003","3.8105279137394601","3.080612713152"
"Part 1","Normal RHS/VB","2023-01-17",23,"0.20000000000000001","3.8105279137394601","3.2558003790268257"
"Part 1","Normal RHS/VB","2023-01-17",23,"0.34999999999999998","3.8105279137394601","3.3600488413462664"
"Part 1","Normal RHS/VB","2023-01-17",23,"0.5","3.8105279137394601","3.4578186537081059"
"Part 1","Normal RHS/VB","2023-01-17",23,"0.65000000000000002","3.8105279137394601","3.5391505633064302"
"Part 1","Normal RHS/VB","2023-01-17",23,"0.80000000000000004","3.8105279137394601","3.6550423006813086"
"Part 1","Normal RHS/VB","2023-01-17",23,"0.94999999999999996","3.8105279137394601","3.8471530019957529"
"Part 1","Normal RHS/VB","2023-01-18",24,"0.050000000000000003","3.4344986026020599","2.8381969412638148"
"Part 1","Normal RHS/VB","2023-01-18",24,"0.20000000000000001","3.4344986026020599","3.0159256432593695"
"Part 1","Normal RHS/VB","2023-01-18",24,"0.34999999999999998","3.4344986026020599","3.1410885845438048"
"Part 1","Normal RHS/VB","2023-01-18",24,"0.5","3.4344986026020599","3.2445443263393261"
"Part 1","Normal RHS/VB","2023-01-18",24,"0.65000000000000002","3.4344986026020599","3.3313314643372571"
"Part 1","Normal RHS/VB","2023-01-18",24,"0.80000000000000004","3.4344986026020599","3.4325406590889163"
"Part 1","Normal RHS/VB","2023-01-18",24,"0.94999999999999996","3.4344986026020599","3.6495174758215736"
"Part 1","Normal RHS/VB","2023-01-19",25,"0.050000000000000003","3.2406649484479901","2.7820346810303596"
"Part 1","Normal RHS/VB","2023-01-19",25,"0.20000000000000001","3.2406649484479901","2.9810438794312755"
"Part 1","Normal RHS/VB","2023-01-19",25,"0.34999999999999998","3.2406649484479901","3.0798798373565512"
"Part 1","Normal RHS/VB","2023-01-19",25,"0.5","3.2406649484479901","3.1583133850859291"
"Part 1","Normal RHS/VB","2023-01-19",25,"0.65000000000000002","3.2406649484479901","3.2616031272038519"
"Part 1","Normal RHS/VB","2023-01-19",25,"0.80000000000000004","3.2406649484479901","3.3679979543290077"
"Part 1","Normal RHS/VB","2023-01-19",25,"0.94999999999999996","3.2406649484479901","3.5769897195219404"
"Part 1","Normal RHS/VB","2023-01-20",26,"0.050000000000000003","3.03191192892286","2.6832395256253299"
"Part 1","Normal RHS/VB","2023-01-20",26,"0.20000000000000001","3.03191192892286","2.8891626948632885"
"Part 1","Normal RHS/VB","2023-01-20",26,"0.34999999999999998","3.03191192892286","2.9978926391333527"
"Part 1","Normal RHS/VB","2023-01-20",26,"0.5","3.03191192892286","3.096550066481023"
"Part 1","Normal RHS/VB","2023-01-20",26,"0.65000000000000002","3.03191192892286","3.2222270215222535"
"Part 1","Normal RHS/VB","2023-01-20",26,"0.80000000000000004","3.03191192892286","3.3438178929024396"
"Part 1","Normal RHS/VB","2023-01-20",26,"0.94999999999999996","3.03191192892286","3.5323406595444737"
"Part 1","Normal RHS/VB","2023-01-21",27,"0.050000000000000003","2.8691474946255902","2.2877783554524731"
"Part 1","Normal RHS/VB","2023-01-21",27,"0.20000000000000001","2.8691474946255902","2.4722028268413743"
"Part 1","Normal RHS/VB","2023-01-21",27,"0.34999999999999998","2.8691474946255902","2.5758405970935883"
"Part 1","Normal RHS/VB","2023-01-21",27,"0.5","2.8691474946255902","2.6673016490935719"
"Part 1","Normal RHS/VB","2023-01-21",27,"0.65000000000000002","2.8691474946255902","2.7736963502305612"
"Part 1","Normal RHS/VB","2023-01-21",27,"0.80000000000000004","2.8691474946255902","2.8830916056135028"
"Part 1","Normal RHS/VB","2023-01-21",27,"0.94999999999999996","2.8691474946255902","3.0627870417547607"
"Part 1","Normal RHS/VB","2023-01-22",28,"0.050000000000000003","2.7498195670252299","1.7812819941324234"
"Part 1","Normal RHS/VB","2023-01-22",28,"0.20000000000000001","2.7498195670252299","2.0027474653911614"
"Part 1","Normal RHS/VB","2023-01-22",28,"0.34999999999999998","2.7498195670252299","2.114994777687214"
"Part 1","Normal RHS/VB","2023-01-22",28,"0.5","2.7498195670252299","2.2133302919897799"
"Part 1","Normal RHS/VB","2023-01-22",28,"0.65000000000000002","2.7498195670252299","2.3079474299054441"
"Part 1","Normal RHS/VB","2023-01-22",28,"0.80000000000000004","2.7498195670252299","2.4246460320639862"
"Part 1","Normal RHS/VB","2023-01-22",28,"0.94999999999999996","2.7498195670252299","2.6135903660415298"
"Part 1","Normal RHS/VB","2023-01-23",29,"0.050000000000000003","2.63887392632647","1.8747380344746847"
"Part 1","Normal RHS/VB","2023-01-23",29,"0.20000000000000001","2.63887392632647","2.063160237316283"
"Part 1","Normal RHS/VB","2023-01-23",29,"0.34999999999999998","2.63887392632647","2.180711675991319"
"Part 1","Normal RHS/VB","2023-01-23",29,"0.5","2.63887392632647","2.261456945849877"
"Part 1","Normal RHS/VB","2023-01-23",29,"0.65000000000000002","2.63887392632647","2.3705743584064525"
"Part 1","Normal RHS/VB","2023-01-23",29,"0.80000000000000004","2.63887392632647","2.4867506885967967"
"Part 1","Normal RHS/VB","2023-01-23",29,"0.94999999999999996","2.63887392632647","2.6877686424073706"
"Part 1","Normal RHS/VB","2023-01-24",30,"0.050000000000000003","2.5344827832565899","1.7677799231904268"
"Part 1","Normal RHS/VB","2023-01-24",30,"0.20000000000000001","2.5344827832565899","1.9691946086454244"
"Part 1","Normal RHS/VB","2023-01-24",30,"0.34999999999999998","2.5344827832565899","2.0811697545701597"
"Part 1","Normal RHS/VB","2023-01-24",30,"0.5","2.5344827832565899","2.1700679698268868"
"Part 1","Normal RHS/VB","2023-01-24",30,"0.65000000000000002","2.5344827832565899","2.2681633362814049"
"Part 1","Normal RHS/VB","2023-01-24",30,"0.80000000000000004","2.5344827832565899","2.3658258466859903"
"Part 1","Normal RHS/VB","2023-01-24",30,"0.94999999999999996","2.5344827832565899","2.5143499374386469"
"Part 1","Independent AL","2022-12-26",1,"0.050000000000000003","0.56468377475649301","0.59482777266905196"
"Part 1","Independent AL","2022-12-26",1,"0.20000000000000001","0.56468377475649301","0.58131269833501598"
"Part 1","Independent AL","2022-12-26",1,"0.34999999999999998","0.56468377475649301","0.62973380135697099"
"Part 1","Independent AL","2022-12-26",1,"0.5","0.56468377475649301","0.67503594395329902"
"Part 1","Independent AL","2022-12-26",1,"0.65000000000000002","0.56468377475649301","0.72603336560019505"
"Part 1","Independent AL","2022-12-26",1,"0.80000000000000004","0.56468377475649301","0.84662947700358304"
"Part 1","Independent AL","2022-12-26",1,"0.94999999999999996","0.56468377475649301","0.94011003880800903"
"Part 1","Independent AL","2022-12-27",2,"0.050000000000000003","3.1514663625841299","0.86853754803139605"
"Part 1","Independent AL","2022-12-27",2,"0.20000000000000001","3.1514663625841299","0.97587967520865004"
"Part 1","Independent AL","2022-12-27",2,"0.34999999999999998","3.1514663625841299","1.11632442419074"
"Part 1","Independent AL","2022-12-27",2,"0.5","3.1514663625841299","1.27495695618168"
"Part 1","Independent AL","2022-12-27",2,"0.65000000000000002","3.1514663625841299","1.4871344526643699"
"Part 1","Independent AL","2022-12-27",2,"0.80000000000000004","3.1514663625841299","1.8276120257036901"
"Part 1","Independent AL","2022-12-27",2,"0.94999999999999996","3.1514663625841299","2.3643253121346901"
"Part 1","Independent AL","2022-12-28",3,"0.050000000000000003","2.2266236264942898","1.16530940882893"
"Part 1","Independent AL","2022-12-28",3,"0.20000000000000001","2.2266236264942898","1.3351347166244101"
"Part 1","Independent AL","2022-12-28",3,"0.34999999999999998","2.2266236264942898","1.5389758637879101"
"Part 1","Independent AL","2022-12-28",3,"0.5","2.2266236264942898","1.7808352839072199"
"Part 1","Independent AL","2022-12-28",3,"0.65000000000000002","2.2266236264942898","2.0878229442774501"
"Part 1","Independent AL","2022-12-28",3,"0.80000000000000004","2.2266236264942898","2.4100284842964999"
"Part 1","Independent AL","2022-12-28",3,"0.94999999999999996","2.2266236264942898","2.7060064902965699"
"Part 1","Independent AL","2022-12-29",4,"0.050000000000000003","1.7553629240913999","1.0869755216431201"
"Part 1","Independent AL","2022-12-29",4,"0.20000000000000001","1.7553629240913999","1.2296174930916399"
"Part 1","Independent AL","2022-12-29",4,"0.34999999999999998","1.7553629240913999","1.3790888711709901"
"Part 1","Independent AL","2022-12-29",4,"0.5","1.7553629240913999","1.5160514283348201"
"Part 1","Independent AL","2022-12-29",4,"0.65000000000000002","1.7553629240913999","1.7139293490343801"
"Part 1","Independent AL","2022-12-29",4,"0.80000000000000004","1.7553629240913999","1.9529088746550001"
"Part 1","Independent AL","2022-12-29",4,"0.94999999999999996","1.7553629240913999","2.2399839984045999"
"Part 1","Independent AL","2022-12-30",5,"0.050000000000000003","2.7443730754966502","1.30115505651452"
"Part 1","Independent AL","2022-12-30",5,"0.20000000000000001","2.7443730754966502","1.5382640734406801"
"Part 1","Independent AL","2022-12-30",5,"0.34999999999999998","2.7443730754966502","1.7340539328548601"
"Part 1","Independent AL","2022-12-30",5,"0.5","2.7443730754966502","1.9299609611464199"
"Part 1","Independent AL","2022-12-30",5,"0.65000000000000002","2.7443730754966502","2.1615256151082001"
"Part 1","Independent AL","2022-12-30",5,"0.80000000000000004","2.7443730754966502","2.4575352866859399"
"Part 1","Independent AL","2022-12-30",5,"0.94999999999999996","2.7443730754966502","2.7418517982806998"
"Part 1","Independent AL","2022-12-31",6,"0.050000000000000003","5.2298164117073904","1.7499926029891499"
"Part 1","Independent AL","2022-12-31",6,"0.20000000000000001","5.2298164117073904","1.9809304083669399"
"Part 1","Independent AL","2022-12-31",6,"0.34999999999999998","5.2298164117073904","2.2667905658357399"
"Part 1","Independent AL","2022-12-31",6,"0.5","5.2298164117073904","2.5695477899470598"
"Part 1","Independent AL","2022-12-31",6,"0.65000000000000002","5.2298164117073904","2.9407141740105298"
"Part 1","Independent AL","2022-12-31",6,"0.80000000000000004","5.2298164117073904","3.3890620041091299"
"Part 1","Independent AL","2022-12-31",6,"0.94999999999999996","5.2298164117073904","3.9693711094314201"
"Part 1","Independent AL","2023-01-01",7,"0.050000000000000003","3.8167767051474799","1.9785495283060099"
"Part 1","Independent AL","2023-01-01",7,"0.20000000000000001","3.8167767051474799","2.34371528483859"
"Part 1","Independent AL","2023-01-01",7,"0.34999999999999998","3.8167767051474799","2.8198958218146402"
"Part 1","Independent AL","2023-01-01",7,"0.5","3.8167767051474799","3.1956281558001001"
"Part 1","Independent AL","2023-01-01",7,"0.65000000000000002","3.8167767051474799","3.6332640945470298"
"Part 1","Independent AL","2023-01-01",7,"0.80000000000000004","3.8167767051474799","4.1572266549071397"
"Part 1","Independent AL","2023-01-01",7,"0.94999999999999996","3.8167767051474799","4.8918952881067304"
"Part 1","Independent AL","2023-01-02",8,"0.050000000000000003","2.9800661357327498","1.8381889920821199"
"Part 1","Independent AL","2023-01-02",8,"0.20000000000000001","2.9800661357327498","2.1266956542394002"
"Part 1","Independent AL","2023-01-02",8,"0.34999999999999998","2.9800661357327498","2.4230115254793598"
"Part 1","Independent AL","2023-01-02",8,"0.5","2.9800661357327498","2.5610606392633"
"Part 1","Independent AL","2023-01-02",8,"0.65000000000000002","2.9800661357327498","2.7979682689357901"
"Part 1","Independent AL","2023-01-02",8,"0.80000000000000004","2.9800661357327498","3.0266664271255399"
"Part 1","Independent AL","2023-01-02",8,"0.94999999999999996","2.9800661357327498","3.2559735896340798"
"Part 1","Independent AL","2023-01-03",9,"0.050000000000000003","2.7906187723409999","1.75963148128614"
"Part 1","Independent AL","2023-01-03",9,"0.20000000000000001","2.7906187723409999","2.0386529794617698"
"Part 1","Independent AL","2023-01-03",9,"0.34999999999999998","2.7906187723409999","2.3112144471589802"
"Part 1","Independent AL","2023-01-03",9,"0.5","2.7906187723409999","2.40962435939639"
"Part 1","Independent AL","2023-01-03",9,"0.65000000000000002","2.7906187723409999","2.62499507542078"
"Part 1","Independent AL","2023-01-03",9,"0.80000000000000004","2.7906187723409999","2.8920896205729099"
"Part 1","Independent AL","2023-01-03",9,"0.94999999999999996","2.7906187723409999","3.2638045086246499"
"Part 1","Independent AL","2023-01-04",10,"0.050000000000000003","3.4253268741041198","1.82487007766807"
"Part 1","Independent AL","2023-01-04",10,"0.20000000000000001","3.4253268741041198","2.0395593955348001"
"Part 1","Independent AL","2023-01-04",10,"0.34999999999999998","3.4253268741041198","2.2729606143324399"
"Part 1","Independent AL","2023-01-04",10,"0.5","3.4253268741041198","2.3301821884576799"
"Part 1","Independent AL","2023-01-04",10,"0.65000000000000002","3.4253268741041198","2.4727925560877"
"Part 1","Independent AL","2023-01-04",10,"0.80000000000000004","3.4253268741041198","2.6220052315813001"
"Part 1","Independent AL","2023-01-04",10,"0.94999999999999996","3.4253268741041198","3.02259859980113"
"Part 1","Independent AL","2023-01-05",11,"0.050000000000000003","4.2538561917311197","1.94204883533985"
"Part 1","Independent AL","2023-01-05",11,"0.20000000000000001","4.2538561917311197","2.1806435812561902"
"Part 1","Independent AL","2023-01-05",11,"0.34999999999999998","4.2538561917311197","2.5010021760615402"
"Part 1","Independent AL","2023-01-05",11,"0.5","4.2538561917311197","2.7935377242119199"
"Part 1","Independent AL","2023-01-05",11,"0.65000000000000002","4.2538561917311197","3.0848913231394501"
"Part 1","Independent AL","2023-01-05",11,"0.80000000000000004","4.2538561917311197","3.46214556287913"
"Part 1","Independent AL","2023-01-05",11,"0.94999999999999996","4.2538561917311197","4.1747353751006004"
"Part 1","Independent AL","2023-01-06",12,"0.050000000000000003","3.3877748703163699","1.9190907908410799"
"Part 1","Independent AL","2023-01-06",12,"0.20000000000000001","3.3877748703163699","2.1827747796971502"
"Part 1","Independent AL","2023-01-06",12,"0.34999999999999998","3.3877748703163699","2.4923330333016001"
"Part 1","Independent AL","2023-01-06",12,"0.5","3.3877748703163699","2.7628269970135602"
"Part 1","Independent AL","2023-01-06",12,"0.65000000000000002","3.3877748703163699","3.0228810490287499"
"Part 1","Independent AL","2023-01-06",12,"0.80000000000000004","3.3877748703163699","3.26119350847594"
"Part 1","Independent AL","2023-01-06",12,"0.94999999999999996","3.3877748703163699","3.6824350298922601"
"Part 1","Independent AL","2023-01-07",13,"0.050000000000000003","3.0468210981970301","1.9006131973379301"
"Part 1","Independent AL","2023-01-07",13,"0.20000000000000001","3.0468210981970301","2.1166628721315401"
"Part 1","Independent AL","2023-01-07",13,"0.34999999999999998","3.0468210981970301","2.33519860732136"
"Part 1","Independent AL","2023-01-07",13,"0.5","3.0468210981970301","2.52270734643756"
"Part 1","Independent AL","2023-01-07",13,"0.65000000000000002","3.0468210981970301","2.7642066684062399"
"Part 1","Independent AL","2023-01-07",13,"0.80000000000000004","3.0468210981970301","3.01869140526219"
"Part 1","Independent AL","2023-01-07",13,"0.94999999999999996","3.0468210981970301","3.35456112418722"
"Part 1","Independent AL","2023-01-08",14,"0.050000000000000003","4.0491819932109401","2.0062481685769402"
"Part 1","Independent AL","2023-01-08",14,"0.20000000000000001","4.0491819932109401","2.2043878197965299"
"Part 1","Independent AL","2023-01-08",14,"0.34999999999999998","4.0491819932109401","2.4950238408602399"
"Part 1","Independent AL","2023-01-08",14,"0.5","4.0491819932109401","2.72748601670677"
"Part 1","Independent AL","2023-01-08",14,"0.65000000000000002","4.0491819932109401","3.0215073455458601"
"Part 1","Independent AL","2023-01-08",14,"0.80000000000000004","4.0491819932109401","3.3973137893245"
"Part 1","Independent AL","2023-01-08",14,"0.94999999999999996","4.0491819932109401","3.9119910113393899"
"Part 1","Independent AL","2023-01-09",15,"0.050000000000000003","5.3643837104354404","2.3300634845737198"
"Part 1","Independent AL","2023-01-09",15,"0.20000000000000001","5.3643837104354404","2.66924191563972"
"Part 1","Independent AL","2023-01-09",15,"0.34999999999999998","5.3643837104354404","3.03728411015646"
"Part 1","Independent AL","2023-01-09",15,"0.5","5.3643837104354404","3.3559234635080402"
"Part 1","Independent AL","2023-01-09",15,"0.65000000000000002","5.3643837104354404","3.7529062185957098"
"Part 1","Independent AL","2023-01-09",15,"0.80000000000000004","5.3643837104354404","4.1995620505718803"
"Part 1","Independent AL","2023-01-09",15,"0.94999999999999996","5.3643837104354404","4.8524396275282902"
"Part 1","Independent AL","2023-01-10",16,"0.050000000000000003","4.0879218550918797","2.36233371619829"
"Part 1","Independent AL","2023-01-10",16,"0.20000000000000001","4.0879218550918797","2.7656921234448402"
"Part 1","Independent AL","2023-01-10",16,"0.34999999999999998","4.0879218550918797","3.1063335236693299"
"Part 1","Independent AL","2023-01-10",16,"0.5","4.0879218550918797","3.4110615104391702"
"Part 1","Independent AL","2023-01-10",16,"0.65000000000000002","4.0879218550918797","3.7388338820785001"
"Part 1","Independent AL","2023-01-10",16,"0.80000000000000004","4.0879218550918797","4.1057157565437796"
"Part 1","Independent AL","2023-01-10",16,"0.94999999999999996","4.0879218550918797","4.4339591753658301"
"Part 1","Independent AL","2023-01-11",17,"0.050000000000000003","3.9985463313635701","2.2964007026314102"
"Part 1","Independent AL","2023-01-11",17,"0.20000000000000001","3.9985463313635701","2.7223573539100698"
"Part 1","Independent AL","2023-01-11",17,"0.34999999999999998","3.9985463313635701","3.0080173573401598"
"Part 1","Independent AL","2023-01-11",17,"0.5","3.9985463313635701","3.2492886495923399"
"Part 1","Independent AL","2023-01-11",17,"0.65000000000000002","3.9985463313635701","3.5440000328038002"
"Part 1","Independent AL","2023-01-11",17,"0.80000000000000004","3.9985463313635701","3.8729104320309702"
"Part 1","Independent AL","2023-01-11",17,"0.94999999999999996","3.9985463313635701","4.1911070556421199"
"Part 1","Independent AL","2023-01-12",18,"0.050000000000000003","3.8772065627189898","2.39678754267117"
"Part 1","Independent AL","2023-01-12",18,"0.20000000000000001","3.8772065627189898","2.74896643778261"
"Part 1","Independent AL","2023-01-12",18,"0.34999999999999998","3.8772065627189898","3.0309211342485902"
"Part 1","Independent AL","2023-01-12",18,"0.5","3.8772065627189898","3.2148814321699701"
"Part 1","Independent AL","2023-01-12",18,"0.65000000000000002","3.8772065627189898","3.4903302531560199"
"Part 1","Independent AL","2023-01-12",18,"0.80000000000000004","3.8772065627189898","3.7885820051741699"
"Part 1","Independent AL","2023-01-12",18,"0.94999999999999996","3.8772065627189898","4.2102392056857303"
"Part 1","Independent AL","2023-01-13",19,"0.050000000000000003","3.9775516526665502","2.2534952842665699"
"Part 1","Independent AL","2023-01-13",19,"0.20000000000000001","3.9775516526665502","2.60246424782276"
"Part 1","Independent AL","2023-01-13",19,"0.34999999999999998","3.9775516526665502","2.8671796432040102"
"Part 1","Independent AL","2023-01-13",19,"0.5","3.9775516526665502","2.9797580467761802"
"Part 1","Independent AL","2023-01-13",19,"0.65000000000000002","3.9775516526665502","3.19478207300474"
"Part 1","Independent AL","2023-01-13",19,"0.80000000000000004","3.9775516526665502","3.3293197089079198"
"Part 1","Independent AL","2023-01-13",19,"0.94999999999999996","3.9775516526665502","3.5828533988118498"
"Part 1","Independent AL","2023-01-14",20,"0.050000000000000003","5.11080665260834","2.4123275315834101"
"Part 1","Independent AL","2023-01-14",20,"0.20000000000000001","5.11080665260834","2.76338353395963"
"Part 1","Independent AL","2023-01-14",20,"0.34999999999999998","5.11080665260834","3.1066713613355899"
"Part 1","Independent AL","2023-01-14",20,"0.5","5.11080665260834","3.3283327209909799"
"Part 1","Independent AL","2023-01-14",20,"0.65000000000000002","5.11080665260834","3.6273317351133199"
"Part 1","Independent AL","2023-01-14",20,"0.80000000000000004","5.11080665260834","3.9552591366939098"
"Part 1","Independent AL","2023-01-14",20,"0.94999999999999996","5.11080665260834","4.48019976710414"
"Part 1","Independent AL","2023-01-15",21,"0.050000000000000003","4.2457763669416497","2.6215608898716201"
"Part 1","Independent AL","2023-01-15",21,"0.20000000000000001","4.2457763669416497","2.9433348703817499"
"Part 1","Independent AL","2023-01-15",21,"0.34999999999999998","4.2457763669416497","3.3424554182399602"
"Part 1","Independent AL","2023-01-15",21,"0.5","4.2457763669416497","3.6576955356798302"
"Part 1","Independent AL","2023-01-15",21,"0.65000000000000002","4.2457763669416497","3.9732585839794901"
"Part 1","Independent AL","2023-01-15",21,"0.80000000000000004","4.2457763669416497","4.3725956352293203"
"Part 1","Independent AL","2023-01-15",21,"0.94999999999999996","4.2457763669416497","5.1270244112831804"
"Part 1","Independent AL","2023-01-16",22,"0.050000000000000003","4.4668641404166696","2.7863022506231099"
"Part 1","Independent AL","2023-01-16",22,"0.20000000000000001","4.4668641404166696","3.12205238811053"
"Part 1","Independent AL","2023-01-16",22,"0.34999999999999998","4.4668641404166696","3.5388375258083502"
"Part 1","Independent AL","2023-01-16",22,"0.5","4.4668641404166696","3.8121412305306399"
"Part 1","Independent AL","2023-01-16",22,"0.65000000000000002","4.4668641404166696","4.1306650865714598"
"Part 1","Independent AL","2023-01-16",22,"0.80000000000000004","4.4668641404166696","4.5391638709597704"
"Part 1","Independent AL","2023-01-16",22,"0.94999999999999996","4.4668641404166696","5.0385355659288598"
"Part 1","Independent AL","2023-01-17",23,"0.050000000000000003","3.8105279137394601","2.6051719599947698"
"Part 1","Independent AL","2023-01-17",23,"0.20000000000000001","3.8105279137394601","2.87404637313593"
"Part 1","Independent AL","2023-01-17",23,"0.34999999999999998","3.8105279137394601","3.1844047603799899"
"Part 1","Independent AL","2023-01-17",23,"0.5","3.8105279137394601","3.3445662242692702"
"Part 1","Independent AL","2023-01-17",23,"0.65000000000000002","3.8105279137394601","3.5702166036103402"
"Part 1","Independent AL","2023-01-17",23,"0.80000000000000004","3.8105279137394601","3.8141389013863298"
"Part 1","Independent AL","2023-01-17",23,"0.94999999999999996","3.8105279137394601","4.05899061436227"
"Part 1","Independent AL","2023-01-18",24,"0.050000000000000003","3.4344986026020599","2.50064234543111"
"Part 1","Independent AL","2023-01-18",24,"0.20000000000000001","3.4344986026020599","2.7153837961862499"
"Part 1","Independent AL","2023-01-18",24,"0.34999999999999998","3.4344986026020599","2.9288278394591001"
"Part 1","Independent AL","2023-01-18",24,"0.5","3.4344986026020599","3.08569300939382"
"Part 1","Independent AL","2023-01-18",24,"0.65000000000000002","3.4344986026020599","3.2593696510883801"
"Part 1","Independent AL","2023-01-18",24,"0.80000000000000004","3.4344986026020599","3.4973156991316801"
"Part 1","Independent AL","2023-01-18",24,"0.94999999999999996","3.4344986026020599","3.77740518563304"
"Part 1","Independent AL","2023-01-19",25,"0.050000000000000003","3.2406649484479901","2.4510937129736501"
"Part 1","Independent AL","2023-01-19",25,"0.20000000000000001","3.2406649484479901","2.7149367519431298"
"Part 1","Independent AL","2023-01-19",25,"0.34999999999999998","3.2406649484479901","2.93061286483535"
"Part 1","Independent AL","2023-01-19",25,"0.5","3.2406649484479901","3.0766929335069699"
"Part 1","Independent AL","2023-01-19",25,"0.65000000000000002","3.2406649484479901","3.20579818511764"
"Part 1","Independent AL","2023-01-19",25,"0.80000000000000004","3.2406649484479901","3.4600610091689301"
"Part 1","Independent AL","2023-01-19",25,"0.94999999999999996","3.2406649484479901","3.7752165725965399"
"Part 1","Independent AL","2023-01-20",26,"0.050000000000000003","3.03191192892286","2.45846107413128"
"Part 1","Independent AL","2023-01-20",26,"0.20000000000000001","3.03191192892286","2.6465919295512701"
"Part 1","Independent AL","2023-01-20",26,"0.34999999999999998","3.03191192892286","2.8377056936771199"
"Part 1","Independent AL","2023-01-20",26,"0.5","3.03191192892286","2.9952679884825"
"Part 1","Independent AL","2023-01-20",26,"0.65000000000000002","3.03191192892286","3.16482311267161"
"Part 1","Independent AL","2023-01-20",26,"0.80000000000000004","3.03191192892286","3.3793361561560098"
"Part 1","Independent AL","2023-01-20",26,"0.94999999999999996","3.03191192892286","3.8680235470436402"
"Part 1","Independent AL","2023-01-21",27,"0.050000000000000003","2.8691474946255902","2.4009931348395499"
"Part 1","Independent AL","2023-01-21",27,"0.20000000000000001","2.8691474946255902","2.5447476448005499"
"Part 1","Independent AL","2023-01-21",27,"0.34999999999999998","2.8691474946255902","2.6985721222554302"
"Part 1","Independent AL","2023-01-21",27,"0.5","2.8691474946255902","2.74711973067263"
"Part 1","Independent AL","2023-01-21",27,"0.65000000000000002","2.8691474946255902","2.8320756076815301"
"Part 1","Independent AL","2023-01-21",27,"0.80000000000000004","2.8691474946255902","2.9313098336046899"
"Part 1","Independent AL","2023-01-21",27,"0.94999999999999996","2.8691474946255902","3.1116865028657501"
"Part 1","Independent AL","2023-01-22",28,"0.050000000000000003","2.7498195670252299","2.09098790375347"
"Part 1","Independent AL","2023-01-22",28,"0.20000000000000001","2.7498195670252299","2.24382053861043"
"Part 1","Independent AL","2023-01-22",28,"0.34999999999999998","2.7498195670252299","2.3481108263194801"
"Part 1","Independent AL","2023-01-22",28,"0.5","2.7498195670252299","2.3462141473593601"
"Part 1","Independent AL","2023-01-22",28,"0.65000000000000002","2.7498195670252299","2.4120889417148201"
"Part 1","Independent AL","2023-01-22",28,"0.80000000000000004","2.7498195670252299","2.4464925974616398"
"Part 1","Independent AL","2023-01-22",28,"0.94999999999999996","2.7498195670252299","2.5291693570409"
"Part 1","Independent AL","2023-01-23",29,"0.050000000000000003","2.63887392632647","2.0180251739683799"
"Part 1","Independent AL","2023-01-23",29,"0.20000000000000001","2.63887392632647","2.1788660216178202"
"Part 1","Independent AL","2023-01-23",29,"0.34999999999999998","2.63887392632647","2.2511474370220799"
"Part 1","Independent AL","2023-01-23",29,"0.5","2.63887392632647","2.29984874558787"
"Part 1","Independent AL","2023-01-23",29,"0.65000000000000002","2.63887392632647","2.3959686676256502"
"Part 1","Independent AL","2023-01-23",29,"0.80000000000000004","2.63887392632647","2.5092611616448002"
"Part 1","Independent AL","2023-01-23",29,"0.94999999999999996","2.63887392632647","2.7008758374526902"
"Part 1","Independent AL","2023-01-24",30,"0.050000000000000003","2.5344827832565899","1.9307739279801699"
"Part 1","Independent AL","2023-01-24",30,"0.20000000000000001","2.5344827832565899","2.1499877335286102"
"Part 1","Independent AL","2023-01-24",30,"0.34999999999999998","2.5344827832565899","2.2398735159346899"
"Part 1","Independent AL","2023-01-24",30,"0.5","2.5344827832565899","2.3234365689298602"
"Part 1","Independent AL","2023-01-24",30,"0.65000000000000002","2.5344827832565899","2.4175190817160499"
"Part 1","Independent AL","2023-01-24",30,"0.80000000000000004","2.5344827832565899","2.5391965016136901"
"Part 1","Independent AL","2023-01-24",30,"0.94999999999999996","2.5344827832565899","2.5008711779652799"
"Part 1","Independent exAL","2022-12-26",1,"0.050000000000000003","0.56468377475649301","0.59900118387737999"
"Part 1","Independent exAL","2022-12-26",1,"0.20000000000000001","0.56468377475649301","0.58106002334804896"
"Part 1","Independent exAL","2022-12-26",1,"0.34999999999999998","0.56468377475649301","0.61749669957541498"
"Part 1","Independent exAL","2022-12-26",1,"0.5","0.56468377475649301","0.67539865979414504"
"Part 1","Independent exAL","2022-12-26",1,"0.65000000000000002","0.56468377475649301","0.72470076817613605"
"Part 1","Independent exAL","2022-12-26",1,"0.80000000000000004","0.56468377475649301","0.80034458364155303"
"Part 1","Independent exAL","2022-12-26",1,"0.94999999999999996","0.56468377475649301","1.01594134911301"
"Part 1","Independent exAL","2022-12-27",2,"0.050000000000000003","3.1514663625841299","0.88282672487550296"
"Part 1","Independent exAL","2022-12-27",2,"0.20000000000000001","3.1514663625841299","0.97643157531154201"
"Part 1","Independent exAL","2022-12-27",2,"0.34999999999999998","3.1514663625841299","1.09271241380717"
"Part 1","Independent exAL","2022-12-27",2,"0.5","3.1514663625841299","1.21067432550371"
"Part 1","Independent exAL","2022-12-27",2,"0.65000000000000002","3.1514663625841299","1.37624216831739"
"Part 1","Independent exAL","2022-12-27",2,"0.80000000000000004","3.1514663625841299","1.5922235590660501"
"Part 1","Independent exAL","2022-12-27",2,"0.94999999999999996","3.1514663625841299","2.1482420513167102"
"Part 1","Independent exAL","2022-12-28",3,"0.050000000000000003","2.2266236264942898","1.19961594315075"
"Part 1","Independent exAL","2022-12-28",3,"0.20000000000000001","2.2266236264942898","1.3362382466541201"
"Part 1","Independent exAL","2022-12-28",3,"0.34999999999999998","2.2266236264942898","1.5011891931510599"
"Part 1","Independent exAL","2022-12-28",3,"0.5","2.2266236264942898","1.6712926352469799"
"Part 1","Independent exAL","2022-12-28",3,"0.65000000000000002","2.2266236264942898","1.90055153329473"
"Part 1","Independent exAL","2022-12-28",3,"0.80000000000000004","2.2266236264942898","2.1801731667851301"
"Part 1","Independent exAL","2022-12-28",3,"0.94999999999999996","2.2266236264942898","2.6653495532473399"
"Part 1","Independent exAL","2022-12-29",4,"0.050000000000000003","1.7553629240913999","1.1304502468597599"
"Part 1","Independent exAL","2022-12-29",4,"0.20000000000000001","1.7553629240913999","1.23033938254605"
"Part 1","Independent exAL","2022-12-29",4,"0.34999999999999998","1.7553629240913999","1.3579258990527301"
"Part 1","Independent exAL","2022-12-29",4,"0.5","1.7553629240913999","1.4615982505194001"
"Part 1","Independent exAL","2022-12-29",4,"0.65000000000000002","1.7553629240913999","1.60057256105938"
"Part 1","Independent exAL","2022-12-29",4,"0.80000000000000004","1.7553629240913999","1.78296580544747"
"Part 1","Independent exAL","2022-12-29",4,"0.94999999999999996","1.7553629240913999","2.126361991325"
"Part 1","Independent exAL","2022-12-30",5,"0.050000000000000003","2.7443730754966502","1.3565738072231699"
"Part 1","Independent exAL","2022-12-30",5,"0.20000000000000001","2.7443730754966502","1.53921842803368"
"Part 1","Independent exAL","2022-12-30",5,"0.34999999999999998","2.7443730754966502","1.6945338550170199"
"Part 1","Independent exAL","2022-12-30",5,"0.5","2.7443730754966502","1.84823971505097"
"Part 1","Independent exAL","2022-12-30",5,"0.65000000000000002","2.7443730754966502","2.01801692740665"
"Part 1","Independent exAL","2022-12-30",5,"0.80000000000000004","2.7443730754966502","2.2344953420396099"
"Part 1","Independent exAL","2022-12-30",5,"0.94999999999999996","2.7443730754966502","2.6163143297316598"
"Part 1","Independent exAL","2022-12-31",6,"0.050000000000000003","5.2298164117073904","1.80260864641245"
"Part 1","Independent exAL","2022-12-31",6,"0.20000000000000001","5.2298164117073904","1.9820603322003501"
"Part 1","Independent exAL","2022-12-31",6,"0.34999999999999998","5.2298164117073904","2.2034603061807001"
"Part 1","Independent exAL","2022-12-31",6,"0.5","5.2298164117073904","2.4417012054799301"
"Part 1","Independent exAL","2022-12-31",6,"0.65000000000000002","5.2298164117073904","2.6977562597528899"
"Part 1","Independent exAL","2022-12-31",6,"0.80000000000000004","5.2298164117073904","3.0432716083567999"
"Part 1","Independent exAL","2022-12-31",6,"0.94999999999999996","5.2298164117073904","3.6597204902558902"
"Part 1","Independent exAL","2023-01-01",7,"0.050000000000000003","3.8167767051474799","2.0536616911200598"
"Part 1","Independent exAL","2023-01-01",7,"0.20000000000000001","3.8167767051474799","2.3462466357857501"
"Part 1","Independent exAL","2023-01-01",7,"0.34999999999999998","3.8167767051474799","2.7092037187220299"
"Part 1","Independent exAL","2023-01-01",7,"0.5","3.8167767051474799","3.03321774271024"
"Part 1","Independent exAL","2023-01-01",7,"0.65000000000000002","3.8167767051474799","3.3534731020992798"
"Part 1","Independent exAL","2023-01-01",7,"0.80000000000000004","3.8167767051474799","3.7622286624180599"
"Part 1","Independent exAL","2023-01-01",7,"0.94999999999999996","3.8167767051474799","4.5264047054001999"
"Part 1","Independent exAL","2023-01-02",8,"0.050000000000000003","2.9800661357327498","1.9160389347032301"
"Part 1","Independent exAL","2023-01-02",8,"0.20000000000000001","2.9800661357327498","2.1283195699484301"
"Part 1","Independent exAL","2023-01-02",8,"0.34999999999999998","2.9800661357327498","2.36075149686339"
"Part 1","Independent exAL","2023-01-02",8,"0.5","2.9800661357327498","2.5212597207198701"
"Part 1","Independent exAL","2023-01-02",8,"0.65000000000000002","2.9800661357327498","2.6521622895735102"
"Part 1","Independent exAL","2023-01-02",8,"0.80000000000000004","2.9800661357327498","2.85633130860665"
"Part 1","Independent exAL","2023-01-02",8,"0.94999999999999996","2.9800661357327498","3.1747727902976601"
"Part 1","Independent exAL","2023-01-03",9,"0.050000000000000003","2.7906187723409999","1.8234377998223701"
"Part 1","Independent exAL","2023-01-03",9,"0.20000000000000001","2.7906187723409999","2.04032066717734"
"Part 1","Independent exAL","2023-01-03",9,"0.34999999999999998","2.7906187723409999","2.27004407273296"
"Part 1","Independent exAL","2023-01-03",9,"0.5","2.7906187723409999","2.3845521861291199"
"Part 1","Independent exAL","2023-01-03",9,"0.65000000000000002","2.7906187723409999","2.4910613472052701"
"Part 1","Independent exAL","2023-01-03",9,"0.80000000000000004","2.7906187723409999","2.7024532967605399"
"Part 1","Independent exAL","2023-01-03",9,"0.94999999999999996","2.7906187723409999","3.0284489690215399"
"Part 1","Independent exAL","2023-01-04",10,"0.050000000000000003","3.4253268741041198","1.89640473948097"
"Part 1","Independent exAL","2023-01-04",10,"0.20000000000000001","3.4253268741041198","2.04117903515768"
"Part 1","Independent exAL","2023-01-04",10,"0.34999999999999998","3.4253268741041198","2.2453690761063898"
"Part 1","Independent exAL","2023-01-04",10,"0.5","3.4253268741041198","2.3303357061268901"
"Part 1","Independent exAL","2023-01-04",10,"0.65000000000000002","3.4253268741041198","2.3977645105099099"
"Part 1","Independent exAL","2023-01-04",10,"0.80000000000000004","3.4253268741041198","2.5451951194956601"
"Part 1","Independent exAL","2023-01-04",10,"0.94999999999999996","3.4253268741041198","2.7418816394938501"
"Part 1","Independent exAL","2023-01-05",11,"0.050000000000000003","4.2538561917311197","1.98777906625039"
"Part 1","Independent exAL","2023-01-05",11,"0.20000000000000001","4.2538561917311197","2.1826135841173402"
"Part 1","Independent exAL","2023-01-05",11,"0.34999999999999998","4.2538561917311197","2.4308296159452301"
"Part 1","Independent exAL","2023-01-05",11,"0.5","4.2538561917311197","2.6683964621517"
"Part 1","Independent exAL","2023-01-05",11,"0.65000000000000002","4.2538561917311197","2.8969299671806499"
"Part 1","Independent exAL","2023-01-05",11,"0.80000000000000004","4.2538561917311197","3.1886801529992699"
"Part 1","Independent exAL","2023-01-05",11,"0.94999999999999996","4.2538561917311197","3.7152284501835999"
"Part 1","Independent exAL","2023-01-06",12,"0.050000000000000003","3.3877748703163699","1.9669732171805201"
"Part 1","Independent exAL","2023-01-06",12,"0.20000000000000001","3.3877748703163699","2.1846565275038499"
"Part 1","Independent exAL","2023-01-06",12,"0.34999999999999998","3.3877748703163699","2.4201724546405399"
"Part 1","Independent exAL","2023-01-06",12,"0.5","3.3877748703163699","2.6426414648497198"
"Part 1","Independent exAL","2023-01-06",12,"0.65000000000000002","3.3877748703163699","2.8589353801935098"
"Part 1","Independent exAL","2023-01-06",12,"0.80000000000000004","3.3877748703163699","3.0975905342910801"
"Part 1","Independent exAL","2023-01-06",12,"0.94999999999999996","3.3877748703163699","3.4474605955428199"
"Part 1","Independent exAL","2023-01-07",13,"0.050000000000000003","3.0468210981970301","1.9394404406022601"
"Part 1","Independent exAL","2023-01-07",13,"0.20000000000000001","3.0468210981970301","2.1178436028499199"
"Part 1","Independent exAL","2023-01-07",13,"0.34999999999999998","3.0468210981970301","2.2895175414439999"
"Part 1","Independent exAL","2023-01-07",13,"0.5","3.0468210981970301","2.4406254780310301"
"Part 1","Independent exAL","2023-01-07",13,"0.65000000000000002","3.0468210981970301","2.6027970160509599"
"Part 1","Independent exAL","2023-01-07",13,"0.80000000000000004","3.0468210981970301","2.8217157794076999"
"Part 1","Independent exAL","2023-01-07",13,"0.94999999999999996","3.0468210981970301","3.1216521747611901"
"Part 1","Independent exAL","2023-01-08",14,"0.050000000000000003","4.0491819932109401","2.0333509499890599"
"Part 1","Independent exAL","2023-01-08",14,"0.20000000000000001","4.0491819932109401","2.2060297247787002"
"Part 1","Independent exAL","2023-01-08",14,"0.34999999999999998","4.0491819932109401","2.4320632037991299"
"Part 1","Independent exAL","2023-01-08",14,"0.5","4.0491819932109401","2.6321686588195101"
"Part 1","Independent exAL","2023-01-08",14,"0.65000000000000002","4.0491819932109401","2.8302177803061501"
"Part 1","Independent exAL","2023-01-08",14,"0.80000000000000004","4.0491819932109401","3.1058967326422899"
"Part 1","Independent exAL","2023-01-08",14,"0.94999999999999996","4.0491819932109401","3.5820335820081999"
"Part 1","Independent exAL","2023-01-09",15,"0.050000000000000003","5.3643837104354404","2.3970778484794502"
"Part 1","Independent exAL","2023-01-09",15,"0.20000000000000001","5.3643837104354404","2.6717592707750701"
"Part 1","Independent exAL","2023-01-09",15,"0.34999999999999998","5.3643837104354404","2.9573690788734601"
"Part 1","Independent exAL","2023-01-09",15,"0.5","5.3643837104354404","3.2189612091475102"
"Part 1","Independent exAL","2023-01-09",15,"0.65000000000000002","5.3643837104354404","3.4872781281982999"
"Part 1","Independent exAL","2023-01-09",15,"0.80000000000000004","5.3643837104354404","3.8499002850172301"
"Part 1","Independent exAL","2023-01-09",15,"0.94999999999999996","5.3643837104354404","4.4612228864107797"
"Part 1","Independent exAL","2023-01-10",16,"0.050000000000000003","4.0879218550918797","2.44619536654193"
"Part 1","Independent exAL","2023-01-10",16,"0.20000000000000001","4.0879218550918797","2.7680453782796"
"Part 1","Independent exAL","2023-01-10",16,"0.34999999999999998","4.0879218550918797","3.02922290769955"
"Part 1","Independent exAL","2023-01-10",16,"0.5","4.0879218550918797","3.2746323113482498"
"Part 1","Independent exAL","2023-01-10",16,"0.65000000000000002","4.0879218550918797","3.5203231053636399"
"Part 1","Independent exAL","2023-01-10",16,"0.80000000000000004","4.0879218550918797","3.8241641456208901"
"Part 1","Independent exAL","2023-01-10",16,"0.94999999999999996","4.0879218550918797","4.3056314576093104"
"Part 1","Independent exAL","2023-01-11",17,"0.050000000000000003","3.9985463313635701","2.4065975728750599"
"Part 1","Independent exAL","2023-01-11",17,"0.20000000000000001","3.9985463313635701","2.7244435120394801"
"Part 1","Independent exAL","2023-01-11",17,"0.34999999999999998","3.9985463313635701","2.9444094227372499"
"Part 1","Independent exAL","2023-01-11",17,"0.5","3.9985463313635701","3.1318604713441398"
"Part 1","Independent exAL","2023-01-11",17,"0.65000000000000002","3.9985463313635701","3.3613052407168702"
"Part 1","Independent exAL","2023-01-11",17,"0.80000000000000004","3.9985463313635701","3.6251447600541198"
"Part 1","Independent exAL","2023-01-11",17,"0.94999999999999996","3.9985463313635701","4.0480646134305003"
"Part 1","Independent exAL","2023-01-12",18,"0.050000000000000003","3.8772065627189898","2.4973987966125701"
"Part 1","Independent exAL","2023-01-12",18,"0.20000000000000001","3.8772065627189898","2.75099536267623"
"Part 1","Independent exAL","2023-01-12",18,"0.34999999999999998","3.8772065627189898","2.9744331419343899"
"Part 1","Independent exAL","2023-01-12",18,"0.5","3.8772065627189898","3.1432976948477198"
"Part 1","Independent exAL","2023-01-12",18,"0.65000000000000002","3.8772065627189898","3.3207444562941002"
"Part 1","Independent exAL","2023-01-12",18,"0.80000000000000004","3.8772065627189898","3.57073781138901"
"Part 1","Independent exAL","2023-01-12",18,"0.94999999999999996","3.8772065627189898","3.9513948412468798"
"Part 1","Independent exAL","2023-01-13",19,"0.050000000000000003","3.9775516526665502","2.3249479471283299"
"Part 1","Independent exAL","2023-01-13",19,"0.20000000000000001","3.9775516526665502","2.60462907560632"
"Part 1","Independent exAL","2023-01-13",19,"0.34999999999999998","3.9775516526665502","2.81287153323973"
"Part 1","Independent exAL","2023-01-13",19,"0.5","3.9775516526665502","2.9468504818460599"
"Part 1","Independent exAL","2023-01-13",19,"0.65000000000000002","3.9775516526665502","3.0592690347884299"
"Part 1","Independent exAL","2023-01-13",19,"0.80000000000000004","3.9775516526665502","3.2344158526302"
"Part 1","Independent exAL","2023-01-13",19,"0.94999999999999996","3.9775516526665502","3.4144063284814399"
"Part 1","Independent exAL","2023-01-14",20,"0.050000000000000003","5.11080665260834","2.4813781042452501"
"Part 1","Independent exAL","2023-01-14",20,"0.20000000000000001","5.11080665260834","2.76592369351782"
"Part 1","Independent exAL","2023-01-14",20,"0.34999999999999998","5.11080665260834","3.03369819806584"
"Part 1","Independent exAL","2023-01-14",20,"0.5","5.11080665260834","3.2355414566759699"
"Part 1","Independent exAL","2023-01-14",20,"0.65000000000000002","5.11080665260834","3.44824955510422"
"Part 1","Independent exAL","2023-01-14",20,"0.80000000000000004","5.11080665260834","3.7310398818821899"
"Part 1","Independent exAL","2023-01-14",20,"0.94999999999999996","5.11080665260834","4.1806859497707398"
"Part 1","Independent exAL","2023-01-15",21,"0.050000000000000003","4.2457763669416497","2.6721742891477498"
"Part 1","Independent exAL","2023-01-15",21,"0.20000000000000001","4.2457763669416497","2.9456169078533301"
"Part 1","Independent exAL","2023-01-15",21,"0.34999999999999998","4.2457763669416497","3.23900108119309"
"Part 1","Independent exAL","2023-01-15",21,"0.5","4.2457763669416497","3.52378383348145"
"Part 1","Independent exAL","2023-01-15",21,"0.65000000000000002","4.2457763669416497","3.7735468596323498"
"Part 1","Independent exAL","2023-01-15",21,"0.80000000000000004","4.2457763669416497","4.0592507329904404"
"Part 1","Independent exAL","2023-01-15",21,"0.94999999999999996","4.2457763669416497","4.6481140966921703"
"Part 1","Independent exAL","2023-01-16",22,"0.050000000000000003","4.4668641404166696","2.8409158369332399"
"Part 1","Independent exAL","2023-01-16",22,"0.20000000000000001","4.4668641404166696","3.1249269545968499"
"Part 1","Independent exAL","2023-01-16",22,"0.34999999999999998","4.4668641404166696","3.4485529958888299"
"Part 1","Independent exAL","2023-01-16",22,"0.5","4.4668641404166696","3.6970394777426301"
"Part 1","Independent exAL","2023-01-16",22,"0.65000000000000002","4.4668641404166696","3.9201710161676702"
"Part 1","Independent exAL","2023-01-16",22,"0.80000000000000004","4.4668641404166696","4.2152145154588103"
"Part 1","Independent exAL","2023-01-16",22,"0.94999999999999996","4.4668641404166696","4.7563434930695703"
"Part 1","Independent exAL","2023-01-17",23,"0.050000000000000003","3.8105279137394601","2.6643669687100999"
"Part 1","Independent exAL","2023-01-17",23,"0.20000000000000001","3.8105279137394601","2.8757834705970402"
"Part 1","Independent exAL","2023-01-17",23,"0.34999999999999998","3.8105279137394601","3.1216778499169902"
"Part 1","Independent exAL","2023-01-17",23,"0.5","3.8105279137394601","3.28328446130487"
"Part 1","Independent exAL","2023-01-17",23,"0.65000000000000002","3.8105279137394601","3.43134186579237"
"Part 1","Independent exAL","2023-01-17",23,"0.80000000000000004","3.8105279137394601","3.6263805522335999"
"Part 1","Independent exAL","2023-01-17",23,"0.94999999999999996","3.8105279137394601","3.8742194090694402"
"Part 1","Independent exAL","2023-01-18",24,"0.050000000000000003","3.4344986026020599","2.53320961543153"
"Part 1","Independent exAL","2023-01-18",24,"0.20000000000000001","3.4344986026020599","2.7168370940541502"
"Part 1","Independent exAL","2023-01-18",24,"0.34999999999999998","3.4344986026020599","2.87342179610215"
"Part 1","Independent exAL","2023-01-18",24,"0.5","3.4344986026020599","3.0230218170830101"
"Part 1","Independent exAL","2023-01-18",24,"0.65000000000000002","3.4344986026020599","3.1578842516352799"
"Part 1","Independent exAL","2023-01-18",24,"0.80000000000000004","3.4344986026020599","3.3147713252634601"
"Part 1","Independent exAL","2023-01-18",24,"0.94999999999999996","3.4344986026020599","3.5632357611799801"
"Part 1","Independent exAL","2023-01-19",25,"0.050000000000000003","3.2406649484479901","2.50427179013891"
"Part 1","Independent exAL","2023-01-19",25,"0.20000000000000001","3.2406649484479901","2.7167938632172901"
"Part 1","Independent exAL","2023-01-19",25,"0.34999999999999998","3.2406649484479901","2.8784007254621899"
"Part 1","Independent exAL","2023-01-19",25,"0.5","3.2406649484479901","3.0281792370774698"
"Part 1","Independent exAL","2023-01-19",25,"0.65000000000000002","3.2406649484479901","3.1256172135619198"
"Part 1","Independent exAL","2023-01-19",25,"0.80000000000000004","3.2406649484479901","3.2629041464035402"
"Part 1","Independent exAL","2023-01-19",25,"0.94999999999999996","3.2406649484479901","3.5686598288841398"
"Part 1","Independent exAL","2023-01-20",26,"0.050000000000000003","3.03191192892286","2.48743594793208"
"Part 1","Independent exAL","2023-01-20",26,"0.20000000000000001","3.03191192892286","2.6477824679022199"
"Part 1","Independent exAL","2023-01-20",26,"0.34999999999999998","3.03191192892286","2.7953823320087801"
"Part 1","Independent exAL","2023-01-20",26,"0.5","3.03191192892286","2.93265877504765"
"Part 1","Independent exAL","2023-01-20",26,"0.65000000000000002","3.03191192892286","3.06478497759971"
"Part 1","Independent exAL","2023-01-20",26,"0.80000000000000004","3.03191192892286","3.2159212393115699"
"Part 1","Independent exAL","2023-01-20",26,"0.94999999999999996","3.03191192892286","3.5077776680478601"
"Part 1","Independent exAL","2023-01-21",27,"0.050000000000000003","2.8691474946255902","2.4290812861702098"
"Part 1","Independent exAL","2023-01-21",27,"0.20000000000000001","2.8691474946255902","2.5455497103075002"
"Part 1","Independent exAL","2023-01-21",27,"0.34999999999999998","2.8691474946255902","2.6712566893168601"
"Part 1","Independent exAL","2023-01-21",27,"0.5","2.8691474946255902","2.74039742839491"
"Part 1","Independent exAL","2023-01-21",27,"0.65000000000000002","2.8691474946255902","2.7992109037939001"
"Part 1","Independent exAL","2023-01-21",27,"0.80000000000000004","2.8691474946255902","2.87271034758467"
"Part 1","Independent exAL","2023-01-21",27,"0.94999999999999996","2.8691474946255902","3.0018868680317099"
"Part 1","Independent exAL","2023-01-22",28,"0.050000000000000003","2.7498195670252299","2.1277177975911901"
"Part 1","Independent exAL","2023-01-22",28,"0.20000000000000001","2.7498195670252299","2.24416227148971"
"Part 1","Independent exAL","2023-01-22",28,"0.34999999999999998","2.7498195670252299","2.3365528959801498"
"Part 1","Independent exAL","2023-01-22",28,"0.5","2.7498195670252299","2.3584579524354199"
"Part 1","Independent exAL","2023-01-22",28,"0.65000000000000002","2.7498195670252299","2.4010089229251701"
"Part 1","Independent exAL","2023-01-22",28,"0.80000000000000004","2.7498195670252299","2.4495204742413499"
"Part 1","Independent exAL","2023-01-22",28,"0.94999999999999996","2.7498195670252299","2.4720265866679401"
"Part 1","Independent exAL","2023-01-23",29,"0.050000000000000003","2.63887392632647","2.0432840620005699"
"Part 1","Independent exAL","2023-01-23",29,"0.20000000000000001","2.63887392632647","2.1791190145450599"
"Part 1","Independent exAL","2023-01-23",29,"0.34999999999999998","2.63887392632647","2.2398793453778998"
"Part 1","Independent exAL","2023-01-23",29,"0.5","2.63887392632647","2.2999012483399102"
"Part 1","Independent exAL","2023-01-23",29,"0.65000000000000002","2.63887392632647","2.3532255970331799"
"Part 1","Independent exAL","2023-01-23",29,"0.80000000000000004","2.63887392632647","2.4429650638642899"
"Part 1","Independent exAL","2023-01-23",29,"0.94999999999999996","2.63887392632647","2.58924878622914"
"Part 1","Independent exAL","2023-01-24",30,"0.050000000000000003","2.5344827832565899","1.9854570780243701"
"Part 1","Independent exAL","2023-01-24",30,"0.20000000000000001","2.5344827832565899","2.1502460439095601"
"Part 1","Independent exAL","2023-01-24",30,"0.34999999999999998","2.5344827832565899","2.22744135807736"
"Part 1","Independent exAL","2023-01-24",30,"0.5","2.5344827832565899","2.3107231429549202"
"Part 1","Independent exAL","2023-01-24",30,"0.65000000000000002","2.5344827832565899","2.3745711193678001"
"Part 1","Independent exAL","2023-01-24",30,"0.80000000000000004","2.5344827832565899","2.4692041409275398"
"Part 1","Independent exAL","2023-01-24",30,"0.94999999999999996","2.5344827832565899","2.5974257901644902"
"Part 1","Joint AL","2022-12-26",1,"0.050000000000000003","0.56468377475649301","0.54724594403857596"
"Part 1","Joint AL","2022-12-26",1,"0.20000000000000001","0.56468377475649301","0.58543546475609198"
"Part 1","Joint AL","2022-12-26",1,"0.34999999999999998","0.56468377475649301","0.64443886659500205"
"Part 1","Joint AL","2022-12-26",1,"0.5","0.56468377475649301","0.68432611169566904"
"Part 1","Joint AL","2022-12-26",1,"0.65000000000000002","0.56468377475649301","0.73813909123918198"
"Part 1","Joint AL","2022-12-26",1,"0.80000000000000004","0.56468377475649301","0.82035150425570003"
"Part 1","Joint AL","2022-12-26",1,"0.94999999999999996","0.56468377475649301","0.97876963405727502"
"Part 1","Joint AL","2022-12-27",2,"0.050000000000000003","3.1514663625841299","0.91833015137692198"
"Part 1","Joint AL","2022-12-27",2,"0.20000000000000001","3.1514663625841299","1.0210484224357801"
"Part 1","Joint AL","2022-12-27",2,"0.34999999999999998","3.1514663625841299","1.1600996063200399"
"Part 1","Joint AL","2022-12-27",2,"0.5","3.1514663625841299","1.3153598089437499"
"Part 1","Joint AL","2022-12-27",2,"0.65000000000000002","3.1514663625841299","1.49441750795082"
"Part 1","Joint AL","2022-12-27",2,"0.80000000000000004","3.1514663625841299","1.7664027738817001"
"Part 1","Joint AL","2022-12-27",2,"0.94999999999999996","3.1514663625841299","2.27652850145651"
"Part 1","Joint AL","2022-12-28",3,"0.050000000000000003","2.2266236264942898","1.2696296079345299"
"Part 1","Joint AL","2022-12-28",3,"0.20000000000000001","2.2266236264942898","1.42833443868988"
"Part 1","Joint AL","2022-12-28",3,"0.34999999999999998","2.2266236264942898","1.62545989641834"
"Part 1","Joint AL","2022-12-28",3,"0.5","2.2266236264942898","1.8217188311878301"
"Part 1","Joint AL","2022-12-28",3,"0.65000000000000002","2.2266236264942898","2.06854631684672"
"Part 1","Joint AL","2022-12-28",3,"0.80000000000000004","2.2266236264942898","2.3827907131642898"
"Part 1","Joint AL","2022-12-28",3,"0.94999999999999996","2.2266236264942898","2.84290502729012"
"Part 1","Joint AL","2022-12-29",4,"0.050000000000000003","1.7553629240913999","1.1583518822662799"
"Part 1","Joint AL","2022-12-29",4,"0.20000000000000001","1.7553629240913999","1.2914097160462701"
"Part 1","Joint AL","2022-12-29",4,"0.34999999999999998","1.7553629240913999","1.4320317723365601"
"Part 1","Joint AL","2022-12-29",4,"0.5","1.7553629240913999","1.5254030337206901"
"Part 1","Joint AL","2022-12-29",4,"0.65000000000000002","1.7553629240913999","1.7032389340371801"
"Part 1","Joint AL","2022-12-29",4,"0.80000000000000004","1.7553629240913999","1.9371913215477601"
"Part 1","Joint AL","2022-12-29",4,"0.94999999999999996","1.7553629240913999","2.33183814859348"
"Part 1","Joint AL","2022-12-30",5,"0.050000000000000003","2.7443730754966502","1.4492059689271899"
"Part 1","Joint AL","2022-12-30",5,"0.20000000000000001","2.7443730754966502","1.63500910631207"
"Part 1","Joint AL","2022-12-30",5,"0.34999999999999998","2.7443730754966502","1.8166948165937999"
"Part 1","Joint AL","2022-12-30",5,"0.5","2.7443730754966502","1.9475482600957501"
"Part 1","Joint AL","2022-12-30",5,"0.65000000000000002","2.7443730754966502","2.1704036419480301"
"Part 1","Joint AL","2022-12-30",5,"0.80000000000000004","2.7443730754966502","2.4443672323846601"
"Part 1","Joint AL","2022-12-30",5,"0.94999999999999996","2.7443730754966502","2.8834180773634399"
"Part 1","Joint AL","2022-12-31",6,"0.050000000000000003","5.2298164117073904","1.9096926245261201"
"Part 1","Joint AL","2022-12-31",6,"0.20000000000000001","5.2298164117073904","2.1101955081646002"
"Part 1","Joint AL","2022-12-31",6,"0.34999999999999998","5.2298164117073904","2.36816163350493"
"Part 1","Joint AL","2022-12-31",6,"0.5","5.2298164117073904","2.5848595570611299"
"Part 1","Joint AL","2022-12-31",6,"0.65000000000000002","5.2298164117073904","2.9139853697046001"
"Part 1","Joint AL","2022-12-31",6,"0.80000000000000004","5.2298164117073904","3.2783435726888199"
"Part 1","Joint AL","2022-12-31",6,"0.94999999999999996","5.2298164117073904","4.0765615103467896"
"Part 1","Joint AL","2023-01-01",7,"0.050000000000000003","3.8167767051474799","2.2409810131430001"
"Part 1","Joint AL","2023-01-01",7,"0.20000000000000001","3.8167767051474799","2.5468297262523198"
"Part 1","Joint AL","2023-01-01",7,"0.34999999999999998","3.8167767051474799","2.8943430078175698"
"Part 1","Joint AL","2023-01-01",7,"0.5","3.8167767051474799","3.2054515536142398"
"Part 1","Joint AL","2023-01-01",7,"0.65000000000000002","3.8167767051474799","3.6430085953112701"
"Part 1","Joint AL","2023-01-01",7,"0.80000000000000004","3.8167767051474799","4.0820327374734999"
"Part 1","Joint AL","2023-01-01",7,"0.94999999999999996","3.8167767051474799","4.9392634279608201"
"Part 1","Joint AL","2023-01-02",8,"0.050000000000000003","2.9800661357327498","1.9984531506132699"
"Part 1","Joint AL","2023-01-02",8,"0.20000000000000001","2.9800661357327498","2.1682630734209201"
"Part 1","Joint AL","2023-01-02",8,"0.34999999999999998","2.9800661357327498","2.3993061703347398"
"Part 1","Joint AL","2023-01-02",8,"0.5","2.9800661357327498","2.53967216395962"
"Part 1","Joint AL","2023-01-02",8,"0.65000000000000002","2.9800661357327498","2.73797904594467"
"Part 1","Joint AL","2023-01-02",8,"0.80000000000000004","2.9800661357327498","2.9906785822195601"
"Part 1","Joint AL","2023-01-02",8,"0.94999999999999996","2.9800661357327498","3.46436762472214"
"Part 1","Joint AL","2023-01-03",9,"0.050000000000000003","2.7906187723409999","1.8825239574988699"
"Part 1","Joint AL","2023-01-03",9,"0.20000000000000001","2.7906187723409999","2.0813063795701998"
"Part 1","Joint AL","2023-01-03",9,"0.34999999999999998","2.7906187723409999","2.2821632753099199"
"Part 1","Joint AL","2023-01-03",9,"0.5","2.7906187723409999","2.4203748214487102"
"Part 1","Joint AL","2023-01-03",9,"0.65000000000000002","2.7906187723409999","2.5757579108684201"
"Part 1","Joint AL","2023-01-03",9,"0.80000000000000004","2.7906187723409999","2.79246508496038"
"Part 1","Joint AL","2023-01-03",9,"0.94999999999999996","2.7906187723409999","3.29827131276949"
"Part 1","Joint AL","2023-01-04",10,"0.050000000000000003","3.4253268741041198","1.9539966039790699"
"Part 1","Joint AL","2023-01-04",10,"0.20000000000000001","3.4253268741041198","2.0977814836567998"
"Part 1","Joint AL","2023-01-04",10,"0.34999999999999998","3.4253268741041198","2.2542176163929901"
"Part 1","Joint AL","2023-01-04",10,"0.5","3.4253268741041198","2.3413233105376099"
"Part 1","Joint AL","2023-01-04",10,"0.65000000000000002","3.4253268741041198","2.4496739702381101"
"Part 1","Joint AL","2023-01-04",10,"0.80000000000000004","3.4253268741041198","2.58626364769008"
"Part 1","Joint AL","2023-01-04",10,"0.94999999999999996","3.4253268741041198","3.0205663952830299"
"Part 1","Joint AL","2023-01-05",11,"0.050000000000000003","4.2538561917311197","2.0666151274971698"
"Part 1","Joint AL","2023-01-05",11,"0.20000000000000001","4.2538561917311197","2.29059383033746"
"Part 1","Joint AL","2023-01-05",11,"0.34999999999999998","4.2538561917311197","2.56527903487176"
"Part 1","Joint AL","2023-01-05",11,"0.5","4.2538561917311197","2.8018037491041201"
"Part 1","Joint AL","2023-01-05",11,"0.65000000000000002","4.2538561917311197","3.05831291575354"
"Part 1","Joint AL","2023-01-05",11,"0.80000000000000004","4.2538561917311197","3.3422444255325399"
"Part 1","Joint AL","2023-01-05",11,"0.94999999999999996","4.2538561917311197","4.0392438003763598"
"Part 1","Joint AL","2023-01-06",12,"0.050000000000000003","3.3877748703163699","2.0204425538318702"
"Part 1","Joint AL","2023-01-06",12,"0.20000000000000001","3.3877748703163699","2.2674607943754501"
"Part 1","Joint AL","2023-01-06",12,"0.34999999999999998","3.3877748703163699","2.5421357717482498"
"Part 1","Joint AL","2023-01-06",12,"0.5","3.3877748703163699","2.7813532935635399"
"Part 1","Joint AL","2023-01-06",12,"0.65000000000000002","3.3877748703163699","2.9971592571468002"
"Part 1","Joint AL","2023-01-06",12,"0.80000000000000004","3.3877748703163699","3.2259717790522302"
"Part 1","Joint AL","2023-01-06",12,"0.94999999999999996","3.3877748703163699","3.73812118623681"
"Part 1","Joint AL","2023-01-07",13,"0.050000000000000003","3.0468210981970301","1.98192033569017"
"Part 1","Joint AL","2023-01-07",13,"0.20000000000000001","3.0468210981970301","2.1854842838281501"
"Part 1","Joint AL","2023-01-07",13,"0.34999999999999998","3.0468210981970301","2.38308052250366"
"Part 1","Joint AL","2023-01-07",13,"0.5","3.0468210981970301","2.5349478301739099"
"Part 1","Joint AL","2023-01-07",13,"0.65000000000000002","3.0468210981970301","2.7223726451939601"
"Part 1","Joint AL","2023-01-07",13,"0.80000000000000004","3.0468210981970301","2.91816359509312"
"Part 1","Joint AL","2023-01-07",13,"0.94999999999999996","3.0468210981970301","3.3146653922226901"
"Part 1","Joint AL","2023-01-08",14,"0.050000000000000003","4.0491819932109401","2.0963064323694001"
"Part 1","Joint AL","2023-01-08",14,"0.20000000000000001","4.0491819932109401","2.3211097392556099"
"Part 1","Joint AL","2023-01-08",14,"0.34999999999999998","4.0491819932109401","2.53490087079027"
"Part 1","Joint AL","2023-01-08",14,"0.5","4.0491819932109401","2.7299459378208399"
"Part 1","Joint AL","2023-01-08",14,"0.65000000000000002","4.0491819932109401","2.9670535334809598"
"Part 1","Joint AL","2023-01-08",14,"0.80000000000000004","4.0491819932109401","3.2465585668089898"
"Part 1","Joint AL","2023-01-08",14,"0.94999999999999996","4.0491819932109401","3.9031749873655999"
"Part 1","Joint AL","2023-01-09",15,"0.050000000000000003","5.3643837104354404","2.5195319980015198"
"Part 1","Joint AL","2023-01-09",15,"0.20000000000000001","5.3643837104354404","2.8181393106007402"
"Part 1","Joint AL","2023-01-09",15,"0.34999999999999998","5.3643837104354404","3.12595709863366"
"Part 1","Joint AL","2023-01-09",15,"0.5","5.3643837104354404","3.3865226612774602"
"Part 1","Joint AL","2023-01-09",15,"0.65000000000000002","5.3643837104354404","3.7468950691528602"
"Part 1","Joint AL","2023-01-09",15,"0.80000000000000004","5.3643837104354404","4.1201019683156996"
"Part 1","Joint AL","2023-01-09",15,"0.94999999999999996","5.3643837104354404","4.8243488010613804"
"Part 1","Joint AL","2023-01-10",16,"0.050000000000000003","4.0879218550918797","2.5241504473188101"
"Part 1","Joint AL","2023-01-10",16,"0.20000000000000001","4.0879218550918797","2.85386543290582"
"Part 1","Joint AL","2023-01-10",16,"0.34999999999999998","4.0879218550918797","3.1742582914340902"
"Part 1","Joint AL","2023-01-10",16,"0.5","4.0879218550918797","3.4227304165761301"
"Part 1","Joint AL","2023-01-10",16,"0.65000000000000002","4.0879218550918797","3.7107826047341699"
"Part 1","Joint AL","2023-01-10",16,"0.80000000000000004","4.0879218550918797","4.0307268847315196"
"Part 1","Joint AL","2023-01-10",16,"0.94999999999999996","4.0879218550918797","4.5968002390952503"
"Part 1","Joint AL","2023-01-11",17,"0.050000000000000003","3.9985463313635701","2.46860062676167"
"Part 1","Joint AL","2023-01-11",17,"0.20000000000000001","3.9985463313635701","2.8024523808357502"
"Part 1","Joint AL","2023-01-11",17,"0.34999999999999998","3.9985463313635701","3.0674290614533599"
"Part 1","Joint AL","2023-01-11",17,"0.5","3.9985463313635701","3.2957718247408798"
"Part 1","Joint AL","2023-01-11",17,"0.65000000000000002","3.9985463313635701","3.54936322092402"
"Part 1","Joint AL","2023-01-11",17,"0.80000000000000004","3.9985463313635701","3.8440365297686401"
"Part 1","Joint AL","2023-01-11",17,"0.94999999999999996","3.9985463313635701","4.2288621536923898"
"Part 1","Joint AL","2023-01-12",18,"0.050000000000000003","3.8772065627189898","2.60054979942019"
"Part 1","Joint AL","2023-01-12",18,"0.20000000000000001","3.8772065627189898","2.8590377420825401"
"Part 1","Joint AL","2023-01-12",18,"0.34999999999999998","3.8772065627189898","3.1139365260692302"
"Part 1","Joint AL","2023-01-12",18,"0.5","3.8772065627189898","3.3060608091688199"
"Part 1","Joint AL","2023-01-12",18,"0.65000000000000002","3.8772065627189898","3.51248951450517"
"Part 1","Joint AL","2023-01-12",18,"0.80000000000000004","3.8772065627189898","3.7821315441263401"
"Part 1","Joint AL","2023-01-12",18,"0.94999999999999996","3.8772065627189898","4.2584995348862904"
"Part 1","Joint AL","2023-01-13",19,"0.050000000000000003","3.9775516526665502","2.39761709101036"
"Part 1","Joint AL","2023-01-13",19,"0.20000000000000001","3.9775516526665502","2.6519625895755401"
"Part 1","Joint AL","2023-01-13",19,"0.34999999999999998","3.9775516526665502","2.8829699967890501"
"Part 1","Joint AL","2023-01-13",19,"0.5","3.9775516526665502","3.0438708668966599"
"Part 1","Joint AL","2023-01-13",19,"0.65000000000000002","3.9775516526665502","3.20624013412308"
"Part 1","Joint AL","2023-01-13",19,"0.80000000000000004","3.9775516526665502","3.3904504632539001"
"Part 1","Joint AL","2023-01-13",19,"0.94999999999999996","3.9775516526665502","3.6869986620032198"
"Part 1","Joint AL","2023-01-14",20,"0.050000000000000003","5.11080665260834","2.5942301514613701"
"Part 1","Joint AL","2023-01-14",20,"0.20000000000000001","5.11080665260834","2.8861606533778801"
"Part 1","Joint AL","2023-01-14",20,"0.34999999999999998","5.11080665260834","3.18180230709121"
"Part 1","Joint AL","2023-01-14",20,"0.5","5.11080665260834","3.4157332446381301"
"Part 1","Joint AL","2023-01-14",20,"0.65000000000000002","5.11080665260834","3.6695131770803999"
"Part 1","Joint AL","2023-01-14",20,"0.80000000000000004","5.11080665260834","3.9775132389810599"
"Part 1","Joint AL","2023-01-14",20,"0.94999999999999996","5.11080665260834","4.5021470262827998"
"Part 1","Joint AL","2023-01-15",21,"0.050000000000000003","4.2457763669416497","2.7810461259871699"
"Part 1","Joint AL","2023-01-15",21,"0.20000000000000001","4.2457763669416497","3.0803440775960298"
"Part 1","Joint AL","2023-01-15",21,"0.34999999999999998","4.2457763669416497","3.4018122868014302"
"Part 1","Joint AL","2023-01-15",21,"0.5","4.2457763669416497","3.6865697308984702"
"Part 1","Joint AL","2023-01-15",21,"0.65000000000000002","4.2457763669416497","4.0028814068348497"
"Part 1","Joint AL","2023-01-15",21,"0.80000000000000004","4.2457763669416497","4.3739218554966302"
"Part 1","Joint AL","2023-01-15",21,"0.94999999999999996","4.2457763669416497","5.0061260944163202"
"Part 1","Joint AL","2023-01-16",22,"0.050000000000000003","4.4668641404166696","2.9680216616775299"
"Part 1","Joint AL","2023-01-16",22,"0.20000000000000001","4.4668641404166696","3.27522080294252"
"Part 1","Joint AL","2023-01-16",22,"0.34999999999999998","4.4668641404166696","3.6021661561727498"
"Part 1","Joint AL","2023-01-16",22,"0.5","4.4668641404166696","3.8769212039513099"
"Part 1","Joint AL","2023-01-16",22,"0.65000000000000002","4.4668641404166696","4.1623913552412697"
"Part 1","Joint AL","2023-01-16",22,"0.80000000000000004","4.4668641404166696","4.5102889612171602"
"Part 1","Joint AL","2023-01-16",22,"0.94999999999999996","4.4668641404166696","5.1347467442720403"
"Part 1","Joint AL","2023-01-17",23,"0.050000000000000003","3.8105279137394601","2.7432861963670998"
"Part 1","Joint AL","2023-01-17",23,"0.20000000000000001","3.8105279137394601","2.9791729148289599"
"Part 1","Joint AL","2023-01-17",23,"0.34999999999999998","3.8105279137394601","3.2111902146889699"
"Part 1","Joint AL","2023-01-17",23,"0.5","3.8105279137394601","3.3756079223375202"
"Part 1","Joint AL","2023-01-17",23,"0.65000000000000002","3.8105279137394601","3.5864296087140799"
"Part 1","Joint AL","2023-01-17",23,"0.80000000000000004","3.8105279137394601","3.8057516399809699"
"Part 1","Joint AL","2023-01-17",23,"0.94999999999999996","3.8105279137394601","4.2311244616423096"
"Part 1","Joint AL","2023-01-18",24,"0.050000000000000003","3.4344986026020599","2.6036723752937099"
"Part 1","Joint AL","2023-01-18",24,"0.20000000000000001","3.4344986026020599","2.79235536357392"
"Part 1","Joint AL","2023-01-18",24,"0.34999999999999998","3.4344986026020599","2.96312399007709"
"Part 1","Joint AL","2023-01-18",24,"0.5","3.4344986026020599","3.0883377836743602"
"Part 1","Joint AL","2023-01-18",24,"0.65000000000000002","3.4344986026020599","3.2356580845101801"
"Part 1","Joint AL","2023-01-18",24,"0.80000000000000004","3.4344986026020599","3.4658349066678502"
"Part 1","Joint AL","2023-01-18",24,"0.94999999999999996","3.4344986026020599","3.80884430630323"
"Part 1","Joint AL","2023-01-19",25,"0.050000000000000003","3.2406649484479901","2.5510891246115501"
"Part 1","Joint AL","2023-01-19",25,"0.20000000000000001","3.2406649484479901","2.7510567856372701"
"Part 1","Joint AL","2023-01-19",25,"0.34999999999999998","3.2406649484479901","2.9529568510648501"
"Part 1","Joint AL","2023-01-19",25,"0.5","3.2406649484479901","3.0952504156452498"
"Part 1","Joint AL","2023-01-19",25,"0.65000000000000002","3.2406649484479901","3.21296885163853"
"Part 1","Joint AL","2023-01-19",25,"0.80000000000000004","3.2406649484479901","3.4181603821411302"
"Part 1","Joint AL","2023-01-19",25,"0.94999999999999996","3.2406649484479901","3.8334511886467499"
"Part 1","Joint AL","2023-01-20",26,"0.050000000000000003","3.03191192892286","2.4829010345984499"
"Part 1","Joint AL","2023-01-20",26,"0.20000000000000001","3.03191192892286","2.6641964403834701"
"Part 1","Joint AL","2023-01-20",26,"0.34999999999999998","3.03191192892286","2.8455594460445401"
"Part 1","Joint AL","2023-01-20",26,"0.5","3.03191192892286","2.9867960291814"
"Part 1","Joint AL","2023-01-20",26,"0.65000000000000002","3.03191192892286","3.1375718357537101"
"Part 1","Joint AL","2023-01-20",26,"0.80000000000000004","3.03191192892286","3.2969717823615801"
"Part 1","Joint AL","2023-01-20",26,"0.94999999999999996","3.03191192892286","3.7294430315619098"
"Part 1","Joint AL","2023-01-21",27,"0.050000000000000003","2.8691474946255902","2.4342475594056099"
"Part 1","Joint AL","2023-01-21",27,"0.20000000000000001","2.8691474946255902","2.54906072479816"
"Part 1","Joint AL","2023-01-21",27,"0.34999999999999998","2.8691474946255902","2.6843525995915098"
"Part 1","Joint AL","2023-01-21",27,"0.5","2.8691474946255902","2.7476520924738499"
"Part 1","Joint AL","2023-01-21",27,"0.65000000000000002","2.8691474946255902","2.8088879009317198"
"Part 1","Joint AL","2023-01-21",27,"0.80000000000000004","2.8691474946255902","2.8967465858805501"
"Part 1","Joint AL","2023-01-21",27,"0.94999999999999996","2.8691474946255902","3.13024392178828"
"Part 1","Joint AL","2023-01-22",28,"0.050000000000000003","2.7498195670252299","2.0990446012594801"
"Part 1","Joint AL","2023-01-22",28,"0.20000000000000001","2.7498195670252299","2.2019599131911298"
"Part 1","Joint AL","2023-01-22",28,"0.34999999999999998","2.7498195670252299","2.2946041079295698"
"Part 1","Joint AL","2023-01-22",28,"0.5","2.7498195670252299","2.3254452597096198"
"Part 1","Joint AL","2023-01-22",28,"0.65000000000000002","2.7498195670252299","2.3479700123617402"
"Part 1","Joint AL","2023-01-22",28,"0.80000000000000004","2.7498195670252299","2.4337785748868299"
"Part 1","Joint AL","2023-01-22",28,"0.94999999999999996","2.7498195670252299","2.5629952415686299"
"Part 1","Joint AL","2023-01-23",29,"0.050000000000000003","2.63887392632647","2.00984530054148"
"Part 1","Joint AL","2023-01-23",29,"0.20000000000000001","2.63887392632647","2.1522457269616502"
"Part 1","Joint AL","2023-01-23",29,"0.34999999999999998","2.63887392632647","2.24858615471984"
"Part 1","Joint AL","2023-01-23",29,"0.5","2.63887392632647","2.3030529139037799"
"Part 1","Joint AL","2023-01-23",29,"0.65000000000000002","2.63887392632647","2.37787975722402"
"Part 1","Joint AL","2023-01-23",29,"0.80000000000000004","2.63887392632647","2.5009684361731299"
"Part 1","Joint AL","2023-01-23",29,"0.94999999999999996","2.63887392632647","2.7106145964630102"
"Part 1","Joint AL","2023-01-24",30,"0.050000000000000003","2.5344827832565899","1.9968440018379201"
"Part 1","Joint AL","2023-01-24",30,"0.20000000000000001","2.5344827832565899","2.1405384962095102"
"Part 1","Joint AL","2023-01-24",30,"0.34999999999999998","2.5344827832565899","2.2490181702188599"
"Part 1","Joint AL","2023-01-24",30,"0.5","2.5344827832565899","2.31455725567927"
"Part 1","Joint AL","2023-01-24",30,"0.65000000000000002","2.5344827832565899","2.4135189592736901"
"Part 1","Joint AL","2023-01-24",30,"0.80000000000000004","2.5344827832565899","2.5282845144941799"
"Part 1","Joint AL","2023-01-24",30,"0.94999999999999996","2.5344827832565899","2.5906157890304802"
"Part 1","Joint exAL","2022-12-26",1,"0.050000000000000003","0.56468377475649301","0.54309240397643599"
"Part 1","Joint exAL","2022-12-26",1,"0.20000000000000001","0.56468377475649301","0.57947226637593097"
"Part 1","Joint exAL","2022-12-26",1,"0.34999999999999998","0.56468377475649301","0.62239030096896697"
"Part 1","Joint exAL","2022-12-26",1,"0.5","0.56468377475649301","0.67024858167165002"
"Part 1","Joint exAL","2022-12-26",1,"0.65000000000000002","0.56468377475649301","0.73462508218373401"
"Part 1","Joint exAL","2022-12-26",1,"0.80000000000000004","0.56468377475649301","0.79354382837569903"
"Part 1","Joint exAL","2022-12-26",1,"0.94999999999999996","0.56468377475649301","0.93633305376938303"
"Part 1","Joint exAL","2022-12-27",2,"0.050000000000000003","3.1514663625841299","0.96054489882727101"
"Part 1","Joint exAL","2022-12-27",2,"0.20000000000000001","3.1514663625841299","1.03598834281958"
"Part 1","Joint exAL","2022-12-27",2,"0.34999999999999998","3.1514663625841299","1.1201608322783501"
"Part 1","Joint exAL","2022-12-27",2,"0.5","3.1514663625841299","1.2383132525345999"
"Part 1","Joint exAL","2022-12-27",2,"0.65000000000000002","3.1514663625841299","1.3964083824053699"
"Part 1","Joint exAL","2022-12-27",2,"0.80000000000000004","3.1514663625841299","1.56348453436602"
"Part 1","Joint exAL","2022-12-27",2,"0.94999999999999996","3.1514663625841299","1.98550353382669"
"Part 1","Joint exAL","2022-12-28",3,"0.050000000000000003","2.2266236264942898","1.3347044836734701"
"Part 1","Joint exAL","2022-12-28",3,"0.20000000000000001","2.2266236264942898","1.44892504256164"
"Part 1","Joint exAL","2022-12-28",3,"0.34999999999999998","2.2266236264942898","1.57832795820889"
"Part 1","Joint exAL","2022-12-28",3,"0.5","2.2266236264942898","1.7405382357730499"
"Part 1","Joint exAL","2022-12-28",3,"0.65000000000000002","2.2266236264942898","1.9274959081370899"
"Part 1","Joint exAL","2022-12-28",3,"0.80000000000000004","2.2266236264942898","2.1571916644983"
"Part 1","Joint exAL","2022-12-28",3,"0.94999999999999996","2.2266236264942898","2.6303040192734501"
"Part 1","Joint exAL","2022-12-29",4,"0.050000000000000003","1.7553629240913999","1.19252926353299"
"Part 1","Joint exAL","2022-12-29",4,"0.20000000000000001","1.7553629240913999","1.30122202410595"
"Part 1","Joint exAL","2022-12-29",4,"0.34999999999999998","1.7553629240913999","1.4084466507926801"
"Part 1","Joint exAL","2022-12-29",4,"0.5","1.7553629240913999","1.50872739760134"
"Part 1","Joint exAL","2022-12-29",4,"0.65000000000000002","1.7553629240913999","1.6125914300856901"
"Part 1","Joint exAL","2022-12-29",4,"0.80000000000000004","1.7553629240913999","1.7653557018695101"
"Part 1","Joint exAL","2022-12-29",4,"0.94999999999999996","1.7553629240913999","2.08874953356238"
"Part 1","Joint exAL","2022-12-30",5,"0.050000000000000003","2.7443730754966502","1.5392835272415999"
"Part 1","Joint exAL","2022-12-30",5,"0.20000000000000001","2.7443730754966502","1.6559587160442399"
"Part 1","Joint exAL","2022-12-30",5,"0.34999999999999998","2.7443730754966502","1.7972467291554699"
"Part 1","Joint exAL","2022-12-30",5,"0.5","2.7443730754966502","1.90899681882767"
"Part 1","Joint exAL","2022-12-30",5,"0.65000000000000002","2.7443730754966502","2.0444479185025899"
"Part 1","Joint exAL","2022-12-30",5,"0.80000000000000004","2.7443730754966502","2.22521737103289"
"Part 1","Joint exAL","2022-12-30",5,"0.94999999999999996","2.7443730754966502","2.6059115240409998"
"Part 1","Joint exAL","2022-12-31",6,"0.050000000000000003","5.2298164117073904","2.0025924169759399"
"Part 1","Joint exAL","2022-12-31",6,"0.20000000000000001","5.2298164117073904","2.1418885124143299"
"Part 1","Joint exAL","2022-12-31",6,"0.34999999999999998","5.2298164117073904","2.3144660052672101"
"Part 1","Joint exAL","2022-12-31",6,"0.5","5.2298164117073904","2.4943080647470901"
"Part 1","Joint exAL","2022-12-31",6,"0.65000000000000002","5.2298164117073904","2.70364570056176"
"Part 1","Joint exAL","2022-12-31",6,"0.80000000000000004","5.2298164117073904","2.9736253190170299"
"Part 1","Joint exAL","2022-12-31",6,"0.94999999999999996","5.2298164117073904","3.5370896495884798"
"Part 1","Joint exAL","2023-01-01",7,"0.050000000000000003","3.8167767051474799","2.3936557697159802"
"Part 1","Joint exAL","2023-01-01",7,"0.20000000000000001","3.8167767051474799","2.5964513581782702"
"Part 1","Joint exAL","2023-01-01",7,"0.34999999999999998","3.8167767051474799","2.8060142007191802"
"Part 1","Joint exAL","2023-01-01",7,"0.5","3.8167767051474799","3.0649358470841301"
"Part 1","Joint exAL","2023-01-01",7,"0.65000000000000002","3.8167767051474799","3.3492376734575799"
"Part 1","Joint exAL","2023-01-01",7,"0.80000000000000004","3.8167767051474799","3.7003856765884202"
"Part 1","Joint exAL","2023-01-01",7,"0.94999999999999996","3.8167767051474799","4.3962713646122804"
"Part 1","Joint exAL","2023-01-02",8,"0.050000000000000003","2.9800661357327498","2.0723378015176701"
"Part 1","Joint exAL","2023-01-02",8,"0.20000000000000001","2.9800661357327498","2.21131991844043"
"Part 1","Joint exAL","2023-01-02",8,"0.34999999999999998","2.9800661357327498","2.3566261711604102"
"Part 1","Joint exAL","2023-01-02",8,"0.5","2.9800661357327498","2.4984403508271602"
"Part 1","Joint exAL","2023-01-02",8,"0.65000000000000002","2.9800661357327498","2.6265323643631402"
"Part 1","Joint exAL","2023-01-02",8,"0.80000000000000004","2.9800661357327498","2.80917658343698"
"Part 1","Joint exAL","2023-01-02",8,"0.94999999999999996","2.9800661357327498","3.1256462649785401"
"Part 1","Joint exAL","2023-01-03",9,"0.050000000000000003","2.7906187723409999","1.9767909247412501"
"Part 1","Joint exAL","2023-01-03",9,"0.20000000000000001","2.7906187723409999","2.1150778933405299"
"Part 1","Joint exAL","2023-01-03",9,"0.34999999999999998","2.7906187723409999","2.2488865037688401"
"Part 1","Joint exAL","2023-01-03",9,"0.5","2.7906187723409999","2.3692621657547801"
"Part 1","Joint exAL","2023-01-03",9,"0.65000000000000002","2.7906187723409999","2.4924739163561802"
"Part 1","Joint exAL","2023-01-03",9,"0.80000000000000004","2.7906187723409999","2.64679965452651"
"Part 1","Joint exAL","2023-01-03",9,"0.94999999999999996","2.7906187723409999","2.9494541885141201"
"Part 1","Joint exAL","2023-01-04",10,"0.050000000000000003","3.4253268741041198","2.0329379171943001"
"Part 1","Joint exAL","2023-01-04",10,"0.20000000000000001","3.4253268741041198","2.1413937585672498"
"Part 1","Joint exAL","2023-01-04",10,"0.34999999999999998","3.4253268741041198","2.24990541682295"
"Part 1","Joint exAL","2023-01-04",10,"0.5","3.4253268741041198","2.34011160551661"
"Part 1","Joint exAL","2023-01-04",10,"0.65000000000000002","3.4253268741041198","2.4127682708909099"
"Part 1","Joint exAL","2023-01-04",10,"0.80000000000000004","3.4253268741041198","2.5252863354820398"
"Part 1","Joint exAL","2023-01-04",10,"0.94999999999999996","3.4253268741041198","2.7284640818255101"
"Part 1","Joint exAL","2023-01-05",11,"0.050000000000000003","4.2538561917311197","2.17990684408392"
"Part 1","Joint exAL","2023-01-05",11,"0.20000000000000001","4.2538561917311197","2.3430968677323101"
"Part 1","Joint exAL","2023-01-05",11,"0.34999999999999998","4.2538561917311197","2.5111681852877101"
"Part 1","Joint exAL","2023-01-05",11,"0.5","4.2538561917311197","2.6888757778372199"
"Part 1","Joint exAL","2023-01-05",11,"0.65000000000000002","4.2538561917311197","2.8810946425989101"
"Part 1","Joint exAL","2023-01-05",11,"0.80000000000000004","4.2538561917311197","3.1010934793215901"
"Part 1","Joint exAL","2023-01-05",11,"0.94999999999999996","4.2538561917311197","3.5586267268794298"
"Part 1","Joint exAL","2023-01-06",12,"0.050000000000000003","3.3877748703163699","2.1561806613985799"
"Part 1","Joint exAL","2023-01-06",12,"0.20000000000000001","3.3877748703163699","2.3229769216139"
"Part 1","Joint exAL","2023-01-06",12,"0.34999999999999998","3.3877748703163699","2.4975077338819101"
"Part 1","Joint exAL","2023-01-06",12,"0.5","3.3877748703163699","2.6667839387121002"
"Part 1","Joint exAL","2023-01-06",12,"0.65000000000000002","3.3877748703163699","2.8548824836250901"
"Part 1","Joint exAL","2023-01-06",12,"0.80000000000000004","3.3877748703163699","3.0503229016939"
"Part 1","Joint exAL","2023-01-06",12,"0.94999999999999996","3.3877748703163699","3.4275723047969602"
"Part 1","Joint exAL","2023-01-07",13,"0.050000000000000003","3.0468210981970301","2.0739648760868201"
"Part 1","Joint exAL","2023-01-07",13,"0.20000000000000001","3.0468210981970301","2.2110149384242002"
"Part 1","Joint exAL","2023-01-07",13,"0.34999999999999998","3.0468210981970301","2.3525999887747502"
"Part 1","Joint exAL","2023-01-07",13,"0.5","3.0468210981970301","2.4695459931003398"
"Part 1","Joint exAL","2023-01-07",13,"0.65000000000000002","3.0468210981970301","2.60201656448021"
"Part 1","Joint exAL","2023-01-07",13,"0.80000000000000004","3.0468210981970301","2.7579235026943398"
"Part 1","Joint exAL","2023-01-07",13,"0.94999999999999996","3.0468210981970301","3.0495821911387302"
"Part 1","Joint exAL","2023-01-08",14,"0.050000000000000003","4.0491819932109401","2.1745281220886099"
"Part 1","Joint exAL","2023-01-08",14,"0.20000000000000001","4.0491819932109401","2.3151637835590799"
"Part 1","Joint exAL","2023-01-08",14,"0.34999999999999998","4.0491819932109401","2.4730781485614801"
"Part 1","Joint exAL","2023-01-08",14,"0.5","4.0491819932109401","2.6251042512920901"
"Part 1","Joint exAL","2023-01-08",14,"0.65000000000000002","4.0491819932109401","2.8047007204734302"
"Part 1","Joint exAL","2023-01-08",14,"0.80000000000000004","4.0491819932109401","3.01095486876625"
"Part 1","Joint exAL","2023-01-08",14,"0.94999999999999996","4.0491819932109401","3.4365463185484799"
"Part 1","Joint exAL","2023-01-09",15,"0.050000000000000003","5.3643837104354404","2.6521839501925699"
"Part 1","Joint exAL","2023-01-09",15,"0.20000000000000001","5.3643837104354404","2.8409255302260199"
"Part 1","Joint exAL","2023-01-09",15,"0.34999999999999998","5.3643837104354404","3.04598928687972"
"Part 1","Joint exAL","2023-01-09",15,"0.5","5.3643837104354404","3.2510821542896799"
"Part 1","Joint exAL","2023-01-09",15,"0.65000000000000002","5.3643837104354404","3.4835132025645601"
"Part 1","Joint exAL","2023-01-09",15,"0.80000000000000004","5.3643837104354404","3.7830539139236898"
"Part 1","Joint exAL","2023-01-09",15,"0.94999999999999996","5.3643837104354404","4.3232273164573503"
"Part 1","Joint exAL","2023-01-10",16,"0.050000000000000003","4.0879218550918797","2.7039176881375502"
"Part 1","Joint exAL","2023-01-10",16,"0.20000000000000001","4.0879218550918797","2.8993898492165799"
"Part 1","Joint exAL","2023-01-10",16,"0.34999999999999998","4.0879218550918797","3.0979020127329302"
"Part 1","Joint exAL","2023-01-10",16,"0.5","4.0879218550918797","3.29544523838738"
"Part 1","Joint exAL","2023-01-10",16,"0.65000000000000002","4.0879218550918797","3.5049003088317701"
"Part 1","Joint exAL","2023-01-10",16,"0.80000000000000004","4.0879218550918797","3.7719338942449498"
"Part 1","Joint exAL","2023-01-10",16,"0.94999999999999996","4.0879218550918797","4.2602972952784102"
"Part 1","Joint exAL","2023-01-11",17,"0.050000000000000003","3.9985463313635701","2.6322136622595802"
"Part 1","Joint exAL","2023-01-11",17,"0.20000000000000001","3.9985463313635701","2.8303803642673602"
"Part 1","Joint exAL","2023-01-11",17,"0.34999999999999998","3.9985463313635701","3.0123579640815001"
"Part 1","Joint exAL","2023-01-11",17,"0.5","3.9985463313635701","3.1857826162924199"
"Part 1","Joint exAL","2023-01-11",17,"0.65000000000000002","3.9985463313635701","3.3716668692776102"
"Part 1","Joint exAL","2023-01-11",17,"0.80000000000000004","3.9985463313635701","3.5903737241602398"
"Part 1","Joint exAL","2023-01-11",17,"0.94999999999999996","3.9985463313635701","3.9789155682161299"
"Part 1","Joint exAL","2023-01-12",18,"0.050000000000000003","3.8772065627189898","2.7394068268697001"
"Part 1","Joint exAL","2023-01-12",18,"0.20000000000000001","3.8772065627189898","2.9013552737195898"
"Part 1","Joint exAL","2023-01-12",18,"0.34999999999999998","3.8772065627189898","3.0720243799757498"
"Part 1","Joint exAL","2023-01-12",18,"0.5","3.8772065627189898","3.2239874910755901"
"Part 1","Joint exAL","2023-01-12",18,"0.65000000000000002","3.8772065627189898","3.3923922107724298"
"Part 1","Joint exAL","2023-01-12",18,"0.80000000000000004","3.8772065627189898","3.5845162609883801"
"Part 1","Joint exAL","2023-01-12",18,"0.94999999999999996","3.8772065627189898","3.97437297829384"
"Part 1","Joint exAL","2023-01-13",19,"0.050000000000000003","3.9775516526665502","2.5197671948343601"
"Part 1","Joint exAL","2023-01-13",19,"0.20000000000000001","3.9775516526665502","2.6975113221829101"
"Part 1","Joint exAL","2023-01-13",19,"0.34999999999999998","3.9775516526665502","2.8586626860942101"
"Part 1","Joint exAL","2023-01-13",19,"0.5","3.9775516526665502","2.98514994563299"
"Part 1","Joint exAL","2023-01-13",19,"0.65000000000000002","3.9775516526665502","3.1178748055062599"
"Part 1","Joint exAL","2023-01-13",19,"0.80000000000000004","3.9775516526665502","3.2589268465543602"
"Part 1","Joint exAL","2023-01-13",19,"0.94999999999999996","3.9775516526665502","3.5211262373826102"
"Part 1","Joint exAL","2023-01-14",20,"0.050000000000000003","5.11080665260834","2.7591789517381602"
"Part 1","Joint exAL","2023-01-14",20,"0.20000000000000001","5.11080665260834","2.9389742941714601"
"Part 1","Joint exAL","2023-01-14",20,"0.34999999999999998","5.11080665260834","3.1198345522761701"
"Part 1","Joint exAL","2023-01-14",20,"0.5","5.11080665260834","3.3098047045186401"
"Part 1","Joint exAL","2023-01-14",20,"0.65000000000000002","5.11080665260834","3.5118745643413698"
"Part 1","Joint exAL","2023-01-14",20,"0.80000000000000004","5.11080665260834","3.73847909123712"
"Part 1","Joint exAL","2023-01-14",20,"0.94999999999999996","5.11080665260834","4.2048075619420997"
"Part 1","Joint exAL","2023-01-15",21,"0.050000000000000003","4.2457763669416497","2.9254318357527902"
"Part 1","Joint exAL","2023-01-15",21,"0.20000000000000001","4.2457763669416497","3.1117125337884302"
"Part 1","Joint exAL","2023-01-15",21,"0.34999999999999998","4.2457763669416497","3.3205011156316799"
"Part 1","Joint exAL","2023-01-15",21,"0.5","4.2457763669416497","3.5413078562931202"
"Part 1","Joint exAL","2023-01-15",21,"0.65000000000000002","4.2457763669416497","3.7787676048891501"
"Part 1","Joint exAL","2023-01-15",21,"0.80000000000000004","4.2457763669416497","4.04620563757471"
"Part 1","Joint exAL","2023-01-15",21,"0.94999999999999996","4.2457763669416497","4.5831344592488099"
"Part 1","Joint exAL","2023-01-16",22,"0.050000000000000003","4.4668641404166696","3.1195994798340401"
"Part 1","Joint exAL","2023-01-16",22,"0.20000000000000001","4.4668641404166696","3.3225537185449299"
"Part 1","Joint exAL","2023-01-16",22,"0.34999999999999998","4.4668641404166696","3.5284049766616898"
"Part 1","Joint exAL","2023-01-16",22,"0.5","4.4668641404166696","3.7445365163353901"
"Part 1","Joint exAL","2023-01-16",22,"0.65000000000000002","4.4668641404166696","3.9630449528438398"
"Part 1","Joint exAL","2023-01-16",22,"0.80000000000000004","4.4668641404166696","4.2147172392398096"
"Part 1","Joint exAL","2023-01-16",22,"0.94999999999999996","4.4668641404166696","4.7469575935412598"
"Part 1","Joint exAL","2023-01-17",23,"0.050000000000000003","3.8105279137394601","2.8392307240267001"
"Part 1","Joint exAL","2023-01-17",23,"0.20000000000000001","3.8105279137394601","2.9967032587192399"
"Part 1","Joint exAL","2023-01-17",23,"0.34999999999999998","3.8105279137394601","3.1611035555045701"
"Part 1","Joint exAL","2023-01-17",23,"0.5","3.8105279137394601","3.3030578487488702"
"Part 1","Joint exAL","2023-01-17",23,"0.65000000000000002","3.8105279137394601","3.44911875860396"
"Part 1","Joint exAL","2023-01-17",23,"0.80000000000000004","3.8105279137394601","3.6269928192823002"
"Part 1","Joint exAL","2023-01-17",23,"0.94999999999999996","3.8105279137394601","3.9486436362797601"
"Part 1","Joint exAL","2023-01-18",24,"0.050000000000000003","3.4344986026020599","2.6544301968818802"
"Part 1","Joint exAL","2023-01-18",24,"0.20000000000000001","3.4344986026020599","2.7733447762136301"
"Part 1","Joint exAL","2023-01-18",24,"0.34999999999999998","3.4344986026020599","2.9027834756512099"
"Part 1","Joint exAL","2023-01-18",24,"0.5","3.4344986026020599","3.0167056600598001"
"Part 1","Joint exAL","2023-01-18",24,"0.65000000000000002","3.4344986026020599","3.1290043663033602"
"Part 1","Joint exAL","2023-01-18",24,"0.80000000000000004","3.4344986026020599","3.26801115579087"
"Part 1","Joint exAL","2023-01-18",24,"0.94999999999999996","3.4344986026020599","3.5427158446449298"
"Part 1","Joint exAL","2023-01-19",25,"0.050000000000000003","3.2406649484479901","2.6346604835815599"
"Part 1","Joint exAL","2023-01-19",25,"0.20000000000000001","3.2406649484479901","2.7615787607350599"
"Part 1","Joint exAL","2023-01-19",25,"0.34999999999999998","3.2406649484479901","2.9060889405669799"
"Part 1","Joint exAL","2023-01-19",25,"0.5","3.2406649484479901","3.0166155516829001"
"Part 1","Joint exAL","2023-01-19",25,"0.65000000000000002","3.2406649484479901","3.1335726060172502"
"Part 1","Joint exAL","2023-01-19",25,"0.80000000000000004","3.2406649484479901","3.2666523817337998"
"Part 1","Joint exAL","2023-01-19",25,"0.94999999999999996","3.2406649484479901","3.5881401738746401"
"Part 1","Joint exAL","2023-01-20",26,"0.050000000000000003","3.03191192892286","2.5449719926797498"
"Part 1","Joint exAL","2023-01-20",26,"0.20000000000000001","3.03191192892286","2.6721057368680898"
"Part 1","Joint exAL","2023-01-20",26,"0.34999999999999998","3.03191192892286","2.8033612854998902"
"Part 1","Joint exAL","2023-01-20",26,"0.5","3.03191192892286","2.9071830377143999"
"Part 1","Joint exAL","2023-01-20",26,"0.65000000000000002","3.03191192892286","3.0317661436068599"
"Part 1","Joint exAL","2023-01-20",26,"0.80000000000000004","3.03191192892286","3.16212313943698"
"Part 1","Joint exAL","2023-01-20",26,"0.94999999999999996","3.03191192892286","3.4360588593164501"
"Part 1","Joint exAL","2023-01-21",27,"0.050000000000000003","2.8691474946255902","2.47368411630447"
"Part 1","Joint exAL","2023-01-21",27,"0.20000000000000001","2.8691474946255902","2.5644264951680502"
"Part 1","Joint exAL","2023-01-21",27,"0.34999999999999998","2.8691474946255902","2.6594266720992401"
"Part 1","Joint exAL","2023-01-21",27,"0.5","2.8691474946255902","2.73024815371069"
"Part 1","Joint exAL","2023-01-21",27,"0.65000000000000002","2.8691474946255902","2.7908548479923598"
"Part 1","Joint exAL","2023-01-21",27,"0.80000000000000004","2.8691474946255902","2.8612713405484098"
"Part 1","Joint exAL","2023-01-21",27,"0.94999999999999996","2.8691474946255902","3.0365491765378598"
"Part 1","Joint exAL","2023-01-22",28,"0.050000000000000003","2.7498195670252299","2.1418647266449899"
"Part 1","Joint exAL","2023-01-22",28,"0.20000000000000001","2.7498195670252299","2.2176421916095799"
"Part 1","Joint exAL","2023-01-22",28,"0.34999999999999998","2.7498195670252299","2.2886294825414901"
"Part 1","Joint exAL","2023-01-22",28,"0.5","2.7498195670252299","2.3423793638813302"
"Part 1","Joint exAL","2023-01-22",28,"0.65000000000000002","2.7498195670252299","2.36983616504464"
"Part 1","Joint exAL","2023-01-22",28,"0.80000000000000004","2.7498195670252299","2.4217771128052301"
"Part 1","Joint exAL","2023-01-22",28,"0.94999999999999996","2.7498195670252299","2.5624516460131201"
"Part 1","Joint exAL","2023-01-23",29,"0.050000000000000003","2.63887392632647","2.0712708851746102"
"Part 1","Joint exAL","2023-01-23",29,"0.20000000000000001","2.63887392632647","2.16333634877468"
"Part 1","Joint exAL","2023-01-23",29,"0.34999999999999998","2.63887392632647","2.2301418914746298"
"Part 1","Joint exAL","2023-01-23",29,"0.5","2.63887392632647","2.2994512614894198"
"Part 1","Joint exAL","2023-01-23",29,"0.65000000000000002","2.63887392632647","2.34756498893407"
"Part 1","Joint exAL","2023-01-23",29,"0.80000000000000004","2.63887392632647","2.4301935963967001"
"Part 1","Joint exAL","2023-01-23",29,"0.94999999999999996","2.63887392632647","2.6291394821343599"
"Part 1","Joint exAL","2023-01-24",30,"0.050000000000000003","2.5344827832565899","2.0585222820251001"
"Part 1","Joint exAL","2023-01-24",30,"0.20000000000000001","2.5344827832565899","2.1447045676876302"
"Part 1","Joint exAL","2023-01-24",30,"0.34999999999999998","2.5344827832565899","2.2169792407196902"
"Part 1","Joint exAL","2023-01-24",30,"0.5","2.5344827832565899","2.3050739804349001"
"Part 1","Joint exAL","2023-01-24",30,"0.65000000000000002","2.5344827832565899","2.3777322670733598"
"Part 1","Joint exAL","2023-01-24",30,"0.80000000000000004","2.5344827832565899","2.4679682990146601"
"Part 1","Joint exAL","2023-01-24",30,"0.94999999999999996","2.5344827832565899","2.6489228935069198"
"Part 3","Normal Ridge","2022-12-26",1,"0.050000000000000003","0.56468377475649301","0.38530894554963835"
"Part 3","Normal Ridge","2022-12-26",1,"0.20000000000000001","0.56468377475649301","0.53449593941932783"
"Part 3","Normal Ridge","2022-12-26",1,"0.34999999999999998","0.56468377475649301","0.62739209296825171"
"Part 3","Normal Ridge","2022-12-26",1,"0.5","0.56468377475649301","0.7182809098837093"
"Part 3","Normal Ridge","2022-12-26",1,"0.65000000000000002","0.56468377475649301","0.78580662857663741"
"Part 3","Normal Ridge","2022-12-26",1,"0.80000000000000004","0.56468377475649301","0.88011439186295082"
"Part 3","Normal Ridge","2022-12-26",1,"0.94999999999999996","0.56468377475649301","1.0338526542728228"
"Part 3","Normal Ridge","2022-12-27",2,"0.050000000000000003","3.1514663625841299","1.6683588662141746"
"Part 3","Normal Ridge","2022-12-27",2,"0.20000000000000001","3.1514663625841299","1.8333072050845591"
"Part 3","Normal Ridge","2022-12-27",2,"0.34999999999999998","3.1514663625841299","1.9195389117032939"
"Part 3","Normal Ridge","2022-12-27",2,"0.5","3.1514663625841299","1.9911824239936524"
"Part 3","Normal Ridge","2022-12-27",2,"0.65000000000000002","3.1514663625841299","2.0612352187351473"
"Part 3","Normal Ridge","2022-12-27",2,"0.80000000000000004","3.1514663625841299","2.1540885442684772"
"Part 3","Normal Ridge","2022-12-27",2,"0.94999999999999996","3.1514663625841299","2.2949788344991742"
"Part 3","Normal Ridge","2022-12-28",3,"0.050000000000000003","2.2266236264942898","1.633965564967429"
"Part 3","Normal Ridge","2022-12-28",3,"0.20000000000000001","2.2266236264942898","1.7824612231998327"
"Part 3","Normal Ridge","2022-12-28",3,"0.34999999999999998","2.2266236264942898","1.8571621156648872"
"Part 3","Normal Ridge","2022-12-28",3,"0.5","2.2266236264942898","1.9260344655000086"
"Part 3","Normal Ridge","2022-12-28",3,"0.65000000000000002","2.2266236264942898","2.0108528317185419"
"Part 3","Normal Ridge","2022-12-28",3,"0.80000000000000004","2.2266236264942898","2.0919166404250555"
"Part 3","Normal Ridge","2022-12-28",3,"0.94999999999999996","2.2266236264942898","2.2380961606264664"
"Part 3","Normal Ridge","2022-12-29",4,"0.050000000000000003","1.7553629240913999","1.2466957899586066"
"Part 3","Normal Ridge","2022-12-29",4,"0.20000000000000001","1.7553629240913999","1.4351091024125959"
"Part 3","Normal Ridge","2022-12-29",4,"0.34999999999999998","1.7553629240913999","1.5342417366711318"
"Part 3","Normal Ridge","2022-12-29",4,"0.5","1.7553629240913999","1.6119389271547628"
"Part 3","Normal Ridge","2022-12-29",4,"0.65000000000000002","1.7553629240913999","1.6779012325862803"
"Part 3","Normal Ridge","2022-12-29",4,"0.80000000000000004","1.7553629240913999","1.770083571032911"
"Part 3","Normal Ridge","2022-12-29",4,"0.94999999999999996","1.7553629240913999","1.8963346761519333"
"Part 3","Normal Ridge","2022-12-30",5,"0.050000000000000003","2.7443730754966502","2.2660946378944002"
"Part 3","Normal Ridge","2022-12-30",5,"0.20000000000000001","2.7443730754966502","2.4475686682556002"
"Part 3","Normal Ridge","2022-12-30",5,"0.34999999999999998","2.7443730754966502","2.5406610972501729"
"Part 3","Normal Ridge","2022-12-30",5,"0.5","2.7443730754966502","2.6136571465877294"
"Part 3","Normal Ridge","2022-12-30",5,"0.65000000000000002","2.7443730754966502","2.685468871858836"
"Part 3","Normal Ridge","2022-12-30",5,"0.80000000000000004","2.7443730754966502","2.7715998267181066"
"Part 3","Normal Ridge","2022-12-30",5,"0.94999999999999996","2.7443730754966502","2.949321807653587"
"Part 3","Normal Ridge","2022-12-31",6,"0.050000000000000003","5.2298164117073904","2.7763078010453279"
"Part 3","Normal Ridge","2022-12-31",6,"0.20000000000000001","5.2298164117073904","2.9311827404192976"
"Part 3","Normal Ridge","2022-12-31",6,"0.34999999999999998","5.2298164117073904","3.0278024770393017"
"Part 3","Normal Ridge","2022-12-31",6,"0.5","5.2298164117073904","3.1042006844217087"
"Part 3","Normal Ridge","2022-12-31",6,"0.65000000000000002","5.2298164117073904","3.1906629399696578"
"Part 3","Normal Ridge","2022-12-31",6,"0.80000000000000004","5.2298164117073904","3.2727662682763463"
"Part 3","Normal Ridge","2022-12-31",6,"0.94999999999999996","5.2298164117073904","3.4345211191759679"
"Part 3","Normal Ridge","2023-01-01",7,"0.050000000000000003","3.8167767051474799","2.9169271858026273"
"Part 3","Normal Ridge","2023-01-01",7,"0.20000000000000001","3.8167767051474799","3.0863523034343183"
"Part 3","Normal Ridge","2023-01-01",7,"0.34999999999999998","3.8167767051474799","3.1903819630102199"
"Part 3","Normal Ridge","2023-01-01",7,"0.5","3.8167767051474799","3.2608808416231518"
"Part 3","Normal Ridge","2023-01-01",7,"0.65000000000000002","3.8167767051474799","3.3399738216501937"
"Part 3","Normal Ridge","2023-01-01",7,"0.80000000000000004","3.8167767051474799","3.4387945741434991"
"Part 3","Normal Ridge","2023-01-01",7,"0.94999999999999996","3.8167767051474799","3.6091676143094698"
"Part 3","Normal Ridge","2023-01-02",8,"0.050000000000000003","2.9800661357327498","2.1799038875773329"
"Part 3","Normal Ridge","2023-01-02",8,"0.20000000000000001","2.9800661357327498","2.351629239068985"
"Part 3","Normal Ridge","2023-01-02",8,"0.34999999999999998","2.9800661357327498","2.4544072083187993"
"Part 3","Normal Ridge","2023-01-02",8,"0.5","2.9800661357327498","2.5317231836527245"
"Part 3","Normal Ridge","2023-01-02",8,"0.65000000000000002","2.9800661357327498","2.6248416211907868"
"Part 3","Normal Ridge","2023-01-02",8,"0.80000000000000004","2.9800661357327498","2.711836041287961"
"Part 3","Normal Ridge","2023-01-02",8,"0.94999999999999996","2.9800661357327498","2.8816612179729235"
"Part 3","Normal Ridge","2023-01-03",9,"0.050000000000000003","2.7906187723409999","2.1495481189111092"
"Part 3","Normal Ridge","2023-01-03",9,"0.20000000000000001","2.7906187723409999","2.3246741014459387"
"Part 3","Normal Ridge","2023-01-03",9,"0.34999999999999998","2.7906187723409999","2.409374761927753"
"Part 3","Normal Ridge","2023-01-03",9,"0.5","2.7906187723409999","2.4898022895736625"
"Part 3","Normal Ridge","2023-01-03",9,"0.65000000000000002","2.7906187723409999","2.55342429761372"
"Part 3","Normal Ridge","2023-01-03",9,"0.80000000000000004","2.7906187723409999","2.6375835276281632"
"Part 3","Normal Ridge","2023-01-03",9,"0.94999999999999996","2.7906187723409999","2.8298592344056095"
"Part 3","Normal Ridge","2023-01-04",10,"0.050000000000000003","3.4253268741041198","2.2714112431764857"
"Part 3","Normal Ridge","2023-01-04",10,"0.20000000000000001","3.4253268741041198","2.4376190848904153"
"Part 3","Normal Ridge","2023-01-04",10,"0.34999999999999998","3.4253268741041198","2.5505092474230895"
"Part 3","Normal Ridge","2023-01-04",10,"0.5","3.4253268741041198","2.6209496805336134"
"Part 3","Normal Ridge","2023-01-04",10,"0.65000000000000002","3.4253268741041198","2.7086696282083258"
"Part 3","Normal Ridge","2023-01-04",10,"0.80000000000000004","3.4253268741041198","2.770602448806704"
"Part 3","Normal Ridge","2023-01-04",10,"0.94999999999999996","3.4253268741041198","2.9398694827617411"
"Part 3","Normal Ridge","2023-01-05",11,"0.050000000000000003","4.2538561917311197","2.8114144153686711"
"Part 3","Normal Ridge","2023-01-05",11,"0.20000000000000001","4.2538561917311197","2.9500374218974441"
"Part 3","Normal Ridge","2023-01-05",11,"0.34999999999999998","4.2538561917311197","3.0480014691694191"
"Part 3","Normal Ridge","2023-01-05",11,"0.5","4.2538561917311197","3.1147306560232058"
"Part 3","Normal Ridge","2023-01-05",11,"0.65000000000000002","4.2538561917311197","3.1871845507779879"
"Part 3","Normal Ridge","2023-01-05",11,"0.80000000000000004","4.2538561917311197","3.2716172254793738"
"Part 3","Normal Ridge","2023-01-05",11,"0.94999999999999996","4.2538561917311197","3.4413498249361565"
"Part 3","Normal Ridge","2023-01-06",12,"0.050000000000000003","3.3877748703163699","3.0006126514997922"
"Part 3","Normal Ridge","2023-01-06",12,"0.20000000000000001","3.3877748703163699","3.1548661939905456"
"Part 3","Normal Ridge","2023-01-06",12,"0.34999999999999998","3.3877748703163699","3.2377354677156758"
"Part 3","Normal Ridge","2023-01-06",12,"0.5","3.3877748703163699","3.309656932368807"
"Part 3","Normal Ridge","2023-01-06",12,"0.65000000000000002","3.3877748703163699","3.3928765726931802"
"Part 3","Normal Ridge","2023-01-06",12,"0.80000000000000004","3.3877748703163699","3.4922476012321875"
"Part 3","Normal Ridge","2023-01-06",12,"0.94999999999999996","3.3877748703163699","3.6452357246250431"
"Part 3","Normal Ridge","2023-01-07",13,"0.050000000000000003","3.0468210981970301","2.5021796625331048"
"Part 3","Normal Ridge","2023-01-07",13,"0.20000000000000001","3.0468210981970301","2.6623850775555473"
"Part 3","Normal Ridge","2023-01-07",13,"0.34999999999999998","3.0468210981970301","2.7413271724648167"
"Part 3","Normal Ridge","2023-01-07",13,"0.5","3.0468210981970301","2.810107639237089"
"Part 3","Normal Ridge","2023-01-07",13,"0.65000000000000002","3.0468210981970301","2.890625652931893"
"Part 3","Normal Ridge","2023-01-07",13,"0.80000000000000004","3.0468210981970301","2.9899540456988607"
"Part 3","Normal Ridge","2023-01-07",13,"0.94999999999999996","3.0468210981970301","3.1594581404794111"
"Part 3","Normal Ridge","2023-01-08",14,"0.050000000000000003","4.0491819932109401","2.4209992061180761"
"Part 3","Normal Ridge","2023-01-08",14,"0.20000000000000001","4.0491819932109401","2.573797755337659"
"Part 3","Normal Ridge","2023-01-08",14,"0.34999999999999998","4.0491819932109401","2.6833204383156799"
"Part 3","Normal Ridge","2023-01-08",14,"0.5","4.0491819932109401","2.7518219943053603"
"Part 3","Normal Ridge","2023-01-08",14,"0.65000000000000002","4.0491819932109401","2.8285739428150629"
"Part 3","Normal Ridge","2023-01-08",14,"0.80000000000000004","4.0491819932109401","2.9092727924763411"
"Part 3","Normal Ridge","2023-01-08",14,"0.94999999999999996","4.0491819932109401","3.0750367151455142"
"Part 3","Normal Ridge","2023-01-09",15,"0.050000000000000003","5.3643837104354404","3.1589919409014162"
"Part 3","Normal Ridge","2023-01-09",15,"0.20000000000000001","5.3643837104354404","3.3164246419256855"
"Part 3","Normal Ridge","2023-01-09",15,"0.34999999999999998","5.3643837104354404","3.4028030661929591"
"Part 3","Normal Ridge","2023-01-09",15,"0.5","5.3643837104354404","3.4829888710224965"
"Part 3","Normal Ridge","2023-01-09",15,"0.65000000000000002","5.3643837104354404","3.5671833806893609"
"Part 3","Normal Ridge","2023-01-09",15,"0.80000000000000004","5.3643837104354404","3.6633976839686433"
"Part 3","Normal Ridge","2023-01-09",15,"0.94999999999999996","5.3643837104354404","3.8095045453013672"
"Part 3","Normal Ridge","2023-01-10",16,"0.050000000000000003","4.0879218550918797","2.9898220594949745"
"Part 3","Normal Ridge","2023-01-10",16,"0.20000000000000001","4.0879218550918797","3.165451043432383"
"Part 3","Normal Ridge","2023-01-10",16,"0.34999999999999998","4.0879218550918797","3.2484926337397266"
"Part 3","Normal Ridge","2023-01-10",16,"0.5","4.0879218550918797","3.3341106149849509"
"Part 3","Normal Ridge","2023-01-10",16,"0.65000000000000002","4.0879218550918797","3.4143094963181637"
"Part 3","Normal Ridge","2023-01-10",16,"0.80000000000000004","4.0879218550918797","3.4949819993961837"
"Part 3","Normal Ridge","2023-01-10",16,"0.94999999999999996","4.0879218550918797","3.6181924107638981"
"Part 3","Normal Ridge","2023-01-11",17,"0.050000000000000003","3.9985463313635701","2.7736935439809383"
"Part 3","Normal Ridge","2023-01-11",17,"0.20000000000000001","3.9985463313635701","2.9577560591896814"
"Part 3","Normal Ridge","2023-01-11",17,"0.34999999999999998","3.9985463313635701","3.0551815766508277"
"Part 3","Normal Ridge","2023-01-11",17,"0.5","3.9985463313635701","3.1355108328269243"
"Part 3","Normal Ridge","2023-01-11",17,"0.65000000000000002","3.9985463313635701","3.2235675648777233"
"Part 3","Normal Ridge","2023-01-11",17,"0.80000000000000004","3.9985463313635701","3.3153440541340791"
"Part 3","Normal Ridge","2023-01-11",17,"0.94999999999999996","3.9985463313635701","3.4565483081612749"
"Part 3","Normal Ridge","2023-01-12",18,"0.050000000000000003","3.8772065627189898","2.776805469426475"
"Part 3","Normal Ridge","2023-01-12",18,"0.20000000000000001","3.8772065627189898","2.9281895217606024"
"Part 3","Normal Ridge","2023-01-12",18,"0.34999999999999998","3.8772065627189898","3.012460883897417"
"Part 3","Normal Ridge","2023-01-12",18,"0.5","3.8772065627189898","3.09088560400851"
"Part 3","Normal Ridge","2023-01-12",18,"0.65000000000000002","3.8772065627189898","3.1651151014108176"
"Part 3","Normal Ridge","2023-01-12",18,"0.80000000000000004","3.8772065627189898","3.2450463001415937"
"Part 3","Normal Ridge","2023-01-12",18,"0.94999999999999996","3.8772065627189898","3.4071434402185448"
"Part 3","Normal Ridge","2023-01-13",19,"0.050000000000000003","3.9775516526665502","2.511731892882481"
"Part 3","Normal Ridge","2023-01-13",19,"0.20000000000000001","3.9775516526665502","2.6840267560642301"
"Part 3","Normal Ridge","2023-01-13",19,"0.34999999999999998","3.9775516526665502","2.7806646214489392"
"Part 3","Normal Ridge","2023-01-13",19,"0.5","3.9775516526665502","2.8696172275546732"
"Part 3","Normal Ridge","2023-01-13",19,"0.65000000000000002","3.9775516526665502","2.945978565694082"
"Part 3","Normal Ridge","2023-01-13",19,"0.80000000000000004","3.9775516526665502","3.0529029229975766"
"Part 3","Normal Ridge","2023-01-13",19,"0.94999999999999996","3.9775516526665502","3.2149907952871501"
"Part 3","Normal Ridge","2023-01-14",20,"0.050000000000000003","5.11080665260834","2.8705114858824556"
"Part 3","Normal Ridge","2023-01-14",20,"0.20000000000000001","5.11080665260834","3.0403303873749072"
"Part 3","Normal Ridge","2023-01-14",20,"0.34999999999999998","5.11080665260834","3.1361716654850316"
"Part 3","Normal Ridge","2023-01-14",20,"0.5","5.11080665260834","3.2082619102032561"
"Part 3","Normal Ridge","2023-01-14",20,"0.65000000000000002","5.11080665260834","3.28252835824469"
"Part 3","Normal Ridge","2023-01-14",20,"0.80000000000000004","5.11080665260834","3.3648445725840794"
"Part 3","Normal Ridge","2023-01-14",20,"0.94999999999999996","5.11080665260834","3.4987518912260009"
"Part 3","Normal Ridge","2023-01-15",21,"0.050000000000000003","4.2457763669416497","3.4206600474149171"
"Part 3","Normal Ridge","2023-01-15",21,"0.20000000000000001","4.2457763669416497","3.581202384972292"
"Part 3","Normal Ridge","2023-01-15",21,"0.34999999999999998","4.2457763669416497","3.6836017644480203"
"Part 3","Normal Ridge","2023-01-15",21,"0.5","4.2457763669416497","3.7529727392620593"
"Part 3","Normal Ridge","2023-01-15",21,"0.65000000000000002","4.2457763669416497","3.8353934838941877"
"Part 3","Normal Ridge","2023-01-15",21,"0.80000000000000004","4.2457763669416497","3.9380098408021116"
"Part 3","Normal Ridge","2023-01-15",21,"0.94999999999999996","4.2457763669416497","4.0925597850752293"
"Part 3","Normal Ridge","2023-01-16",22,"0.050000000000000003","4.4668641404166696","3.4412772945916252"
"Part 3","Normal Ridge","2023-01-16",22,"0.20000000000000001","4.4668641404166696","3.5947932213415026"
"Part 3","Normal Ridge","2023-01-16",22,"0.34999999999999998","4.4668641404166696","3.6714181888157675"
"Part 3","Normal Ridge","2023-01-16",22,"0.5","4.4668641404166696","3.7462314166073116"
"Part 3","Normal Ridge","2023-01-16",22,"0.65000000000000002","4.4668641404166696","3.8322991242315956"
"Part 3","Normal Ridge","2023-01-16",22,"0.80000000000000004","4.4668641404166696","3.9148577857284295"
"Part 3","Normal Ridge","2023-01-16",22,"0.94999999999999996","4.4668641404166696","4.1135739366675965"
"Part 3","Normal Ridge","2023-01-17",23,"0.050000000000000003","3.8105279137394601","2.7900426344941396"
"Part 3","Normal Ridge","2023-01-17",23,"0.20000000000000001","3.8105279137394601","2.9700515482966376"
"Part 3","Normal Ridge","2023-01-17",23,"0.34999999999999998","3.8105279137394601","3.0627453870591839"
"Part 3","Normal Ridge","2023-01-17",23,"0.5","3.8105279137394601","3.1363564834131932"
"Part 3","Normal Ridge","2023-01-17",23,"0.65000000000000002","3.8105279137394601","3.2225339394072812"
"Part 3","Normal Ridge","2023-01-17",23,"0.80000000000000004","3.8105279137394601","3.3115725151050688"
"Part 3","Normal Ridge","2023-01-17",23,"0.94999999999999996","3.8105279137394601","3.4671618147261412"
"Part 3","Normal Ridge","2023-01-18",24,"0.050000000000000003","3.4344986026020599","2.5475263930293179"
"Part 3","Normal Ridge","2023-01-18",24,"0.20000000000000001","3.4344986026020599","2.6839252322265796"
"Part 3","Normal Ridge","2023-01-18",24,"0.34999999999999998","3.4344986026020599","2.7827532462106008"
"Part 3","Normal Ridge","2023-01-18",24,"0.5","3.4344986026020599","2.865690252361035"
"Part 3","Normal Ridge","2023-01-18",24,"0.65000000000000002","3.4344986026020599","2.9276655213545748"
"Part 3","Normal Ridge","2023-01-18",24,"0.80000000000000004","3.4344986026020599","3.0143255298851521"
"Part 3","Normal Ridge","2023-01-18",24,"0.94999999999999996","3.4344986026020599","3.156059974833445"
"Part 3","Normal Ridge","2023-01-19",25,"0.050000000000000003","3.2406649484479901","2.7073685784178414"
"Part 3","Normal Ridge","2023-01-19",25,"0.20000000000000001","3.2406649484479901","2.875892025950963"
"Part 3","Normal Ridge","2023-01-19",25,"0.34999999999999998","3.2406649484479901","2.9589239987023497"
"Part 3","Normal Ridge","2023-01-19",25,"0.5","3.2406649484479901","3.0533019676221622"
"Part 3","Normal Ridge","2023-01-19",25,"0.65000000000000002","3.2406649484479901","3.1380730084554433"
"Part 3","Normal Ridge","2023-01-19",25,"0.80000000000000004","3.2406649484479901","3.2302957275574253"
"Part 3","Normal Ridge","2023-01-19",25,"0.94999999999999996","3.2406649484479901","3.3806387610194304"
"Part 3","Normal Ridge","2023-01-20",26,"0.050000000000000003","3.03191192892286","2.7681913019320166"
"Part 3","Normal Ridge","2023-01-20",26,"0.20000000000000001","3.03191192892286","2.9442924017505754"
"Part 3","Normal Ridge","2023-01-20",26,"0.34999999999999998","3.03191192892286","3.0341233707630684"
"Part 3","Normal Ridge","2023-01-20",26,"0.5","3.03191192892286","3.11448638635677"
"Part 3","Normal Ridge","2023-01-20",26,"0.65000000000000002","3.03191192892286","3.1920928978940042"
"Part 3","Normal Ridge","2023-01-20",26,"0.80000000000000004","3.03191192892286","3.2796752926994648"
"Part 3","Normal Ridge","2023-01-20",26,"0.94999999999999996","3.03191192892286","3.4586076059367454"
"Part 3","Normal Ridge","2023-01-21",27,"0.050000000000000003","2.8691474946255902","2.3501468802010113"
"Part 3","Normal Ridge","2023-01-21",27,"0.20000000000000001","2.8691474946255902","2.5578912803500087"
"Part 3","Normal Ridge","2023-01-21",27,"0.34999999999999998","2.8691474946255902","2.6468923175347983"
"Part 3","Normal Ridge","2023-01-21",27,"0.5","2.8691474946255902","2.7337178876505952"
"Part 3","Normal Ridge","2023-01-21",27,"0.65000000000000002","2.8691474946255902","2.8180456579179047"
"Part 3","Normal Ridge","2023-01-21",27,"0.80000000000000004","2.8691474946255902","2.9092450367295708"
"Part 3","Normal Ridge","2023-01-21",27,"0.94999999999999996","2.8691474946255902","3.0708026178535217"
"Part 3","Normal Ridge","2023-01-22",28,"0.050000000000000003","2.7498195670252299","2.098062184976444"
"Part 3","Normal Ridge","2023-01-22",28,"0.20000000000000001","2.7498195670252299","2.2993773430637701"
"Part 3","Normal Ridge","2023-01-22",28,"0.34999999999999998","2.7498195670252299","2.4120836844289686"
"Part 3","Normal Ridge","2023-01-22",28,"0.5","2.7498195670252299","2.4866000631278919"
"Part 3","Normal Ridge","2023-01-22",28,"0.65000000000000002","2.7498195670252299","2.5591726147976681"
"Part 3","Normal Ridge","2023-01-22",28,"0.80000000000000004","2.7498195670252299","2.6538360895478403"
"Part 3","Normal Ridge","2023-01-22",28,"0.94999999999999996","2.7498195670252299","2.8012549811265912"
"Part 3","Normal Ridge","2023-01-23",29,"0.050000000000000003","2.63887392632647","1.9556192404542756"
"Part 3","Normal Ridge","2023-01-23",29,"0.20000000000000001","2.63887392632647","2.0997120270228473"
"Part 3","Normal Ridge","2023-01-23",29,"0.34999999999999998","2.63887392632647","2.1930973882309885"
"Part 3","Normal Ridge","2023-01-23",29,"0.5","2.63887392632647","2.2606259998313258"
"Part 3","Normal Ridge","2023-01-23",29,"0.65000000000000002","2.63887392632647","2.3417692029059154"
"Part 3","Normal Ridge","2023-01-23",29,"0.80000000000000004","2.63887392632647","2.4278247108725104"
"Part 3","Normal Ridge","2023-01-23",29,"0.94999999999999996","2.63887392632647","2.5872088972643303"
"Part 3","Normal Ridge","2023-01-24",30,"0.050000000000000003","2.5344827832565899","2.1364704717509388"
"Part 3","Normal Ridge","2023-01-24",30,"0.20000000000000001","2.5344827832565899","2.2688736840779322"
"Part 3","Normal Ridge","2023-01-24",30,"0.34999999999999998","2.5344827832565899","2.3601637184955155"
"Part 3","Normal Ridge","2023-01-24",30,"0.5","2.5344827832565899","2.4499366558875231"
"Part 3","Normal Ridge","2023-01-24",30,"0.65000000000000002","2.5344827832565899","2.5217326980907502"
"Part 3","Normal Ridge","2023-01-24",30,"0.80000000000000004","2.5344827832565899","2.6068613101684805"
"Part 3","Normal Ridge","2023-01-24",30,"0.94999999999999996","2.5344827832565899","2.742811523393236"
"Part 3","Normal RHS/VB","2022-12-26",1,"0.050000000000000003","0.56468377475649301","0.37839880486559518"
"Part 3","Normal RHS/VB","2022-12-26",1,"0.20000000000000001","0.56468377475649301","0.53333895913036422"
"Part 3","Normal RHS/VB","2022-12-26",1,"0.34999999999999998","0.56468377475649301","0.62976479807955066"
"Part 3","Normal RHS/VB","2022-12-26",1,"0.5","0.56468377475649301","0.72339683892313089"
"Part 3","Normal RHS/VB","2022-12-26",1,"0.65000000000000002","0.56468377475649301","0.79345871888113217"
"Part 3","Normal RHS/VB","2022-12-26",1,"0.80000000000000004","0.56468377475649301","0.87914773854159023"
"Part 3","Normal RHS/VB","2022-12-26",1,"0.94999999999999996","0.56468377475649301","1.0491787003514088"
"Part 3","Normal RHS/VB","2022-12-27",2,"0.050000000000000003","3.1514663625841299","1.6150861842360358"
"Part 3","Normal RHS/VB","2022-12-27",2,"0.20000000000000001","3.1514663625841299","1.7977737617599592"
"Part 3","Normal RHS/VB","2022-12-27",2,"0.34999999999999998","3.1514663625841299","1.8816943854811234"
"Part 3","Normal RHS/VB","2022-12-27",2,"0.5","3.1514663625841299","1.9574120826708477"
"Part 3","Normal RHS/VB","2022-12-27",2,"0.65000000000000002","3.1514663625841299","2.0288319536020762"
"Part 3","Normal RHS/VB","2022-12-27",2,"0.80000000000000004","3.1514663625841299","2.1226298561875496"
"Part 3","Normal RHS/VB","2022-12-27",2,"0.94999999999999996","3.1514663625841299","2.2645593508530286"
"Part 3","Normal RHS/VB","2022-12-28",3,"0.050000000000000003","2.2266236264942898","1.6406299893531946"
"Part 3","Normal RHS/VB","2022-12-28",3,"0.20000000000000001","2.2266236264942898","1.7889895138566587"
"Part 3","Normal RHS/VB","2022-12-28",3,"0.34999999999999998","2.2266236264942898","1.8719042510862289"
"Part 3","Normal RHS/VB","2022-12-28",3,"0.5","2.2266236264942898","1.9357121485373932"
"Part 3","Normal RHS/VB","2022-12-28",3,"0.65000000000000002","2.2266236264942898","2.0268500792142921"
"Part 3","Normal RHS/VB","2022-12-28",3,"0.80000000000000004","2.2266236264942898","2.1119421786546169"
"Part 3","Normal RHS/VB","2022-12-28",3,"0.94999999999999996","2.2266236264942898","2.2644972642374008"
"Part 3","Normal RHS/VB","2022-12-29",4,"0.050000000000000003","1.7553629240913999","1.2591129594508275"
"Part 3","Normal RHS/VB","2022-12-29",4,"0.20000000000000001","1.7553629240913999","1.4395007479830171"
"Part 3","Normal RHS/VB","2022-12-29",4,"0.34999999999999998","1.7553629240913999","1.5528273485226545"
"Part 3","Normal RHS/VB","2022-12-29",4,"0.5","1.7553629240913999","1.627459964130594"
"Part 3","Normal RHS/VB","2022-12-29",4,"0.65000000000000002","1.7553629240913999","1.6973240062918182"
"Part 3","Normal RHS/VB","2022-12-29",4,"0.80000000000000004","1.7553629240913999","1.8018958247631867"
"Part 3","Normal RHS/VB","2022-12-29",4,"0.94999999999999996","1.7553629240913999","1.9348575484572004"
"Part 3","Normal RHS/VB","2022-12-30",5,"0.050000000000000003","2.7443730754966502","2.2234840879615829"
"Part 3","Normal RHS/VB","2022-12-30",5,"0.20000000000000001","2.7443730754966502","2.3872858287014038"
"Part 3","Normal RHS/VB","2022-12-30",5,"0.34999999999999998","2.7443730754966502","2.4833469622542914"
"Part 3","Normal RHS/VB","2022-12-30",5,"0.5","2.7443730754966502","2.5615780422922776"
"Part 3","Normal RHS/VB","2022-12-30",5,"0.65000000000000002","2.7443730754966502","2.6315110686101608"
"Part 3","Normal RHS/VB","2022-12-30",5,"0.80000000000000004","2.7443730754966502","2.7286268668965836"
"Part 3","Normal RHS/VB","2022-12-30",5,"0.94999999999999996","2.7443730754966502","2.8960311305377457"
"Part 3","Normal RHS/VB","2022-12-31",6,"0.050000000000000003","5.2298164117073904","2.7505315054391533"
"Part 3","Normal RHS/VB","2022-12-31",6,"0.20000000000000001","5.2298164117073904","2.9066969759461614"
"Part 3","Normal RHS/VB","2022-12-31",6,"0.34999999999999998","5.2298164117073904","2.9981181725809951"
"Part 3","Normal RHS/VB","2022-12-31",6,"0.5","5.2298164117073904","3.083503877598968"
"Part 3","Normal RHS/VB","2022-12-31",6,"0.65000000000000002","5.2298164117073904","3.1633533006779997"
"Part 3","Normal RHS/VB","2022-12-31",6,"0.80000000000000004","5.2298164117073904","3.253144701517674"
"Part 3","Normal RHS/VB","2022-12-31",6,"0.94999999999999996","5.2298164117073904","3.4178575112694203"
"Part 3","Normal RHS/VB","2023-01-01",7,"0.050000000000000003","3.8167767051474799","2.9179409145375796"
"Part 3","Normal RHS/VB","2023-01-01",7,"0.20000000000000001","3.8167767051474799","3.0732229141762497"
"Part 3","Normal RHS/VB","2023-01-01",7,"0.34999999999999998","3.8167767051474799","3.1758441612277357"
"Part 3","Normal RHS/VB","2023-01-01",7,"0.5","3.8167767051474799","3.261871503397483"
"Part 3","Normal RHS/VB","2023-01-01",7,"0.65000000000000002","3.8167767051474799","3.3360230287083028"
"Part 3","Normal RHS/VB","2023-01-01",7,"0.80000000000000004","3.8167767051474799","3.4350556926751725"
"Part 3","Normal RHS/VB","2023-01-01",7,"0.94999999999999996","3.8167767051474799","3.6106081526086617"
"Part 3","Normal RHS/VB","2023-01-02",8,"0.050000000000000003","2.9800661357327498","2.1757804079816383"
"Part 3","Normal RHS/VB","2023-01-02",8,"0.20000000000000001","2.9800661357327498","2.3404892714767676"
"Part 3","Normal RHS/VB","2023-01-02",8,"0.34999999999999998","2.9800661357327498","2.4366271129583517"
"Part 3","Normal RHS/VB","2023-01-02",8,"0.5","2.9800661357327498","2.5289182168947262"
"Part 3","Normal RHS/VB","2023-01-02",8,"0.65000000000000002","2.9800661357327498","2.6187100473803979"
"Part 3","Normal RHS/VB","2023-01-02",8,"0.80000000000000004","2.9800661357327498","2.7114848855926161"
"Part 3","Normal RHS/VB","2023-01-02",8,"0.94999999999999996","2.9800661357327498","2.8698384891362694"
"Part 3","Normal RHS/VB","2023-01-03",9,"0.050000000000000003","2.7906187723409999","2.1445911563275"
"Part 3","Normal RHS/VB","2023-01-03",9,"0.20000000000000001","2.7906187723409999","2.3182347377273436"
"Part 3","Normal RHS/VB","2023-01-03",9,"0.34999999999999998","2.7906187723409999","2.4071307532428312"
"Part 3","Normal RHS/VB","2023-01-03",9,"0.5","2.7906187723409999","2.4893125915868475"
"Part 3","Normal RHS/VB","2023-01-03",9,"0.65000000000000002","2.7906187723409999","2.5571447925232142"
"Part 3","Normal RHS/VB","2023-01-03",9,"0.80000000000000004","2.7906187723409999","2.6469462000285544"
"Part 3","Normal RHS/VB","2023-01-03",9,"0.94999999999999996","2.7906187723409999","2.8520477879377082"
"Part 3","Normal RHS/VB","2023-01-04",10,"0.050000000000000003","3.4253268741041198","2.2301093641282126"
"Part 3","Normal RHS/VB","2023-01-04",10,"0.20000000000000001","3.4253268741041198","2.4017322666496996"
"Part 3","Normal RHS/VB","2023-01-04",10,"0.34999999999999998","3.4253268741041198","2.5055243953288082"
"Part 3","Normal RHS/VB","2023-01-04",10,"0.5","3.4253268741041198","2.5929925171324197"
"Part 3","Normal RHS/VB","2023-01-04",10,"0.65000000000000002","3.4253268741041198","2.6735948809209922"
"Part 3","Normal RHS/VB","2023-01-04",10,"0.80000000000000004","3.4253268741041198","2.7440401532413254"
"Part 3","Normal RHS/VB","2023-01-04",10,"0.94999999999999996","3.4253268741041198","2.9017459973655084"
"Part 3","Normal RHS/VB","2023-01-05",11,"0.050000000000000003","4.2538561917311197","2.751065109467894"
"Part 3","Normal RHS/VB","2023-01-05",11,"0.20000000000000001","4.2538561917311197","2.9025042013954785"
"Part 3","Normal RHS/VB","2023-01-05",11,"0.34999999999999998","4.2538561917311197","3.0087657908368017"
"Part 3","Normal RHS/VB","2023-01-05",11,"0.5","4.2538561917311197","3.06760611594901"
"Part 3","Normal RHS/VB","2023-01-05",11,"0.65000000000000002","4.2538561917311197","3.1476506651245102"
"Part 3","Normal RHS/VB","2023-01-05",11,"0.80000000000000004","4.2538561917311197","3.234384297244052"
"Part 3","Normal RHS/VB","2023-01-05",11,"0.94999999999999996","4.2538561917311197","3.4058449299470492"
"Part 3","Normal RHS/VB","2023-01-06",12,"0.050000000000000003","3.3877748703163699","2.9583058837207612"
"Part 3","Normal RHS/VB","2023-01-06",12,"0.20000000000000001","3.3877748703163699","3.1127228216371843"
"Part 3","Normal RHS/VB","2023-01-06",12,"0.34999999999999998","3.3877748703163699","3.2042455579706486"
"Part 3","Normal RHS/VB","2023-01-06",12,"0.5","3.3877748703163699","3.270962473755413"
"Part 3","Normal RHS/VB","2023-01-06",12,"0.65000000000000002","3.3877748703163699","3.3605188826409282"
"Part 3","Normal RHS/VB","2023-01-06",12,"0.80000000000000004","3.3877748703163699","3.4564791689594303"
"Part 3","Normal RHS/VB","2023-01-06",12,"0.94999999999999996","3.3877748703163699","3.6303887217875523"
"Part 3","Normal RHS/VB","2023-01-07",13,"0.050000000000000003","3.0468210981970301","2.514446231333495"
"Part 3","Normal RHS/VB","2023-01-07",13,"0.20000000000000001","3.0468210981970301","2.6758969424808292"
"Part 3","Normal RHS/VB","2023-01-07",13,"0.34999999999999998","3.0468210981970301","2.7630181843963504"
"Part 3","Normal RHS/VB","2023-01-07",13,"0.5","3.0468210981970301","2.8329157968155787"
"Part 3","Normal RHS/VB","2023-01-07",13,"0.65000000000000002","3.0468210981970301","2.9120596604125062"
"Part 3","Normal RHS/VB","2023-01-07",13,"0.80000000000000004","3.0468210981970301","3.0210909832811472"
"Part 3","Normal RHS/VB","2023-01-07",13,"0.94999999999999996","3.0468210981970301","3.2011197685591979"
"Part 3","Normal RHS/VB","2023-01-08",14,"0.050000000000000003","4.0491819932109401","2.4602804836240431"
"Part 3","Normal RHS/VB","2023-01-08",14,"0.20000000000000001","4.0491819932109401","2.6144098967691241"
"Part 3","Normal RHS/VB","2023-01-08",14,"0.34999999999999998","4.0491819932109401","2.7218038860501608"
"Part 3","Normal RHS/VB","2023-01-08",14,"0.5","4.0491819932109401","2.7955120430657732"
"Part 3","Normal RHS/VB","2023-01-08",14,"0.65000000000000002","4.0491819932109401","2.8750320928048088"
"Part 3","Normal RHS/VB","2023-01-08",14,"0.80000000000000004","4.0491819932109401","2.9579343103886777"
"Part 3","Normal RHS/VB","2023-01-08",14,"0.94999999999999996","4.0491819932109401","3.1319555219953745"
"Part 3","Normal RHS/VB","2023-01-09",15,"0.050000000000000003","5.3643837104354404","3.1332006293189085"
"Part 3","Normal RHS/VB","2023-01-09",15,"0.20000000000000001","5.3643837104354404","3.2987212571183244"
"Part 3","Normal RHS/VB","2023-01-09",15,"0.34999999999999998","5.3643837104354404","3.3832338146400223"
"Part 3","Normal RHS/VB","2023-01-09",15,"0.5","5.3643837104354404","3.4690434523200011"
"Part 3","Normal RHS/VB","2023-01-09",15,"0.65000000000000002","5.3643837104354404","3.5514305966992019"
"Part 3","Normal RHS/VB","2023-01-09",15,"0.80000000000000004","5.3643837104354404","3.6446852703833659"
"Part 3","Normal RHS/VB","2023-01-09",15,"0.94999999999999996","5.3643837104354404","3.7972927227142259"
"Part 3","Normal RHS/VB","2023-01-10",16,"0.050000000000000003","4.0879218550918797","2.981776908008233"
"Part 3","Normal RHS/VB","2023-01-10",16,"0.20000000000000001","4.0879218550918797","3.150315025266111"
"Part 3","Normal RHS/VB","2023-01-10",16,"0.34999999999999998","4.0879218550918797","3.2472353946732149"
"Part 3","Normal RHS/VB","2023-01-10",16,"0.5","4.0879218550918797","3.3302625395314678"
"Part 3","Normal RHS/VB","2023-01-10",16,"0.65000000000000002","4.0879218550918797","3.4029899902415357"
"Part 3","Normal RHS/VB","2023-01-10",16,"0.80000000000000004","4.0879218550918797","3.4953102641011888"
"Part 3","Normal RHS/VB","2023-01-10",16,"0.94999999999999996","4.0879218550918797","3.6198630781053427"
"Part 3","Normal RHS/VB","2023-01-11",17,"0.050000000000000003","3.9985463313635701","2.7442124653147228"
"Part 3","Normal RHS/VB","2023-01-11",17,"0.20000000000000001","3.9985463313635701","2.9319092566932081"
"Part 3","Normal RHS/VB","2023-01-11",17,"0.34999999999999998","3.9985463313635701","3.0320688936546438"
"Part 3","Normal RHS/VB","2023-01-11",17,"0.5","3.9985463313635701","3.1143022189172451"
"Part 3","Normal RHS/VB","2023-01-11",17,"0.65000000000000002","3.9985463313635701","3.2025774089954249"
"Part 3","Normal RHS/VB","2023-01-11",17,"0.80000000000000004","3.9985463313635701","3.3018030382103074"
"Part 3","Normal RHS/VB","2023-01-11",17,"0.94999999999999996","3.9985463313635701","3.4509569420353952"
"Part 3","Normal RHS/VB","2023-01-12",18,"0.050000000000000003","3.8772065627189898","2.7715644818528684"
"Part 3","Normal RHS/VB","2023-01-12",18,"0.20000000000000001","3.8772065627189898","2.9177759682200639"
"Part 3","Normal RHS/VB","2023-01-12",18,"0.34999999999999998","3.8772065627189898","3.0040972646483057"
"Part 3","Normal RHS/VB","2023-01-12",18,"0.5","3.8772065627189898","3.0788649203277032"
"Part 3","Normal RHS/VB","2023-01-12",18,"0.65000000000000002","3.8772065627189898","3.1506682536745432"
"Part 3","Normal RHS/VB","2023-01-12",18,"0.80000000000000004","3.8772065627189898","3.2364931362044809"
"Part 3","Normal RHS/VB","2023-01-12",18,"0.94999999999999996","3.8772065627189898","3.4041253954382746"
"Part 3","Normal RHS/VB","2023-01-13",19,"0.050000000000000003","3.9775516526665502","2.4787057540274002"
"Part 3","Normal RHS/VB","2023-01-13",19,"0.20000000000000001","3.9775516526665502","2.6555963812607581"
"Part 3","Normal RHS/VB","2023-01-13",19,"0.34999999999999998","3.9775516526665502","2.7557654934185098"
"Part 3","Normal RHS/VB","2023-01-13",19,"0.5","3.9775516526665502","2.8426668902498866"
"Part 3","Normal RHS/VB","2023-01-13",19,"0.65000000000000002","3.9775516526665502","2.9242404163731091"
"Part 3","Normal RHS/VB","2023-01-13",19,"0.80000000000000004","3.9775516526665502","3.0370345950992927"
"Part 3","Normal RHS/VB","2023-01-13",19,"0.94999999999999996","3.9775516526665502","3.1981790788781304"
"Part 3","Normal RHS/VB","2023-01-14",20,"0.050000000000000003","5.11080665260834","2.8297299443953534"
"Part 3","Normal RHS/VB","2023-01-14",20,"0.20000000000000001","5.11080665260834","2.9970963901589229"
"Part 3","Normal RHS/VB","2023-01-14",20,"0.34999999999999998","5.11080665260834","3.0987567929335222"
"Part 3","Normal RHS/VB","2023-01-14",20,"0.5","5.11080665260834","3.1711764354352421"
"Part 3","Normal RHS/VB","2023-01-14",20,"0.65000000000000002","5.11080665260834","3.248530569259958"
"Part 3","Normal RHS/VB","2023-01-14",20,"0.80000000000000004","5.11080665260834","3.3306329514814133"
"Part 3","Normal RHS/VB","2023-01-14",20,"0.94999999999999996","5.11080665260834","3.472846444487772"
"Part 3","Normal RHS/VB","2023-01-15",21,"0.050000000000000003","4.2457763669416497","3.3921926933838709"
"Part 3","Normal RHS/VB","2023-01-15",21,"0.20000000000000001","4.2457763669416497","3.5488012464284062"
"Part 3","Normal RHS/VB","2023-01-15",21,"0.34999999999999998","4.2457763669416497","3.6601227270009669"
"Part 3","Normal RHS/VB","2023-01-15",21,"0.5","4.2457763669416497","3.7260582334725019"
"Part 3","Normal RHS/VB","2023-01-15",21,"0.65000000000000002","4.2457763669416497","3.812344785919247"
"Part 3","Normal RHS/VB","2023-01-15",21,"0.80000000000000004","4.2457763669416497","3.9018751835422858"
"Part 3","Normal RHS/VB","2023-01-15",21,"0.94999999999999996","4.2457763669416497","4.0720378984697767"
"Part 3","Normal RHS/VB","2023-01-16",22,"0.050000000000000003","4.4668641404166696","3.3961188890250469"
"Part 3","Normal RHS/VB","2023-01-16",22,"0.20000000000000001","4.4668641404166696","3.5529027474861175"
"Part 3","Normal RHS/VB","2023-01-16",22,"0.34999999999999998","4.4668641404166696","3.6357805471845568"
"Part 3","Normal RHS/VB","2023-01-16",22,"0.5","4.4668641404166696","3.7168181607929967"
"Part 3","Normal RHS/VB","2023-01-16",22,"0.65000000000000002","4.4668641404166696","3.8002232161513998"
"Part 3","Normal RHS/VB","2023-01-16",22,"0.80000000000000004","4.4668641404166696","3.8861718864512351"
"Part 3","Normal RHS/VB","2023-01-16",22,"0.94999999999999996","4.4668641404166696","4.0926454375821022"
"Part 3","Normal RHS/VB","2023-01-17",23,"0.050000000000000003","3.8105279137394601","2.8178669497791038"
"Part 3","Normal RHS/VB","2023-01-17",23,"0.20000000000000001","3.8105279137394601","2.9993800658936092"
"Part 3","Normal RHS/VB","2023-01-17",23,"0.34999999999999998","3.8105279137394601","3.0872981864782023"
"Part 3","Normal RHS/VB","2023-01-17",23,"0.5","3.8105279137394601","3.1599310914562273"
"Part 3","Normal RHS/VB","2023-01-17",23,"0.65000000000000002","3.8105279137394601","3.244544163105"
"Part 3","Normal RHS/VB","2023-01-17",23,"0.80000000000000004","3.8105279137394601","3.3455723326267908"
"Part 3","Normal RHS/VB","2023-01-17",23,"0.94999999999999996","3.8105279137394601","3.4938354172781185"
"Part 3","Normal RHS/VB","2023-01-18",24,"0.050000000000000003","3.4344986026020599","2.5994886693002477"
"Part 3","Normal RHS/VB","2023-01-18",24,"0.20000000000000001","3.4344986026020599","2.74529286519997"
"Part 3","Normal RHS/VB","2023-01-18",24,"0.34999999999999998","3.4344986026020599","2.8377372592464392"
"Part 3","Normal RHS/VB","2023-01-18",24,"0.5","3.4344986026020599","2.9215547190882991"
"Part 3","Normal RHS/VB","2023-01-18",24,"0.65000000000000002","3.4344986026020599","2.9903542046605156"
"Part 3","Normal RHS/VB","2023-01-18",24,"0.80000000000000004","3.4344986026020599","3.0685654849928268"
"Part 3","Normal RHS/VB","2023-01-18",24,"0.94999999999999996","3.4344986026020599","3.2200585940730369"
"Part 3","Normal RHS/VB","2023-01-19",25,"0.050000000000000003","3.2406649484479901","2.7309915647837459"
"Part 3","Normal RHS/VB","2023-01-19",25,"0.20000000000000001","3.2406649484479901","2.9010891797571174"
"Part 3","Normal RHS/VB","2023-01-19",25,"0.34999999999999998","3.2406649484479901","2.9973125591131744"
"Part 3","Normal RHS/VB","2023-01-19",25,"0.5","3.2406649484479901","3.0908502229419828"
"Part 3","Normal RHS/VB","2023-01-19",25,"0.65000000000000002","3.2406649484479901","3.1657879760965999"
"Part 3","Normal RHS/VB","2023-01-19",25,"0.80000000000000004","3.2406649484479901","3.2616813025870908"
"Part 3","Normal RHS/VB","2023-01-19",25,"0.94999999999999996","3.2406649484479901","3.4282947828527091"
"Part 3","Normal RHS/VB","2023-01-20",26,"0.050000000000000003","3.03191192892286","2.7806839545725626"
"Part 3","Normal RHS/VB","2023-01-20",26,"0.20000000000000001","3.03191192892286","2.964300211253728"
"Part 3","Normal RHS/VB","2023-01-20",26,"0.34999999999999998","3.03191192892286","3.0580312501106568"
"Part 3","Normal RHS/VB","2023-01-20",26,"0.5","3.03191192892286","3.1391154870569338"
"Part 3","Normal RHS/VB","2023-01-20",26,"0.65000000000000002","3.03191192892286","3.223491704470427"
"Part 3","Normal RHS/VB","2023-01-20",26,"0.80000000000000004","3.03191192892286","3.3088512960969725"
"Part 3","Normal RHS/VB","2023-01-20",26,"0.94999999999999996","3.03191192892286","3.4750767681279862"
"Part 3","Normal RHS/VB","2023-01-21",27,"0.050000000000000003","2.8691474946255902","2.3854482038551668"
"Part 3","Normal RHS/VB","2023-01-21",27,"0.20000000000000001","2.8691474946255902","2.5862486041487909"
"Part 3","Normal RHS/VB","2023-01-21",27,"0.34999999999999998","2.8691474946255902","2.6732887153967893"
"Part 3","Normal RHS/VB","2023-01-21",27,"0.5","2.8691474946255902","2.7583675348563119"
"Part 3","Normal RHS/VB","2023-01-21",27,"0.65000000000000002","2.8691474946255902","2.8469956348324583"
"Part 3","Normal RHS/VB","2023-01-21",27,"0.80000000000000004","2.8691474946255902","2.9398707117396112"
"Part 3","Normal RHS/VB","2023-01-21",27,"0.94999999999999996","2.8691474946255902","3.0953737918868702"
"Part 3","Normal RHS/VB","2023-01-22",28,"0.050000000000000003","2.7498195670252299","2.1214282959242152"
"Part 3","Normal RHS/VB","2023-01-22",28,"0.20000000000000001","2.7498195670252299","2.3155813147735662"
"Part 3","Normal RHS/VB","2023-01-22",28,"0.34999999999999998","2.7498195670252299","2.424494899184682"
"Part 3","Normal RHS/VB","2023-01-22",28,"0.5","2.7498195670252299","2.5114968146066046"
"Part 3","Normal RHS/VB","2023-01-22",28,"0.65000000000000002","2.7498195670252299","2.5831298243360945"
"Part 3","Normal RHS/VB","2023-01-22",28,"0.80000000000000004","2.7498195670252299","2.6812655558234901"
"Part 3","Normal RHS/VB","2023-01-22",28,"0.94999999999999996","2.7498195670252299","2.8320167977150943"
"Part 3","Normal RHS/VB","2023-01-23",29,"0.050000000000000003","2.63887392632647","1.9916670619240209"
"Part 3","Normal RHS/VB","2023-01-23",29,"0.20000000000000001","2.63887392632647","2.1427399034076995"
"Part 3","Normal RHS/VB","2023-01-23",29,"0.34999999999999998","2.63887392632647","2.2386716245704434"
"Part 3","Normal RHS/VB","2023-01-23",29,"0.5","2.63887392632647","2.3090466737584663"
"Part 3","Normal RHS/VB","2023-01-23",29,"0.65000000000000002","2.63887392632647","2.3838232345222385"
"Part 3","Normal RHS/VB","2023-01-23",29,"0.80000000000000004","2.63887392632647","2.4645227373243284"
"Part 3","Normal RHS/VB","2023-01-23",29,"0.94999999999999996","2.63887392632647","2.6479920896661771"
"Part 3","Normal RHS/VB","2023-01-24",30,"0.050000000000000003","2.5344827832565899","2.1579362982551222"
"Part 3","Normal RHS/VB","2023-01-24",30,"0.20000000000000001","2.5344827832565899","2.2908976486436883"
"Part 3","Normal RHS/VB","2023-01-24",30,"0.34999999999999998","2.5344827832565899","2.3849561954685452"
"Part 3","Normal RHS/VB","2023-01-24",30,"0.5","2.5344827832565899","2.4739808578930087"
"Part 3","Normal RHS/VB","2023-01-24",30,"0.65000000000000002","2.5344827832565899","2.5447476792651784"
"Part 3","Normal RHS/VB","2023-01-24",30,"0.80000000000000004","2.5344827832565899","2.6336204532232532"
"Part 3","Normal RHS/VB","2023-01-24",30,"0.94999999999999996","2.5344827832565899","2.7737151116935483"
"Part 3","Independent AL","2022-12-26",1,"0.050000000000000003","0.56468377475649301","0.52850808530260396"
"Part 3","Independent AL","2022-12-26",1,"0.20000000000000001","0.56468377475649301","0.55577504979519199"
"Part 3","Independent AL","2022-12-26",1,"0.34999999999999998","0.56468377475649301","0.60518816459341995"
"Part 3","Independent AL","2022-12-26",1,"0.5","0.56468377475649301","0.67988493550083895"
"Part 3","Independent AL","2022-12-26",1,"0.65000000000000002","0.56468377475649301","0.76695731731035599"
"Part 3","Independent AL","2022-12-26",1,"0.80000000000000004","0.56468377475649301","0.89918532755073599"
"Part 3","Independent AL","2022-12-26",1,"0.94999999999999996","0.56468377475649301","1.0815530272947"
"Part 3","Independent AL","2022-12-27",2,"0.050000000000000003","3.1514663625841299","0.81814095133895404"
"Part 3","Independent AL","2022-12-27",2,"0.20000000000000001","3.1514663625841299","0.92823378889960395"
"Part 3","Independent AL","2022-12-27",2,"0.34999999999999998","3.1514663625841299","1.0762128564457401"
"Part 3","Independent AL","2022-12-27",2,"0.5","3.1514663625841299","1.28584301944158"
"Part 3","Independent AL","2022-12-27",2,"0.65000000000000002","3.1514663625841299","1.5446336189593199"
"Part 3","Independent AL","2022-12-27",2,"0.80000000000000004","3.1514663625841299","1.97572430597892"
"Part 3","Independent AL","2022-12-27",2,"0.94999999999999996","3.1514663625841299","2.8032224632721401"
"Part 3","Independent AL","2022-12-28",3,"0.050000000000000003","2.2266236264942898","1.0589003745771299"
"Part 3","Independent AL","2022-12-28",3,"0.20000000000000001","2.2266236264942898","1.21350805485577"
"Part 3","Independent AL","2022-12-28",3,"0.34999999999999998","2.2266236264942898","1.3760832912518"
"Part 3","Independent AL","2022-12-28",3,"0.5","2.2266236264942898","1.5692092378499101"
"Part 3","Independent AL","2022-12-28",3,"0.65000000000000002","2.2266236264942898","1.7965669377920399"
"Part 3","Independent AL","2022-12-28",3,"0.80000000000000004","2.2266236264942898","2.1408209092596899"
"Part 3","Independent AL","2022-12-28",3,"0.94999999999999996","2.2266236264942898","2.6500064837752699"
"Part 3","Independent AL","2022-12-29",4,"0.050000000000000003","1.7553629240913999","1.01858560520355"
"Part 3","Independent AL","2022-12-29",4,"0.20000000000000001","1.7553629240913999","1.14982435289115"
"Part 3","Independent AL","2022-12-29",4,"0.34999999999999998","1.7553629240913999","1.2896957943282901"
"Part 3","Independent AL","2022-12-29",4,"0.5","1.7553629240913999","1.4380641618147001"
"Part 3","Independent AL","2022-12-29",4,"0.65000000000000002","1.7553629240913999","1.6091531273690001"
"Part 3","Independent AL","2022-12-29",4,"0.80000000000000004","1.7553629240913999","1.8672909314748001"
"Part 3","Independent AL","2022-12-29",4,"0.94999999999999996","1.7553629240913999","2.2958718918210299"
"Part 3","Independent AL","2022-12-30",5,"0.050000000000000003","2.7443730754966502","1.31884046393382"
"Part 3","Independent AL","2022-12-30",5,"0.20000000000000001","2.7443730754966502","1.5568815871416299"
"Part 3","Independent AL","2022-12-30",5,"0.34999999999999998","2.7443730754966502","1.7541528953129799"
"Part 3","Independent AL","2022-12-30",5,"0.5","2.7443730754966502","1.9683136781516499"
"Part 3","Independent AL","2022-12-30",5,"0.65000000000000002","2.7443730754966502","2.24366743116917"
"Part 3","Independent AL","2022-12-30",5,"0.80000000000000004","2.7443730754966502","2.65524722250822"
"Part 3","Independent AL","2022-12-30",5,"0.94999999999999996","2.7443730754966502","3.3521855497788899"
"Part 3","Independent AL","2022-12-31",6,"0.050000000000000003","5.2298164117073904","1.6762132445426201"
"Part 3","Independent AL","2022-12-31",6,"0.20000000000000001","5.2298164117073904","1.8967758295325201"
"Part 3","Independent AL","2022-12-31",6,"0.34999999999999998","5.2298164117073904","2.0933462996710102"
"Part 3","Independent AL","2022-12-31",6,"0.5","5.2298164117073904","2.3344324190626402"
"Part 3","Independent AL","2022-12-31",6,"0.65000000000000002","5.2298164117073904","2.6660872901434201"
"Part 3","Independent AL","2022-12-31",6,"0.80000000000000004","5.2298164117073904","3.1677957770023499"
"Part 3","Independent AL","2022-12-31",6,"0.94999999999999996","5.2298164117073904","3.9684789869635901"
"Part 3","Independent AL","2023-01-01",7,"0.050000000000000003","3.8167767051474799","1.76962989745028"
"Part 3","Independent AL","2023-01-01",7,"0.20000000000000001","3.8167767051474799","2.0577120180668702"
"Part 3","Independent AL","2023-01-01",7,"0.34999999999999998","3.8167767051474799","2.3203161815149902"
"Part 3","Independent AL","2023-01-01",7,"0.5","3.8167767051474799","2.5862645632343599"
"Part 3","Independent AL","2023-01-01",7,"0.65000000000000002","3.8167767051474799","2.9055496906298002"
"Part 3","Independent AL","2023-01-01",7,"0.80000000000000004","3.8167767051474799","3.4105354437811002"
"Part 3","Independent AL","2023-01-01",7,"0.94999999999999996","3.8167767051474799","4.1271452906213302"
"Part 3","Independent AL","2023-01-02",8,"0.050000000000000003","2.9800661357327498","1.74905360305234"
"Part 3","Independent AL","2023-01-02",8,"0.20000000000000001","2.9800661357327498","2.0325277615583901"
"Part 3","Independent AL","2023-01-02",8,"0.34999999999999998","2.9800661357327498","2.2516655175840299"
"Part 3","Independent AL","2023-01-02",8,"0.5","2.9800661357327498","2.4282351262643602"
"Part 3","Independent AL","2023-01-02",8,"0.65000000000000002","2.9800661357327498","2.6053613507025699"
"Part 3","Independent AL","2023-01-02",8,"0.80000000000000004","2.9800661357327498","2.86653338467142"
"Part 3","Independent AL","2023-01-02",8,"0.94999999999999996","2.9800661357327498","3.2599967825176801"
"Part 3","Independent AL","2023-01-03",9,"0.050000000000000003","2.7906187723409999","1.6515908321583199"
"Part 3","Independent AL","2023-01-03",9,"0.20000000000000001","2.7906187723409999","1.95157838704151"
"Part 3","Independent AL","2023-01-03",9,"0.34999999999999998","2.7906187723409999","2.1450402575570502"
"Part 3","Independent AL","2023-01-03",9,"0.5","2.7906187723409999","2.3023129776147502"
"Part 3","Independent AL","2023-01-03",9,"0.65000000000000002","2.7906187723409999","2.46797274856372"
"Part 3","Independent AL","2023-01-03",9,"0.80000000000000004","2.7906187723409999","2.7540491822281101"
"Part 3","Independent AL","2023-01-03",9,"0.94999999999999996","2.7906187723409999","3.1982852804742801"
"Part 3","Independent AL","2023-01-04",10,"0.050000000000000003","3.4253268741041198","1.7786154726110499"
"Part 3","Independent AL","2023-01-04",10,"0.20000000000000001","3.4253268741041198","2.0397719294823999"
"Part 3","Independent AL","2023-01-04",10,"0.34999999999999998","3.4253268741041198","2.2157786419405001"
"Part 3","Independent AL","2023-01-04",10,"0.5","3.4253268741041198","2.3599904836374899"
"Part 3","Independent AL","2023-01-04",10,"0.65000000000000002","3.4253268741041198","2.5100205078172499"
"Part 3","Independent AL","2023-01-04",10,"0.80000000000000004","3.4253268741041198","2.7478919035302098"
"Part 3","Independent AL","2023-01-04",10,"0.94999999999999996","3.4253268741041198","3.1614821150536598"
"Part 3","Independent AL","2023-01-05",11,"0.050000000000000003","4.2538561917311197","1.8132722871119999"
"Part 3","Independent AL","2023-01-05",11,"0.20000000000000001","4.2538561917311197","2.1121314198758201"
"Part 3","Independent AL","2023-01-05",11,"0.34999999999999998","4.2538561917311197","2.3541611893950498"
"Part 3","Independent AL","2023-01-05",11,"0.5","4.2538561917311197","2.6052876412793999"
"Part 3","Independent AL","2023-01-05",11,"0.65000000000000002","4.2538561917311197","2.8761028527488399"
"Part 3","Independent AL","2023-01-05",11,"0.80000000000000004","4.2538561917311197","3.2586140050212702"
"Part 3","Independent AL","2023-01-05",11,"0.94999999999999996","4.2538561917311197","3.96029540462645"
"Part 3","Independent AL","2023-01-06",12,"0.050000000000000003","3.3877748703163699","1.9503558999680599"
"Part 3","Independent AL","2023-01-06",12,"0.20000000000000001","3.3877748703163699","2.2325907324867198"
"Part 3","Independent AL","2023-01-06",12,"0.34999999999999998","3.3877748703163699","2.4891401960109998"
"Part 3","Independent AL","2023-01-06",12,"0.5","3.3877748703163699","2.7616610441653702"
"Part 3","Independent AL","2023-01-06",12,"0.65000000000000002","3.3877748703163699","3.07614715190513"
"Part 3","Independent AL","2023-01-06",12,"0.80000000000000004","3.3877748703163699","3.4857671888185102"
"Part 3","Independent AL","2023-01-06",12,"0.94999999999999996","3.3877748703163699","4.1808265066199199"
"Part 3","Independent AL","2023-01-07",13,"0.050000000000000003","3.0468210981970301","2.0771739419572799"
"Part 3","Independent AL","2023-01-07",13,"0.20000000000000001","3.0468210981970301","2.3069620718549402"
"Part 3","Independent AL","2023-01-07",13,"0.34999999999999998","3.0468210981970301","2.5077498045536601"
"Part 3","Independent AL","2023-01-07",13,"0.5","3.0468210981970301","2.7093214096739202"
"Part 3","Independent AL","2023-01-07",13,"0.65000000000000002","3.0468210981970301","2.9325211555322399"
"Part 3","Independent AL","2023-01-07",13,"0.80000000000000004","3.0468210981970301","3.2050821271504599"
"Part 3","Independent AL","2023-01-07",13,"0.94999999999999996","3.0468210981970301","3.5815773471895702"
"Part 3","Independent AL","2023-01-08",14,"0.050000000000000003","4.0491819932109401","2.0384473672857402"
"Part 3","Independent AL","2023-01-08",14,"0.20000000000000001","4.0491819932109401","2.1976941909722201"
"Part 3","Independent AL","2023-01-08",14,"0.34999999999999998","4.0491819932109401","2.3571783143894498"
"Part 3","Independent AL","2023-01-08",14,"0.5","4.0491819932109401","2.54587193023151"
"Part 3","Independent AL","2023-01-08",14,"0.65000000000000002","4.0491819932109401","2.7654094089583499"
"Part 3","Independent AL","2023-01-08",14,"0.80000000000000004","4.0491819932109401","3.0815323302553299"
"Part 3","Independent AL","2023-01-08",14,"0.94999999999999996","4.0491819932109401","3.66411285843246"
"Part 3","Independent AL","2023-01-09",15,"0.050000000000000003","5.3643837104354404","2.28045664935751"
"Part 3","Independent AL","2023-01-09",15,"0.20000000000000001","5.3643837104354404","2.4977070278493199"
"Part 3","Independent AL","2023-01-09",15,"0.34999999999999998","5.3643837104354404","2.7202986572104302"
"Part 3","Independent AL","2023-01-09",15,"0.5","5.3643837104354404","2.9604418513952702"
"Part 3","Independent AL","2023-01-09",15,"0.65000000000000002","5.3643837104354404","3.2265576222784902"
"Part 3","Independent AL","2023-01-09",15,"0.80000000000000004","5.3643837104354404","3.6258185676253998"
"Part 3","Independent AL","2023-01-09",15,"0.94999999999999996","5.3643837104354404","4.3214029742534699"
"Part 3","Independent AL","2023-01-10",16,"0.050000000000000003","4.0879218550918797","2.3512263789224499"
"Part 3","Independent AL","2023-01-10",16,"0.20000000000000001","4.0879218550918797","2.6014805700739401"
"Part 3","Independent AL","2023-01-10",16,"0.34999999999999998","4.0879218550918797","2.8072614678253598"
"Part 3","Independent AL","2023-01-10",16,"0.5","4.0879218550918797","3.0199602611424901"
"Part 3","Independent AL","2023-01-10",16,"0.65000000000000002","4.0879218550918797","3.2490200932702402"
"Part 3","Independent AL","2023-01-10",16,"0.80000000000000004","4.0879218550918797","3.5975316065580598"
"Part 3","Independent AL","2023-01-10",16,"0.94999999999999996","4.0879218550918797","4.0520560168694804"
"Part 3","Independent AL","2023-01-11",17,"0.050000000000000003","3.9985463313635701","2.2426446682230998"
"Part 3","Independent AL","2023-01-11",17,"0.20000000000000001","3.9985463313635701","2.5293124555865401"
"Part 3","Independent AL","2023-01-11",17,"0.34999999999999998","3.9985463313635701","2.7480070021657599"
"Part 3","Independent AL","2023-01-11",17,"0.5","3.9985463313635701","2.9562111313508201"
"Part 3","Independent AL","2023-01-11",17,"0.65000000000000002","3.9985463313635701","3.1730607766479499"
"Part 3","Independent AL","2023-01-11",17,"0.80000000000000004","3.9985463313635701","3.4453467439045"
"Part 3","Independent AL","2023-01-11",17,"0.94999999999999996","3.9985463313635701","3.7808133107688202"
"Part 3","Independent AL","2023-01-12",18,"0.050000000000000003","3.8772065627189898","2.2650709995635099"
"Part 3","Independent AL","2023-01-12",18,"0.20000000000000001","3.8772065627189898","2.5323564585998"
"Part 3","Independent AL","2023-01-12",18,"0.34999999999999998","3.8772065627189898","2.7127205804931802"
"Part 3","Independent AL","2023-01-12",18,"0.5","3.8772065627189898","2.8907185889579998"
"Part 3","Independent AL","2023-01-12",18,"0.65000000000000002","3.8772065627189898","3.0719240320943402"
"Part 3","Independent AL","2023-01-12",18,"0.80000000000000004","3.8772065627189898","3.3390420855282401"
"Part 3","Independent AL","2023-01-12",18,"0.94999999999999996","3.8772065627189898","3.8034954560915799"
"Part 3","Independent AL","2023-01-13",19,"0.050000000000000003","3.9775516526665502","2.1789742263232501"
"Part 3","Independent AL","2023-01-13",19,"0.20000000000000001","3.9775516526665502","2.4403575067554999"
"Part 3","Independent AL","2023-01-13",19,"0.34999999999999998","3.9775516526665502","2.6416986713219401"
"Part 3","Independent AL","2023-01-13",19,"0.5","3.9775516526665502","2.8199687524701398"
"Part 3","Independent AL","2023-01-13",19,"0.65000000000000002","3.9775516526665502","2.9875936808041801"
"Part 3","Independent AL","2023-01-13",19,"0.80000000000000004","3.9775516526665502","3.1503409618192602"
"Part 3","Independent AL","2023-01-13",19,"0.94999999999999996","3.9775516526665502","3.4643379493848401"
"Part 3","Independent AL","2023-01-14",20,"0.050000000000000003","5.11080665260834","2.2222510177467298"
"Part 3","Independent AL","2023-01-14",20,"0.20000000000000001","5.11080665260834","2.4520490018985002"
"Part 3","Independent AL","2023-01-14",20,"0.34999999999999998","5.11080665260834","2.6641564363607801"
"Part 3","Independent AL","2023-01-14",20,"0.5","5.11080665260834","2.8583570219554599"
"Part 3","Independent AL","2023-01-14",20,"0.65000000000000002","5.11080665260834","3.08494601652894"
"Part 3","Independent AL","2023-01-14",20,"0.80000000000000004","5.11080665260834","3.4037436521476301"
"Part 3","Independent AL","2023-01-14",20,"0.94999999999999996","5.11080665260834","3.9758103767982198"
"Part 3","Independent AL","2023-01-15",21,"0.050000000000000003","4.2457763669416497","2.4490929175844398"
"Part 3","Independent AL","2023-01-15",21,"0.20000000000000001","4.2457763669416497","2.7351475085528199"
"Part 3","Independent AL","2023-01-15",21,"0.34999999999999998","4.2457763669416497","2.9928543000382901"
"Part 3","Independent AL","2023-01-15",21,"0.5","4.2457763669416497","3.2597320573592699"
"Part 3","Independent AL","2023-01-15",21,"0.65000000000000002","4.2457763669416497","3.5677093575352901"
"Part 3","Independent AL","2023-01-15",21,"0.80000000000000004","4.2457763669416497","3.9836224310164798"
"Part 3","Independent AL","2023-01-15",21,"0.94999999999999996","4.2457763669416497","4.7399642390811199"
"Part 3","Independent AL","2023-01-16",22,"0.050000000000000003","4.4668641404166696","2.5580768039048101"
"Part 3","Independent AL","2023-01-16",22,"0.20000000000000001","4.4668641404166696","2.8584340581081502"
"Part 3","Independent AL","2023-01-16",22,"0.34999999999999998","4.4668641404166696","3.0982133670718799"
"Part 3","Independent AL","2023-01-16",22,"0.5","4.4668641404166696","3.3177304068762101"
"Part 3","Independent AL","2023-01-16",22,"0.65000000000000002","4.4668641404166696","3.5760819710306802"
"Part 3","Independent AL","2023-01-16",22,"0.80000000000000004","4.4668641404166696","3.9254830624319199"
"Part 3","Independent AL","2023-01-16",22,"0.94999999999999996","4.4668641404166696","4.6067561316277397"
"Part 3","Independent AL","2023-01-17",23,"0.050000000000000003","3.8105279137394601","2.4559737625938598"
"Part 3","Independent AL","2023-01-17",23,"0.20000000000000001","3.8105279137394601","2.6971471563609"
"Part 3","Independent AL","2023-01-17",23,"0.34999999999999998","3.8105279137394601","2.87941870897976"
"Part 3","Independent AL","2023-01-17",23,"0.5","3.8105279137394601","3.0537463912134801"
"Part 3","Independent AL","2023-01-17",23,"0.65000000000000002","3.8105279137394601","3.2377297352243799"
"Part 3","Independent AL","2023-01-17",23,"0.80000000000000004","3.8105279137394601","3.4896004377420198"
"Part 3","Independent AL","2023-01-17",23,"0.94999999999999996","3.8105279137394601","3.8359244881257601"
"Part 3","Independent AL","2023-01-18",24,"0.050000000000000003","3.4344986026020599","2.3682161227545202"
"Part 3","Independent AL","2023-01-18",24,"0.20000000000000001","3.4344986026020599","2.5599759214207101"
"Part 3","Independent AL","2023-01-18",24,"0.34999999999999998","3.4344986026020599","2.7136465642651899"
"Part 3","Independent AL","2023-01-18",24,"0.5","3.4344986026020599","2.8642665116973101"
"Part 3","Independent AL","2023-01-18",24,"0.65000000000000002","3.4344986026020599","3.0257225918966602"
"Part 3","Independent AL","2023-01-18",24,"0.80000000000000004","3.4344986026020599","3.2567795574321101"
"Part 3","Independent AL","2023-01-18",24,"0.94999999999999996","3.4344986026020599","3.6836520919926898"
"Part 3","Independent AL","2023-01-19",25,"0.050000000000000003","3.2406649484479901","2.35011740478138"
"Part 3","Independent AL","2023-01-19",25,"0.20000000000000001","3.2406649484479901","2.5978613260419401"
"Part 3","Independent AL","2023-01-19",25,"0.34999999999999998","3.2406649484479901","2.76525424703545"
"Part 3","Independent AL","2023-01-19",25,"0.5","3.2406649484479901","2.9213637981131502"
"Part 3","Independent AL","2023-01-19",25,"0.65000000000000002","3.2406649484479901","3.0922170152144299"
"Part 3","Independent AL","2023-01-19",25,"0.80000000000000004","3.2406649484479901","3.36449743740125"
"Part 3","Independent AL","2023-01-19",25,"0.94999999999999996","3.2406649484479901","3.7725218002079002"
"Part 3","Independent AL","2023-01-20",26,"0.050000000000000003","3.03191192892286","2.4905620057726101"
"Part 3","Independent AL","2023-01-20",26,"0.20000000000000001","3.03191192892286","2.6474888033151598"
"Part 3","Independent AL","2023-01-20",26,"0.34999999999999998","3.03191192892286","2.7900685768042801"
"Part 3","Independent AL","2023-01-20",26,"0.5","3.03191192892286","2.9411959852890099"
"Part 3","Independent AL","2023-01-20",26,"0.65000000000000002","3.03191192892286","3.1269677240509601"
"Part 3","Independent AL","2023-01-20",26,"0.80000000000000004","3.03191192892286","3.3965964402598701"
"Part 3","Independent AL","2023-01-20",26,"0.94999999999999996","3.03191192892286","3.7646745866083302"
"Part 3","Independent AL","2023-01-21",27,"0.050000000000000003","2.8691474946255902","2.34413493207922"
"Part 3","Independent AL","2023-01-21",27,"0.20000000000000001","2.8691474946255902","2.4968185266679801"
"Part 3","Independent AL","2023-01-21",27,"0.34999999999999998","2.8691474946255902","2.6258347181389801"
"Part 3","Independent AL","2023-01-21",27,"0.5","2.8691474946255902","2.7393141657425901"
"Part 3","Independent AL","2023-01-21",27,"0.65000000000000002","2.8691474946255902","2.8625133709644501"
"Part 3","Independent AL","2023-01-21",27,"0.80000000000000004","2.8691474946255902","2.9908413388209798"
"Part 3","Independent AL","2023-01-21",27,"0.94999999999999996","2.8691474946255902","3.2448916968462398"
"Part 3","Independent AL","2023-01-22",28,"0.050000000000000003","2.7498195670252299","2.1319094310536699"
"Part 3","Independent AL","2023-01-22",28,"0.20000000000000001","2.7498195670252299","2.3024228602564198"
"Part 3","Independent AL","2023-01-22",28,"0.34999999999999998","2.7498195670252299","2.4162551509016801"
"Part 3","Independent AL","2023-01-22",28,"0.5","2.7498195670252299","2.5034566079462999"
"Part 3","Independent AL","2023-01-22",28,"0.65000000000000002","2.7498195670252299","2.6173378279408399"
"Part 3","Independent AL","2023-01-22",28,"0.80000000000000004","2.7498195670252299","2.74100257185468"
"Part 3","Independent AL","2023-01-22",28,"0.94999999999999996","2.7498195670252299","3.0732465266014599"
"Part 3","Independent AL","2023-01-23",29,"0.050000000000000003","2.63887392632647","1.94029724359904"
"Part 3","Independent AL","2023-01-23",29,"0.20000000000000001","2.63887392632647","2.1081492307686598"
"Part 3","Independent AL","2023-01-23",29,"0.34999999999999998","2.63887392632647","2.21214917949314"
"Part 3","Independent AL","2023-01-23",29,"0.5","2.63887392632647","2.3031513741525602"
"Part 3","Independent AL","2023-01-23",29,"0.65000000000000002","2.63887392632647","2.4243686225741898"
"Part 3","Independent AL","2023-01-23",29,"0.80000000000000004","2.63887392632647","2.5918051913920199"
"Part 3","Independent AL","2023-01-23",29,"0.94999999999999996","2.63887392632647","2.8957949416805802"
"Part 3","Independent AL","2023-01-24",30,"0.050000000000000003","2.5344827832565899","2.00710566887691"
"Part 3","Independent AL","2023-01-24",30,"0.20000000000000001","2.5344827832565899","2.21227848672121"
"Part 3","Independent AL","2023-01-24",30,"0.34999999999999998","2.5344827832565899","2.3276789370942002"
"Part 3","Independent AL","2023-01-24",30,"0.5","2.5344827832565899","2.4412610300954398"
"Part 3","Independent AL","2023-01-24",30,"0.65000000000000002","2.5344827832565899","2.5782359586022801"
"Part 3","Independent AL","2023-01-24",30,"0.80000000000000004","2.5344827832565899","2.7541758222955499"
"Part 3","Independent AL","2023-01-24",30,"0.94999999999999996","2.5344827832565899","3.0872599491830002"
"Part 3","Independent exAL","2022-12-26",1,"0.050000000000000003","0.56468377475649301","0.48659515974947998"
"Part 3","Independent exAL","2022-12-26",1,"0.20000000000000001","0.56468377475649301","0.55210564747123503"
"Part 3","Independent exAL","2022-12-26",1,"0.34999999999999998","0.56468377475649301","0.60707908238521002"
"Part 3","Independent exAL","2022-12-26",1,"0.5","0.56468377475649301","0.66624369824448604"
"Part 3","Independent exAL","2022-12-26",1,"0.65000000000000002","0.56468377475649301","0.74077078655851503"
"Part 3","Independent exAL","2022-12-26",1,"0.80000000000000004","0.56468377475649301","0.83749390997395201"
"Part 3","Independent exAL","2022-12-26",1,"0.94999999999999996","0.56468377475649301","1.04342204232645"
"Part 3","Independent exAL","2022-12-27",2,"0.050000000000000003","3.1514663625841299","0.85080573138027904"
"Part 3","Independent exAL","2022-12-27",2,"0.20000000000000001","3.1514663625841299","0.97891645892430401"
"Part 3","Independent exAL","2022-12-27",2,"0.34999999999999998","3.1514663625841299","1.09096650332115"
"Part 3","Independent exAL","2022-12-27",2,"0.5","3.1514663625841299","1.2183738525285699"
"Part 3","Independent exAL","2022-12-27",2,"0.65000000000000002","3.1514663625841299","1.40007968054214"
"Part 3","Independent exAL","2022-12-27",2,"0.80000000000000004","3.1514663625841299","1.6585700471232701"
"Part 3","Independent exAL","2022-12-27",2,"0.94999999999999996","3.1514663625841299","2.32046657635424"
"Part 3","Independent exAL","2022-12-28",3,"0.050000000000000003","2.2266236264942898","1.12088887576909"
"Part 3","Independent exAL","2022-12-28",3,"0.20000000000000001","2.2266236264942898","1.27536274246475"
"Part 3","Independent exAL","2022-12-28",3,"0.34999999999999998","2.2266236264942898","1.3907400177917"
"Part 3","Independent exAL","2022-12-28",3,"0.5","2.2266236264942898","1.51157182339386"
"Part 3","Independent exAL","2022-12-28",3,"0.65000000000000002","2.2266236264942898","1.6761075665381799"
"Part 3","Independent exAL","2022-12-28",3,"0.80000000000000004","2.2266236264942898","1.89613411027199"
"Part 3","Independent exAL","2022-12-28",3,"0.94999999999999996","2.2266236264942898","2.39755211057077"
"Part 3","Independent exAL","2022-12-29",4,"0.050000000000000003","1.7553629240913999","1.04733763546155"
"Part 3","Independent exAL","2022-12-29",4,"0.20000000000000001","1.7553629240913999","1.1973453804224801"
"Part 3","Independent exAL","2022-12-29",4,"0.34999999999999998","1.7553629240913999","1.3007282070691899"
"Part 3","Independent exAL","2022-12-29",4,"0.5","1.7553629240913999","1.3982314256238999"
"Part 3","Independent exAL","2022-12-29",4,"0.65000000000000002","1.7553629240913999","1.5233531800804501"
"Part 3","Independent exAL","2022-12-29",4,"0.80000000000000004","1.7553629240913999","1.6869530768188601"
"Part 3","Independent exAL","2022-12-29",4,"0.94999999999999996","1.7553629240913999","2.0737483570555799"
"Part 3","Independent exAL","2022-12-30",5,"0.050000000000000003","2.7443730754966502","1.4366566388531701"
"Part 3","Independent exAL","2022-12-30",5,"0.20000000000000001","2.7443730754966502","1.6378363288396001"
"Part 3","Independent exAL","2022-12-30",5,"0.34999999999999998","2.7443730754966502","1.77215110869544"
"Part 3","Independent exAL","2022-12-30",5,"0.5","2.7443730754966502","1.9037720170346999"
"Part 3","Independent exAL","2022-12-30",5,"0.65000000000000002","2.7443730754966502","2.0830050194398102"
"Part 3","Independent exAL","2022-12-30",5,"0.80000000000000004","2.7443730754966502","2.3460672614606599"
"Part 3","Independent exAL","2022-12-30",5,"0.94999999999999996","2.7443730754966502","2.9626104700993201"
"Part 3","Independent exAL","2022-12-31",6,"0.050000000000000003","5.2298164117073904","1.7889601307809799"
"Part 3","Independent exAL","2022-12-31",6,"0.20000000000000001","5.2298164117073904","1.9780452077166499"
"Part 3","Independent exAL","2022-12-31",6,"0.34999999999999998","5.2298164117073904","2.1123138306715799"
"Part 3","Independent exAL","2022-12-31",6,"0.5","5.2298164117073904","2.2565000474905901"
"Part 3","Independent exAL","2022-12-31",6,"0.65000000000000002","5.2298164117073904","2.4702710643030499"
"Part 3","Independent exAL","2022-12-31",6,"0.80000000000000004","5.2298164117073904","2.7893208280059101"
"Part 3","Independent exAL","2022-12-31",6,"0.94999999999999996","5.2298164117073904","3.5018642825105002"
"Part 3","Independent exAL","2023-01-01",7,"0.050000000000000003","3.8167767051474799","1.9333753449573099"
"Part 3","Independent exAL","2023-01-01",7,"0.20000000000000001","3.8167767051474799","2.1766713432484299"
"Part 3","Independent exAL","2023-01-01",7,"0.34999999999999998","3.8167767051474799","2.3450577054604498"
"Part 3","Independent exAL","2023-01-01",7,"0.5","3.8167767051474799","2.5062332525351301"
"Part 3","Independent exAL","2023-01-01",7,"0.65000000000000002","3.8167767051474799","2.71803411627234"
"Part 3","Independent exAL","2023-01-01",7,"0.80000000000000004","3.8167767051474799","3.0302331374626701"
"Part 3","Independent exAL","2023-01-01",7,"0.94999999999999996","3.8167767051474799","3.7188456796395202"
"Part 3","Independent exAL","2023-01-02",8,"0.050000000000000003","2.9800661357327498","1.89900678205702"
"Part 3","Independent exAL","2023-01-02",8,"0.20000000000000001","2.9800661357327498","2.1274986112532801"
"Part 3","Independent exAL","2023-01-02",8,"0.34999999999999998","2.9800661357327498","2.2693122452537402"
"Part 3","Independent exAL","2023-01-02",8,"0.5","2.9800661357327498","2.3857187842335699"
"Part 3","Independent exAL","2023-01-02",8,"0.65000000000000002","2.9800661357327498","2.51940856090815"
"Part 3","Independent exAL","2023-01-02",8,"0.80000000000000004","2.9800661357327498","2.6904116112845098"
"Part 3","Independent exAL","2023-01-02",8,"0.94999999999999996","2.9800661357327498","3.0352206633240302"
"Part 3","Independent exAL","2023-01-03",9,"0.050000000000000003","2.7906187723409999","1.82481003453218"
"Part 3","Independent exAL","2023-01-03",9,"0.20000000000000001","2.7906187723409999","2.0303375140398598"
"Part 3","Independent exAL","2023-01-03",9,"0.34999999999999998","2.7906187723409999","2.1596410512926001"
"Part 3","Independent exAL","2023-01-03",9,"0.5","2.7906187723409999","2.2630446562729598"
"Part 3","Independent exAL","2023-01-03",9,"0.65000000000000002","2.7906187723409999","2.3904045181553601"
"Part 3","Independent exAL","2023-01-03",9,"0.80000000000000004","2.7906187723409999","2.5545107463850498"
"Part 3","Independent exAL","2023-01-03",9,"0.94999999999999996","2.7906187723409999","2.9271869746499801"
"Part 3","Independent exAL","2023-01-04",10,"0.050000000000000003","3.4253268741041198","1.92278310647541"
"Part 3","Independent exAL","2023-01-04",10,"0.20000000000000001","3.4253268741041198","2.1113074570617401"
"Part 3","Independent exAL","2023-01-04",10,"0.34999999999999998","3.4253268741041198","2.2288411712073"
"Part 3","Independent exAL","2023-01-04",10,"0.5","3.4253268741041198","2.3270499727716198"
"Part 3","Independent exAL","2023-01-04",10,"0.65000000000000002","3.4253268741041198","2.4474240316270901"
"Part 3","Independent exAL","2023-01-04",10,"0.80000000000000004","3.4253268741041198","2.5976247335982401"
"Part 3","Independent exAL","2023-01-04",10,"0.94999999999999996","3.4253268741041198","2.9396584978745901"
"Part 3","Independent exAL","2023-01-05",11,"0.050000000000000003","4.2538561917311197","1.97994803435438"
"Part 3","Independent exAL","2023-01-05",11,"0.20000000000000001","4.2538561917311197","2.2125988519566802"
"Part 3","Independent exAL","2023-01-05",11,"0.34999999999999998","4.2538561917311197","2.3776462106111098"
"Part 3","Independent exAL","2023-01-05",11,"0.5","4.2538561917311197","2.5289101313973501"
"Part 3","Independent exAL","2023-01-05",11,"0.65000000000000002","4.2538561917311197","2.7248339981943399"
"Part 3","Independent exAL","2023-01-05",11,"0.80000000000000004","4.2538561917311197","2.9735783976526502"
"Part 3","Independent exAL","2023-01-05",11,"0.94999999999999996","4.2538561917311197","3.5084184464744101"
"Part 3","Independent exAL","2023-01-06",12,"0.050000000000000003","3.3877748703163699","2.1012110300073501"
"Part 3","Independent exAL","2023-01-06",12,"0.20000000000000001","3.3877748703163699","2.3444545896303501"
"Part 3","Independent exAL","2023-01-06",12,"0.34999999999999998","3.3877748703163699","2.5138547873882802"
"Part 3","Independent exAL","2023-01-06",12,"0.5","3.3877748703163699","2.67459650582534"
"Part 3","Independent exAL","2023-01-06",12,"0.65000000000000002","3.3877748703163699","2.8927682283304299"
"Part 3","Independent exAL","2023-01-06",12,"0.80000000000000004","3.3877748703163699","3.1796725870291001"
"Part 3","Independent exAL","2023-01-06",12,"0.94999999999999996","3.3877748703163699","3.7288843914413201"
"Part 3","Independent exAL","2023-01-07",13,"0.050000000000000003","3.0468210981970301","2.19344628745554"
"Part 3","Independent exAL","2023-01-07",13,"0.20000000000000001","3.0468210981970301","2.3850848882991502"
"Part 3","Independent exAL","2023-01-07",13,"0.34999999999999998","3.0468210981970301","2.5254894288073499"
"Part 3","Independent exAL","2023-01-07",13,"0.5","3.0468210981970301","2.6502109256879698"
"Part 3","Independent exAL","2023-01-07",13,"0.65000000000000002","3.0468210981970301","2.8112770658561002"
"Part 3","Independent exAL","2023-01-07",13,"0.80000000000000004","3.0468210981970301","3.0130714682855402"
"Part 3","Independent exAL","2023-01-07",13,"0.94999999999999996","3.0468210981970301","3.3552082088247199"
"Part 3","Independent exAL","2023-01-08",14,"0.050000000000000003","4.0491819932109401","2.1065426596976802"
"Part 3","Independent exAL","2023-01-08",14,"0.20000000000000001","4.0491819932109401","2.24963565239866"
"Part 3","Independent exAL","2023-01-08",14,"0.34999999999999998","4.0491819932109401","2.3727328704508999"
"Part 3","Independent exAL","2023-01-08",14,"0.5","4.0491819932109401","2.4901597971088001"
"Part 3","Independent exAL","2023-01-08",14,"0.65000000000000002","4.0491819932109401","2.6438628595553801"
"Part 3","Independent exAL","2023-01-08",14,"0.80000000000000004","4.0491819932109401","2.8430041415266198"
"Part 3","Independent exAL","2023-01-08",14,"0.94999999999999996","4.0491819932109401","3.2889019084821198"
"Part 3","Independent exAL","2023-01-09",15,"0.050000000000000003","5.3643837104354404","2.4040034876704701"
"Part 3","Independent exAL","2023-01-09",15,"0.20000000000000001","5.3643837104354404","2.58497525424279"
"Part 3","Independent exAL","2023-01-09",15,"0.34999999999999998","5.3643837104354404","2.7431267943104598"
"Part 3","Independent exAL","2023-01-09",15,"0.5","5.3643837104354404","2.88988698882196"
"Part 3","Independent exAL","2023-01-09",15,"0.65000000000000002","5.3643837104354404","3.0745766980227098"
"Part 3","Independent exAL","2023-01-09",15,"0.80000000000000004","5.3643837104354404","3.3256383028945602"
"Part 3","Independent exAL","2023-01-09",15,"0.94999999999999996","5.3643837104354404","3.8899269757618402"
"Part 3","Independent exAL","2023-01-10",16,"0.050000000000000003","4.0879218550918797","2.4898764693653899"
"Part 3","Independent exAL","2023-01-10",16,"0.20000000000000001","4.0879218550918797","2.6826469446199299"
"Part 3","Independent exAL","2023-01-10",16,"0.34999999999999998","4.0879218550918797","2.8269444295825799"
"Part 3","Independent exAL","2023-01-10",16,"0.5","4.0879218550918797","2.9598755293145702"
"Part 3","Independent exAL","2023-01-10",16,"0.65000000000000002","4.0879218550918797","3.12320992033511"
"Part 3","Independent exAL","2023-01-10",16,"0.80000000000000004","4.0879218550918797","3.3409066320928602"
"Part 3","Independent exAL","2023-01-10",16,"0.94999999999999996","4.0879218550918797","3.7778890465247401"
"Part 3","Independent exAL","2023-01-11",17,"0.050000000000000003","3.9985463313635701","2.3955927815258802"
"Part 3","Independent exAL","2023-01-11",17,"0.20000000000000001","3.9985463313635701","2.6206253832014599"
"Part 3","Independent exAL","2023-01-11",17,"0.34999999999999998","3.9985463313635701","2.7676871486121799"
"Part 3","Independent exAL","2023-01-11",17,"0.5","3.9985463313635701","2.8984979861275102"
"Part 3","Independent exAL","2023-01-11",17,"0.65000000000000002","3.9985463313635701","3.0542888926020599"
"Part 3","Independent exAL","2023-01-11",17,"0.80000000000000004","3.9985463313635701","3.25090704605776"
"Part 3","Independent exAL","2023-01-11",17,"0.94999999999999996","3.9985463313635701","3.5924586571603698"
"Part 3","Independent exAL","2023-01-12",18,"0.050000000000000003","3.8772065627189898","2.4197162756107899"
"Part 3","Independent exAL","2023-01-12",18,"0.20000000000000001","3.8772065627189898","2.6042108451751802"
"Part 3","Independent exAL","2023-01-12",18,"0.34999999999999998","3.8772065627189898","2.7281810899563599"
"Part 3","Independent exAL","2023-01-12",18,"0.5","3.8772065627189898","2.8431849188616698"
"Part 3","Independent exAL","2023-01-12",18,"0.65000000000000002","3.8772065627189898","2.9816483438503001"
"Part 3","Independent exAL","2023-01-12",18,"0.80000000000000004","3.8772065627189898","3.1489661730891001"
"Part 3","Independent exAL","2023-01-12",18,"0.94999999999999996","3.8772065627189898","3.5125039279997399"
"Part 3","Independent exAL","2023-01-13",19,"0.050000000000000003","3.9775516526665502","2.3151645749518801"
"Part 3","Independent exAL","2023-01-13",19,"0.20000000000000001","3.9775516526665502","2.5206410215886002"
"Part 3","Independent exAL","2023-01-13",19,"0.34999999999999998","3.9775516526665502","2.6592174405283999"
"Part 3","Independent exAL","2023-01-13",19,"0.5","3.9775516526665502","2.77399476552409"
"Part 3","Independent exAL","2023-01-13",19,"0.65000000000000002","3.9775516526665502","2.9058888243605199"
"Part 3","Independent exAL","2023-01-13",19,"0.80000000000000004","3.9775516526665502","3.0533344527320199"
"Part 3","Independent exAL","2023-01-13",19,"0.94999999999999996","3.9775516526665502","3.2730125771817802"
"Part 3","Independent exAL","2023-01-14",20,"0.050000000000000003","5.11080665260834","2.3302234267533501"
"Part 3","Independent exAL","2023-01-14",20,"0.20000000000000001","5.11080665260834","2.53856022379893"
"Part 3","Independent exAL","2023-01-14",20,"0.34999999999999998","5.11080665260834","2.68240183116944"
"Part 3","Independent exAL","2023-01-14",20,"0.5","5.11080665260834","2.80442164240772"
"Part 3","Independent exAL","2023-01-14",20,"0.65000000000000002","5.11080665260834","2.9546943974200301"
"Part 3","Independent exAL","2023-01-14",20,"0.80000000000000004","5.11080665260834","3.1733284997401801"
"Part 3","Independent exAL","2023-01-14",20,"0.94999999999999996","5.11080665260834","3.6158488232691601"
"Part 3","Independent exAL","2023-01-15",21,"0.050000000000000003","4.2457763669416497","2.60595227977017"
"Part 3","Independent exAL","2023-01-15",21,"0.20000000000000001","4.2457763669416497","2.84784399559125"
"Part 3","Independent exAL","2023-01-15",21,"0.34999999999999998","4.2457763669416497","3.0175250323600999"
"Part 3","Independent exAL","2023-01-15",21,"0.5","4.2457763669416497","3.1753845980873399"
"Part 3","Independent exAL","2023-01-15",21,"0.65000000000000002","4.2457763669416497","3.3844518520139202"
"Part 3","Independent exAL","2023-01-15",21,"0.80000000000000004","4.2457763669416497","3.6651596467779299"
"Part 3","Independent exAL","2023-01-15",21,"0.94999999999999996","4.2457763669416497","4.25713819247337"
"Part 3","Independent exAL","2023-01-16",22,"0.050000000000000003","4.4668641404166696","2.72503297207381"
"Part 3","Independent exAL","2023-01-16",22,"0.20000000000000001","4.4668641404166696","2.9661856281518499"
"Part 3","Independent exAL","2023-01-16",22,"0.34999999999999998","4.4668641404166696","3.1180724541635998"
"Part 3","Independent exAL","2023-01-16",22,"0.5","4.4668641404166696","3.2524789905831"
"Part 3","Independent exAL","2023-01-16",22,"0.65000000000000002","4.4668641404166696","3.4279147527946701"
"Part 3","Independent exAL","2023-01-16",22,"0.80000000000000004","4.4668641404166696","3.6698537697121498"
"Part 3","Independent exAL","2023-01-16",22,"0.94999999999999996","4.4668641404166696","4.1655185079416199"
"Part 3","Independent exAL","2023-01-17",23,"0.050000000000000003","3.8105279137394601","2.57690015662756"
"Part 3","Independent exAL","2023-01-17",23,"0.20000000000000001","3.8105279137394601","2.7705781600244399"
"Part 3","Independent exAL","2023-01-17",23,"0.34999999999999998","3.8105279137394601","2.8947205667012899"
"Part 3","Independent exAL","2023-01-17",23,"0.5","3.8105279137394601","3.0067568400448299"
"Part 3","Independent exAL","2023-01-17",23,"0.65000000000000002","3.8105279137394601","3.14193299424513"
"Part 3","Independent exAL","2023-01-17",23,"0.80000000000000004","3.8105279137394601","3.3085720694447698"
"Part 3","Independent exAL","2023-01-17",23,"0.94999999999999996","3.8105279137394601","3.6280881629292998"
"Part 3","Independent exAL","2023-01-18",24,"0.050000000000000003","3.4344986026020599","2.4436667354204702"
"Part 3","Independent exAL","2023-01-18",24,"0.20000000000000001","3.4344986026020599","2.6150321524776698"
"Part 3","Independent exAL","2023-01-18",24,"0.34999999999999998","3.4344986026020599","2.7262110086104001"
"Part 3","Independent exAL","2023-01-18",24,"0.5","3.4344986026020599","2.8269616215353599"
"Part 3","Independent exAL","2023-01-18",24,"0.65000000000000002","3.4344986026020599","2.94250160269414"
"Part 3","Independent exAL","2023-01-18",24,"0.80000000000000004","3.4344986026020599","3.0944959595026398"
"Part 3","Independent exAL","2023-01-18",24,"0.94999999999999996","3.4344986026020599","3.4070037918025"
"Part 3","Independent exAL","2023-01-19",25,"0.050000000000000003","3.2406649484479901","2.4660016891196901"
"Part 3","Independent exAL","2023-01-19",25,"0.20000000000000001","3.2406649484479901","2.6624582946388702"
"Part 3","Independent exAL","2023-01-19",25,"0.34999999999999998","3.2406649484479901","2.77828592461774"
"Part 3","Independent exAL","2023-01-19",25,"0.5","3.2406649484479901","2.8808144596711398"
"Part 3","Independent exAL","2023-01-19",25,"0.65000000000000002","3.2406649484479901","3.00433672006191"
"Part 3","Independent exAL","2023-01-19",25,"0.80000000000000004","3.2406649484479901","3.1685953370669102"
"Part 3","Independent exAL","2023-01-19",25,"0.94999999999999996","3.2406649484479901","3.53877117469428"
"Part 3","Independent exAL","2023-01-20",26,"0.050000000000000003","3.03191192892286","2.557466456037"
"Part 3","Independent exAL","2023-01-20",26,"0.20000000000000001","3.03191192892286","2.6984224760583002"
"Part 3","Independent exAL","2023-01-20",26,"0.34999999999999998","3.03191192892286","2.8018727513219899"
"Part 3","Independent exAL","2023-01-20",26,"0.5","3.03191192892286","2.9008411560302201"
"Part 3","Independent exAL","2023-01-20",26,"0.65000000000000002","3.03191192892286","3.0299560862369601"
"Part 3","Independent exAL","2023-01-20",26,"0.80000000000000004","3.03191192892286","3.2077692328318599"
"Part 3","Independent exAL","2023-01-20",26,"0.94999999999999996","3.03191192892286","3.5556543937281901"
"Part 3","Independent exAL","2023-01-21",27,"0.050000000000000003","2.8691474946255902","2.4101174597330899"
"Part 3","Independent exAL","2023-01-21",27,"0.20000000000000001","2.8691474946255902","2.5406821858025501"
"Part 3","Independent exAL","2023-01-21",27,"0.34999999999999998","2.8691474946255902","2.63482173592261"
"Part 3","Independent exAL","2023-01-21",27,"0.5","2.8691474946255902","2.7162992322449999"
"Part 3","Independent exAL","2023-01-21",27,"0.65000000000000002","2.8691474946255902","2.8111044043259401"
"Part 3","Independent exAL","2023-01-21",27,"0.80000000000000004","2.8691474946255902","2.9294303447313399"
"Part 3","Independent exAL","2023-01-21",27,"0.94999999999999996","2.8691474946255902","3.1015589703238202"
"Part 3","Independent exAL","2023-01-22",28,"0.050000000000000003","2.7498195670252299","2.20441930269928"
"Part 3","Independent exAL","2023-01-22",28,"0.20000000000000001","2.7498195670252299","2.3426378279483302"
"Part 3","Independent exAL","2023-01-22",28,"0.34999999999999998","2.7498195670252299","2.4214926415640798"
"Part 3","Independent exAL","2023-01-22",28,"0.5","2.7498195670252299","2.4870934813686798"
"Part 3","Independent exAL","2023-01-22",28,"0.65000000000000002","2.7498195670252299","2.5714467494437501"
"Part 3","Independent exAL","2023-01-22",28,"0.80000000000000004","2.7498195670252299","2.68247596192146"
"Part 3","Independent exAL","2023-01-22",28,"0.94999999999999996","2.7498195670252299","2.8544649984235102"
"Part 3","Independent exAL","2023-01-23",29,"0.050000000000000003","2.63887392632647","2.0120094655132998"
"Part 3","Independent exAL","2023-01-23",29,"0.20000000000000001","2.63887392632647","2.1390363913352699"
"Part 3","Independent exAL","2023-01-23",29,"0.34999999999999998","2.63887392632647","2.2172466114209302"
"Part 3","Independent exAL","2023-01-23",29,"0.5","2.63887392632647","2.2840278872391302"
"Part 3","Independent exAL","2023-01-23",29,"0.65000000000000002","2.63887392632647","2.3718929238663899"
"Part 3","Independent exAL","2023-01-23",29,"0.80000000000000004","2.63887392632647","2.4938482493149499"
"Part 3","Independent exAL","2023-01-23",29,"0.94999999999999996","2.63887392632647","2.72847579703692"
"Part 3","Independent exAL","2023-01-24",30,"0.050000000000000003","2.5344827832565899","2.1026508071813401"
"Part 3","Independent exAL","2023-01-24",30,"0.20000000000000001","2.5344827832565899","2.24805315613205"
"Part 3","Independent exAL","2023-01-24",30,"0.34999999999999998","2.5344827832565899","2.3349016517816801"
"Part 3","Independent exAL","2023-01-24",30,"0.5","2.5344827832565899","2.4130143427605399"
"Part 3","Independent exAL","2023-01-24",30,"0.65000000000000002","2.5344827832565899","2.5145402211986001"
"Part 3","Independent exAL","2023-01-24",30,"0.80000000000000004","2.5344827832565899","2.6467808987186898"
"Part 3","Independent exAL","2023-01-24",30,"0.94999999999999996","2.5344827832565899","2.9105696414433302"
"Part 3","Joint AL","2022-12-26",1,"0.050000000000000003","0.56468377475649301","0.50010376704447101"
"Part 3","Joint AL","2022-12-26",1,"0.20000000000000001","0.56468377475649301","0.55608368189012602"
"Part 3","Joint AL","2022-12-26",1,"0.34999999999999998","0.56468377475649301","0.60745520570744305"
"Part 3","Joint AL","2022-12-26",1,"0.5","0.56468377475649301","0.66698097581654903"
"Part 3","Joint AL","2022-12-26",1,"0.65000000000000002","0.56468377475649301","0.74082686852750301"
"Part 3","Joint AL","2022-12-26",1,"0.80000000000000004","0.56468377475649301","0.83760689169754798"
"Part 3","Joint AL","2022-12-26",1,"0.94999999999999996","0.56468377475649301","1.1011711261519199"
"Part 3","Joint AL","2022-12-27",2,"0.050000000000000003","3.1514663625841299","0.87910451375364296"
"Part 3","Joint AL","2022-12-27",2,"0.20000000000000001","3.1514663625841299","0.97479699089397998"
"Part 3","Joint AL","2022-12-27",2,"0.34999999999999998","3.1514663625841299","1.1053178515677899"
"Part 3","Joint AL","2022-12-27",2,"0.5","3.1514663625841299","1.2681754418378"
"Part 3","Joint AL","2022-12-27",2,"0.65000000000000002","3.1514663625841299","1.5002183047780699"
"Part 3","Joint AL","2022-12-27",2,"0.80000000000000004","3.1514663625841299","1.84889063151698"
"Part 3","Joint AL","2022-12-27",2,"0.94999999999999996","3.1514663625841299","2.7423420016471098"
"Part 3","Joint AL","2022-12-28",3,"0.050000000000000003","2.2266236264942898","1.1376726441957401"
"Part 3","Joint AL","2022-12-28",3,"0.20000000000000001","2.2266236264942898","1.24439924317352"
"Part 3","Joint AL","2022-12-28",3,"0.34999999999999998","2.2266236264942898","1.37759172489361"
"Part 3","Joint AL","2022-12-28",3,"0.5","2.2266236264942898","1.53886241739317"
"Part 3","Joint AL","2022-12-28",3,"0.65000000000000002","2.2266236264942898","1.7448621227543499"
"Part 3","Joint AL","2022-12-28",3,"0.80000000000000004","2.2266236264942898","2.0432783481769201"
"Part 3","Joint AL","2022-12-28",3,"0.94999999999999996","2.2266236264942898","2.6652189165440001"
"Part 3","Joint AL","2022-12-29",4,"0.050000000000000003","1.7553629240913999","1.03875567205361"
"Part 3","Joint AL","2022-12-29",4,"0.20000000000000001","1.7553629240913999","1.1754288647009701"
"Part 3","Joint AL","2022-12-29",4,"0.34999999999999998","1.7553629240913999","1.2855280487690499"
"Part 3","Joint AL","2022-12-29",4,"0.5","1.7553629240913999","1.4050158394626899"
"Part 3","Joint AL","2022-12-29",4,"0.65000000000000002","1.7553629240913999","1.5656908214116501"
"Part 3","Joint AL","2022-12-29",4,"0.80000000000000004","1.7553629240913999","1.7998229550432101"
"Part 3","Joint AL","2022-12-29",4,"0.94999999999999996","1.7553629240913999","2.2878588006557599"
"Part 3","Joint AL","2022-12-30",5,"0.050000000000000003","2.7443730754966502","1.46404053544069"
"Part 3","Joint AL","2022-12-30",5,"0.20000000000000001","2.7443730754966502","1.64196722466565"
"Part 3","Joint AL","2022-12-30",5,"0.34999999999999998","2.7443730754966502","1.7914297353405799"
"Part 3","Joint AL","2022-12-30",5,"0.5","2.7443730754966502","1.9617088494995301"
"Part 3","Joint AL","2022-12-30",5,"0.65000000000000002","2.7443730754966502","2.21688464204985"
"Part 3","Joint AL","2022-12-30",5,"0.80000000000000004","2.7443730754966502","2.5787380259845198"
"Part 3","Joint AL","2022-12-30",5,"0.94999999999999996","2.7443730754966502","3.3673366027989702"
"Part 3","Joint AL","2022-12-31",6,"0.050000000000000003","5.2298164117073904","1.7788187099881401"
"Part 3","Joint AL","2022-12-31",6,"0.20000000000000001","5.2298164117073904","1.9567386662358199"
"Part 3","Joint AL","2022-12-31",6,"0.34999999999999998","5.2298164117073904","2.1128650598420098"
"Part 3","Joint AL","2022-12-31",6,"0.5","5.2298164117073904","2.2930046880619601"
"Part 3","Joint AL","2022-12-31",6,"0.65000000000000002","5.2298164117073904","2.5964163731550798"
"Part 3","Joint AL","2022-12-31",6,"0.80000000000000004","5.2298164117073904","3.0177437800749898"
"Part 3","Joint AL","2022-12-31",6,"0.94999999999999996","5.2298164117073904","3.9304465573193901"
"Part 3","Joint AL","2023-01-01",7,"0.050000000000000003","3.8167767051474799","1.9126203401477999"
"Part 3","Joint AL","2023-01-01",7,"0.20000000000000001","3.8167767051474799","2.1100997611981902"
"Part 3","Joint AL","2023-01-01",7,"0.34999999999999998","3.8167767051474799","2.29602734253527"
"Part 3","Joint AL","2023-01-01",7,"0.5","3.8167767051474799","2.5142505298906901"
"Part 3","Joint AL","2023-01-01",7,"0.65000000000000002","3.8167767051474799","2.8274314426050999"
"Part 3","Joint AL","2023-01-01",7,"0.80000000000000004","3.8167767051474799","3.2766071186436498"
"Part 3","Joint AL","2023-01-01",7,"0.94999999999999996","3.8167767051474799","4.1580352291239597"
"Part 3","Joint AL","2023-01-02",8,"0.050000000000000003","2.9800661357327498","1.8517509723787799"
"Part 3","Joint AL","2023-01-02",8,"0.20000000000000001","2.9800661357327498","2.0358772880265099"
"Part 3","Joint AL","2023-01-02",8,"0.34999999999999998","2.9800661357327498","2.18603752942736"
"Part 3","Joint AL","2023-01-02",8,"0.5","2.9800661357327498","2.3460991234352702"
"Part 3","Joint AL","2023-01-02",8,"0.65000000000000002","2.9800661357327498","2.5417718343995901"
"Part 3","Joint AL","2023-01-02",8,"0.80000000000000004","2.9800661357327498","2.8007174349585302"
"Part 3","Joint AL","2023-01-02",8,"0.94999999999999996","2.9800661357327498","3.2202578071542298"
"Part 3","Joint AL","2023-01-03",9,"0.050000000000000003","2.7906187723409999","1.7720214533781"
"Part 3","Joint AL","2023-01-03",9,"0.20000000000000001","2.7906187723409999","1.9526598473080901"
"Part 3","Joint AL","2023-01-03",9,"0.34999999999999998","2.7906187723409999","2.09232609230857"
"Part 3","Joint AL","2023-01-03",9,"0.5","2.7906187723409999","2.2365324136900799"
"Part 3","Joint AL","2023-01-03",9,"0.65000000000000002","2.7906187723409999","2.40526660694576"
"Part 3","Joint AL","2023-01-03",9,"0.80000000000000004","2.7906187723409999","2.65389471263879"
"Part 3","Joint AL","2023-01-03",9,"0.94999999999999996","2.7906187723409999","3.1627863291471598"
"Part 3","Joint AL","2023-01-04",10,"0.050000000000000003","3.4253268741041198","1.90375216617813"
"Part 3","Joint AL","2023-01-04",10,"0.20000000000000001","3.4253268741041198","2.05847115123282"
"Part 3","Joint AL","2023-01-04",10,"0.34999999999999998","3.4253268741041198","2.1765379383234098"
"Part 3","Joint AL","2023-01-04",10,"0.5","3.4253268741041198","2.3140444615674198"
"Part 3","Joint AL","2023-01-04",10,"0.65000000000000002","3.4253268741041198","2.4734717062893399"
"Part 3","Joint AL","2023-01-04",10,"0.80000000000000004","3.4253268741041198","2.6825739287576602"
"Part 3","Joint AL","2023-01-04",10,"0.94999999999999996","3.4253268741041198","3.1583377757103901"
"Part 3","Joint AL","2023-01-05",11,"0.050000000000000003","4.2538561917311197","1.9806564091841601"
"Part 3","Joint AL","2023-01-05",11,"0.20000000000000001","4.2538561917311197","2.1809352274406701"
"Part 3","Joint AL","2023-01-05",11,"0.34999999999999998","4.2538561917311197","2.3615088043710002"
"Part 3","Joint AL","2023-01-05",11,"0.5","4.2538561917311197","2.5507272522087101"
"Part 3","Joint AL","2023-01-05",11,"0.65000000000000002","4.2538561917311197","2.8032158820363202"
"Part 3","Joint AL","2023-01-05",11,"0.80000000000000004","4.2538561917311197","3.1299627495312601"
"Part 3","Joint AL","2023-01-05",11,"0.94999999999999996","4.2538561917311197","3.8871759315349599"
"Part 3","Joint AL","2023-01-06",12,"0.050000000000000003","3.3877748703163699","2.0829476066614001"
"Part 3","Joint AL","2023-01-06",12,"0.20000000000000001","3.3877748703163699","2.3260785120096599"
"Part 3","Joint AL","2023-01-06",12,"0.34999999999999998","3.3877748703163699","2.5203505029054498"
"Part 3","Joint AL","2023-01-06",12,"0.5","3.3877748703163699","2.73882657227806"
"Part 3","Joint AL","2023-01-06",12,"0.65000000000000002","3.3877748703163699","3.0332771660236899"
"Part 3","Joint AL","2023-01-06",12,"0.80000000000000004","3.3877748703163699","3.4257422232404302"
"Part 3","Joint AL","2023-01-06",12,"0.94999999999999996","3.3877748703163699","4.1956860199266002"
"Part 3","Joint AL","2023-01-07",13,"0.050000000000000003","3.0468210981970301","2.1150953157207102"
"Part 3","Joint AL","2023-01-07",13,"0.20000000000000001","3.0468210981970301","2.3376487978836402"
"Part 3","Joint AL","2023-01-07",13,"0.34999999999999998","3.0468210981970301","2.50396216242188"
"Part 3","Joint AL","2023-01-07",13,"0.5","3.0468210981970301","2.6653491735085901"
"Part 3","Joint AL","2023-01-07",13,"0.65000000000000002","3.0468210981970301","2.86947843076952"
"Part 3","Joint AL","2023-01-07",13,"0.80000000000000004","3.0468210981970301","3.1146645406890898"
"Part 3","Joint AL","2023-01-07",13,"0.94999999999999996","3.0468210981970301","3.5893782964943299"
"Part 3","Joint AL","2023-01-08",14,"0.050000000000000003","4.0491819932109401","2.0311472445134999"
"Part 3","Joint AL","2023-01-08",14,"0.20000000000000001","4.0491819932109401","2.2197621518392801"
"Part 3","Joint AL","2023-01-08",14,"0.34999999999999998","4.0491819932109401","2.3671345838450999"
"Part 3","Joint AL","2023-01-08",14,"0.5","4.0491819932109401","2.5170583831311499"
"Part 3","Joint AL","2023-01-08",14,"0.65000000000000002","4.0491819932109401","2.7287141889733499"
"Part 3","Joint AL","2023-01-08",14,"0.80000000000000004","4.0491819932109401","2.9889971671711999"
"Part 3","Joint AL","2023-01-08",14,"0.94999999999999996","4.0491819932109401","3.5458516432562202"
"Part 3","Joint AL","2023-01-09",15,"0.050000000000000003","5.3643837104354404","2.37262139055421"
"Part 3","Joint AL","2023-01-09",15,"0.20000000000000001","5.3643837104354404","2.5674722921319599"
"Part 3","Joint AL","2023-01-09",15,"0.34999999999999998","5.3643837104354404","2.7596148741758499"
"Part 3","Joint AL","2023-01-09",15,"0.5","5.3643837104354404","2.9579220085753399"
"Part 3","Joint AL","2023-01-09",15,"0.65000000000000002","5.3643837104354404","3.2121529423347801"
"Part 3","Joint AL","2023-01-09",15,"0.80000000000000004","5.3643837104354404","3.5560695531013899"
"Part 3","Joint AL","2023-01-09",15,"0.94999999999999996","5.3643837104354404","4.2360283543596804"
"Part 3","Joint AL","2023-01-10",16,"0.050000000000000003","4.0879218550918797","2.4421282408424601"
"Part 3","Joint AL","2023-01-10",16,"0.20000000000000001","4.0879218550918797","2.6435500308386599"
"Part 3","Joint AL","2023-01-10",16,"0.34999999999999998","4.0879218550918797","2.8254649019887998"
"Part 3","Joint AL","2023-01-10",16,"0.5","4.0879218550918797","3.0050327101639498"
"Part 3","Joint AL","2023-01-10",16,"0.65000000000000002","4.0879218550918797","3.2258017391104201"
"Part 3","Joint AL","2023-01-10",16,"0.80000000000000004","4.0879218550918797","3.53020985358298"
"Part 3","Joint AL","2023-01-10",16,"0.94999999999999996","4.0879218550918797","4.0612302455689004"
"Part 3","Joint AL","2023-01-11",17,"0.050000000000000003","3.9985463313635701","2.3767279133832999"
"Part 3","Joint AL","2023-01-11",17,"0.20000000000000001","3.9985463313635701","2.5947674557477698"
"Part 3","Joint AL","2023-01-11",17,"0.34999999999999998","3.9985463313635701","2.7778797296072"
"Part 3","Joint AL","2023-01-11",17,"0.5","3.9985463313635701","2.9557772710205601"
"Part 3","Joint AL","2023-01-11",17,"0.65000000000000002","3.9985463313635701","3.1517364276440301"
"Part 3","Joint AL","2023-01-11",17,"0.80000000000000004","3.9985463313635701","3.4109354112223702"
"Part 3","Joint AL","2023-01-11",17,"0.94999999999999996","3.9985463313635701","3.8353753230915002"
"Part 3","Joint AL","2023-01-12",18,"0.050000000000000003","3.8772065627189898","2.3921096935778801"
"Part 3","Joint AL","2023-01-12",18,"0.20000000000000001","3.8772065627189898","2.5901539280548902"
"Part 3","Joint AL","2023-01-12",18,"0.34999999999999998","3.8772065627189898","2.7358242545073601"
"Part 3","Joint AL","2023-01-12",18,"0.5","3.8772065627189898","2.8809526307565201"
"Part 3","Joint AL","2023-01-12",18,"0.65000000000000002","3.8772065627189898","3.06800597017221"
"Part 3","Joint AL","2023-01-12",18,"0.80000000000000004","3.8772065627189898","3.3125962454207101"
"Part 3","Joint AL","2023-01-12",18,"0.94999999999999996","3.8772065627189898","3.8228607678115401"
"Part 3","Joint AL","2023-01-13",19,"0.050000000000000003","3.9775516526665502","2.24561887954594"
"Part 3","Joint AL","2023-01-13",19,"0.20000000000000001","3.9775516526665502","2.46256294759963"
"Part 3","Joint AL","2023-01-13",19,"0.34999999999999998","3.9775516526665502","2.6191678301527599"
"Part 3","Joint AL","2023-01-13",19,"0.5","3.9775516526665502","2.7727589166402198"
"Part 3","Joint AL","2023-01-13",19,"0.65000000000000002","3.9775516526665502","2.93370969025296"
"Part 3","Joint AL","2023-01-13",19,"0.80000000000000004","3.9775516526665502","3.12323406832492"
"Part 3","Joint AL","2023-01-13",19,"0.94999999999999996","3.9775516526665502","3.4865137193380802"
"Part 3","Joint AL","2023-01-14",20,"0.050000000000000003","5.11080665260834","2.3140608485490302"
"Part 3","Joint AL","2023-01-14",20,"0.20000000000000001","5.11080665260834","2.5272718848698799"
"Part 3","Joint AL","2023-01-14",20,"0.34999999999999998","5.11080665260834","2.6980120141639299"
"Part 3","Joint AL","2023-01-14",20,"0.5","5.11080665260834","2.87095868804942"
"Part 3","Joint AL","2023-01-14",20,"0.65000000000000002","5.11080665260834","3.0709373442548902"
"Part 3","Joint AL","2023-01-14",20,"0.80000000000000004","5.11080665260834","3.34859263819799"
"Part 3","Joint AL","2023-01-14",20,"0.94999999999999996","5.11080665260834","3.9767222422001098"
"Part 3","Joint AL","2023-01-15",21,"0.050000000000000003","4.2457763669416497","2.5814420585676001"
"Part 3","Joint AL","2023-01-15",21,"0.20000000000000001","4.2457763669416497","2.8000752300017102"
"Part 3","Joint AL","2023-01-15",21,"0.34999999999999998","4.2457763669416497","3.0151675747915299"
"Part 3","Joint AL","2023-01-15",21,"0.5","4.2457763669416497","3.2288579589494799"
"Part 3","Joint AL","2023-01-15",21,"0.65000000000000002","4.2457763669416497","3.5174743857909299"
"Part 3","Joint AL","2023-01-15",21,"0.80000000000000004","4.2457763669416497","3.9090440585234298"
"Part 3","Joint AL","2023-01-15",21,"0.94999999999999996","4.2457763669416497","4.7469027755957001"
"Part 3","Joint AL","2023-01-16",22,"0.050000000000000003","4.4668641404166696","2.7069129442100199"
"Part 3","Joint AL","2023-01-16",22,"0.20000000000000001","4.4668641404166696","2.9125596084962702"
"Part 3","Joint AL","2023-01-16",22,"0.34999999999999998","4.4668641404166696","3.0999153024639199"
"Part 3","Joint AL","2023-01-16",22,"0.5","4.4668641404166696","3.2977932232197502"
"Part 3","Joint AL","2023-01-16",22,"0.65000000000000002","4.4668641404166696","3.55713765264538"
"Part 3","Joint AL","2023-01-16",22,"0.80000000000000004","4.4668641404166696","3.8980514460670399"
"Part 3","Joint AL","2023-01-16",22,"0.94999999999999996","4.4668641404166696","4.6634115969017103"
"Part 3","Joint AL","2023-01-17",23,"0.050000000000000003","3.8105279137394601","2.5424505668530002"
"Part 3","Joint AL","2023-01-17",23,"0.20000000000000001","3.8105279137394601","2.7207494515538801"
"Part 3","Joint AL","2023-01-17",23,"0.34999999999999998","3.8105279137394601","2.8787975287924299"
"Part 3","Joint AL","2023-01-17",23,"0.5","3.8105279137394601","3.0422147856614599"
"Part 3","Joint AL","2023-01-17",23,"0.65000000000000002","3.8105279137394601","3.2315891738251898"
"Part 3","Joint AL","2023-01-17",23,"0.80000000000000004","3.8105279137394601","3.4781792957208202"
"Part 3","Joint AL","2023-01-17",23,"0.94999999999999996","3.8105279137394601","3.9065117018981299"
"Part 3","Joint AL","2023-01-18",24,"0.050000000000000003","3.4344986026020599","2.38782803243876"
"Part 3","Joint AL","2023-01-18",24,"0.20000000000000001","3.4344986026020599","2.5644039315548599"
"Part 3","Joint AL","2023-01-18",24,"0.34999999999999998","3.4344986026020599","2.7087600316689699"
"Part 3","Joint AL","2023-01-18",24,"0.5","3.4344986026020599","2.8475498406956601"
"Part 3","Joint AL","2023-01-18",24,"0.65000000000000002","3.4344986026020599","3.0053057247183101"
"Part 3","Joint AL","2023-01-18",24,"0.80000000000000004","3.4344986026020599","3.2153931345623499"
"Part 3","Joint AL","2023-01-18",24,"0.94999999999999996","3.4344986026020599","3.6314517513539801"
"Part 3","Joint AL","2023-01-19",25,"0.050000000000000003","3.2406649484479901","2.40682126987689"
"Part 3","Joint AL","2023-01-19",25,"0.20000000000000001","3.2406649484479901","2.58893190914032"
"Part 3","Joint AL","2023-01-19",25,"0.34999999999999998","3.2406649484479901","2.7506116390559301"
"Part 3","Joint AL","2023-01-19",25,"0.5","3.2406649484479901","2.8980766246675"
"Part 3","Joint AL","2023-01-19",25,"0.65000000000000002","3.2406649484479901","3.05341993497241"
"Part 3","Joint AL","2023-01-19",25,"0.80000000000000004","3.2406649484479901","3.2803768490513998"
"Part 3","Joint AL","2023-01-19",25,"0.94999999999999996","3.2406649484479901","3.8106414791583001"
"Part 3","Joint AL","2023-01-20",26,"0.050000000000000003","3.03191192892286","2.4816479810486198"
"Part 3","Joint AL","2023-01-20",26,"0.20000000000000001","3.03191192892286","2.6378914563331599"
"Part 3","Joint AL","2023-01-20",26,"0.34999999999999998","3.03191192892286","2.7778990995165098"
"Part 3","Joint AL","2023-01-20",26,"0.5","3.03191192892286","2.9208989180877798"
"Part 3","Joint AL","2023-01-20",26,"0.65000000000000002","3.03191192892286","3.0807374758061199"
"Part 3","Joint AL","2023-01-20",26,"0.80000000000000004","3.03191192892286","3.2995208649287302"
"Part 3","Joint AL","2023-01-20",26,"0.94999999999999996","3.03191192892286","3.7593776000227899"
"Part 3","Joint AL","2023-01-21",27,"0.050000000000000003","2.8691474946255902","2.3611059579853699"
"Part 3","Joint AL","2023-01-21",27,"0.20000000000000001","2.8691474946255902","2.51169476211953"
"Part 3","Joint AL","2023-01-21",27,"0.34999999999999998","2.8691474946255902","2.6280669421017699"
"Part 3","Joint AL","2023-01-21",27,"0.5","2.8691474946255902","2.7257652872701001"
"Part 3","Joint AL","2023-01-21",27,"0.65000000000000002","2.8691474946255902","2.8194024814757102"
"Part 3","Joint AL","2023-01-21",27,"0.80000000000000004","2.8691474946255902","2.94324431181004"
"Part 3","Joint AL","2023-01-21",27,"0.94999999999999996","2.8691474946255902","3.2353105783976002"
"Part 3","Joint AL","2023-01-22",28,"0.050000000000000003","2.7498195670252299","2.1609936826827099"
"Part 3","Joint AL","2023-01-22",28,"0.20000000000000001","2.7498195670252299","2.2934524063578801"
"Part 3","Joint AL","2023-01-22",28,"0.34999999999999998","2.7498195670252299","2.4036535870034799"
"Part 3","Joint AL","2023-01-22",28,"0.5","2.7498195670252299","2.49014383297424"
"Part 3","Joint AL","2023-01-22",28,"0.65000000000000002","2.7498195670252299","2.5812493634761098"
"Part 3","Joint AL","2023-01-22",28,"0.80000000000000004","2.7498195670252299","2.7194810660919702"
"Part 3","Joint AL","2023-01-22",28,"0.94999999999999996","2.7498195670252299","3.0315834218549398"
"Part 3","Joint AL","2023-01-23",29,"0.050000000000000003","2.63887392632647","1.9026205474056499"
"Part 3","Joint AL","2023-01-23",29,"0.20000000000000001","2.63887392632647","2.0652029657404798"
"Part 3","Joint AL","2023-01-23",29,"0.34999999999999998","2.63887392632647","2.18094840365668"
"Part 3","Joint AL","2023-01-23",29,"0.5","2.63887392632647","2.2724003219840498"
"Part 3","Joint AL","2023-01-23",29,"0.65000000000000002","2.63887392632647","2.3930728564983599"
"Part 3","Joint AL","2023-01-23",29,"0.80000000000000004","2.63887392632647","2.5465439080905599"
"Part 3","Joint AL","2023-01-23",29,"0.94999999999999996","2.63887392632647","2.85212355260184"
"Part 3","Joint AL","2023-01-24",30,"0.050000000000000003","2.5344827832565899","2.0381599656258702"
"Part 3","Joint AL","2023-01-24",30,"0.20000000000000001","2.5344827832565899","2.1923999519141999"
"Part 3","Joint AL","2023-01-24",30,"0.34999999999999998","2.5344827832565899","2.3250178607317999"
"Part 3","Joint AL","2023-01-24",30,"0.5","2.5344827832565899","2.4343753954093001"
"Part 3","Joint AL","2023-01-24",30,"0.65000000000000002","2.5344827832565899","2.5578488924752598"
"Part 3","Joint AL","2023-01-24",30,"0.80000000000000004","2.5344827832565899","2.7021180156659299"
"Part 3","Joint AL","2023-01-24",30,"0.94999999999999996","2.5344827832565899","3.0530118919794602"
"Part 3","Joint exAL","2022-12-26",1,"0.050000000000000003","0.56468377475649301","0.491947109327111"
"Part 3","Joint exAL","2022-12-26",1,"0.20000000000000001","0.56468377475649301","0.55904133229965203"
"Part 3","Joint exAL","2022-12-26",1,"0.34999999999999998","0.56468377475649301","0.60210629355643797"
"Part 3","Joint exAL","2022-12-26",1,"0.5","0.56468377475649301","0.64731479809001302"
"Part 3","Joint exAL","2022-12-26",1,"0.65000000000000002","0.56468377475649301","0.70700871611660698"
"Part 3","Joint exAL","2022-12-26",1,"0.80000000000000004","0.56468377475649301","0.78724141522172697"
"Part 3","Joint exAL","2022-12-26",1,"0.94999999999999996","0.56468377475649301","0.945155070930772"
"Part 3","Joint exAL","2022-12-27",2,"0.050000000000000003","3.1514663625841299","0.91160633604515695"
"Part 3","Joint exAL","2022-12-27",2,"0.20000000000000001","3.1514663625841299","1.00796593964778"
"Part 3","Joint exAL","2022-12-27",2,"0.34999999999999998","3.1514663625841299","1.0871543746805901"
"Part 3","Joint exAL","2022-12-27",2,"0.5","3.1514663625841299","1.1806306366343"
"Part 3","Joint exAL","2022-12-27",2,"0.65000000000000002","3.1514663625841299","1.3257740640408999"
"Part 3","Joint exAL","2022-12-27",2,"0.80000000000000004","3.1514663625841299","1.5323417850208501"
"Part 3","Joint exAL","2022-12-27",2,"0.94999999999999996","3.1514663625841299","2.1030164493362502"
"Part 3","Joint exAL","2022-12-28",3,"0.050000000000000003","2.2266236264942898","1.1892354877449201"
"Part 3","Joint exAL","2022-12-28",3,"0.20000000000000001","2.2266236264942898","1.2926667007061501"
"Part 3","Joint exAL","2022-12-28",3,"0.34999999999999998","2.2266236264942898","1.3762571833161701"
"Part 3","Joint exAL","2022-12-28",3,"0.5","2.2266236264942898","1.4734106694703599"
"Part 3","Joint exAL","2022-12-28",3,"0.65000000000000002","2.2266236264942898","1.61455704536589"
"Part 3","Joint exAL","2022-12-28",3,"0.80000000000000004","2.2266236264942898","1.80581611273176"
"Part 3","Joint exAL","2022-12-28",3,"0.94999999999999996","2.2266236264942898","2.2858749162751102"
"Part 3","Joint exAL","2022-12-29",4,"0.050000000000000003","1.7553629240913999","1.1091196462377499"
"Part 3","Joint exAL","2022-12-29",4,"0.20000000000000001","1.7553629240913999","1.21155640014602"
"Part 3","Joint exAL","2022-12-29",4,"0.34999999999999998","1.7553629240913999","1.2854012086601201"
"Part 3","Joint exAL","2022-12-29",4,"0.5","1.7553629240913999","1.36748366337955"
"Part 3","Joint exAL","2022-12-29",4,"0.65000000000000002","1.7553629240913999","1.4722073572405201"
"Part 3","Joint exAL","2022-12-29",4,"0.80000000000000004","1.7553629240913999","1.6189016619785099"
"Part 3","Joint exAL","2022-12-29",4,"0.94999999999999996","1.7553629240913999","1.9876738046100799"
"Part 3","Joint exAL","2022-12-30",5,"0.050000000000000003","2.7443730754966502","1.5719765924504501"
"Part 3","Joint exAL","2022-12-30",5,"0.20000000000000001","2.7443730754966502","1.6956619011882199"
"Part 3","Joint exAL","2022-12-30",5,"0.34999999999999998","2.7443730754966502","1.7881876954271201"
"Part 3","Joint exAL","2022-12-30",5,"0.5","2.7443730754966502","1.89410493351807"
"Part 3","Joint exAL","2022-12-30",5,"0.65000000000000002","2.7443730754966502","2.0354927200639299"
"Part 3","Joint exAL","2022-12-30",5,"0.80000000000000004","2.7443730754966502","2.2558129175805002"
"Part 3","Joint exAL","2022-12-30",5,"0.94999999999999996","2.7443730754966502","2.8282230342988099"
"Part 3","Joint exAL","2022-12-31",6,"0.050000000000000003","5.2298164117073904","1.88078864532303"
"Part 3","Joint exAL","2022-12-31",6,"0.20000000000000001","5.2298164117073904","2.0058519922740499"
"Part 3","Joint exAL","2022-12-31",6,"0.34999999999999998","5.2298164117073904","2.1018950963847498"
"Part 3","Joint exAL","2022-12-31",6,"0.5","5.2298164117073904","2.2084333451123799"
"Part 3","Joint exAL","2022-12-31",6,"0.65000000000000002","5.2298164117073904","2.36776938863196"
"Part 3","Joint exAL","2022-12-31",6,"0.80000000000000004","5.2298164117073904","2.6226730406301799"
"Part 3","Joint exAL","2022-12-31",6,"0.94999999999999996","5.2298164117073904","3.2774827701676399"
"Part 3","Joint exAL","2023-01-01",7,"0.050000000000000003","3.8167767051474799","2.0316464276470301"
"Part 3","Joint exAL","2023-01-01",7,"0.20000000000000001","3.8167767051474799","2.1754271643688701"
"Part 3","Joint exAL","2023-01-01",7,"0.34999999999999998","3.8167767051474799","2.2856347000619199"
"Part 3","Joint exAL","2023-01-01",7,"0.5","3.8167767051474799","2.4133621382174"
"Part 3","Joint exAL","2023-01-01",7,"0.65000000000000002","3.8167767051474799","2.5898496956869601"
"Part 3","Joint exAL","2023-01-01",7,"0.80000000000000004","3.8167767051474799","2.8505691753658899"
"Part 3","Joint exAL","2023-01-01",7,"0.94999999999999996","3.8167767051474799","3.5315924149510698"
"Part 3","Joint exAL","2023-01-02",8,"0.050000000000000003","2.9800661357327498","1.95515622324044"
"Part 3","Joint exAL","2023-01-02",8,"0.20000000000000001","2.9800661357327498","2.0850964121796598"
"Part 3","Joint exAL","2023-01-02",8,"0.34999999999999998","2.9800661357327498","2.1787963921685098"
"Part 3","Joint exAL","2023-01-02",8,"0.5","2.9800661357327498","2.2867401221231898"
"Part 3","Joint exAL","2023-01-02",8,"0.65000000000000002","2.9800661357327498","2.4095474759351201"
"Part 3","Joint exAL","2023-01-02",8,"0.80000000000000004","2.9800661357327498","2.57900961814217"
"Part 3","Joint exAL","2023-01-02",8,"0.94999999999999996","2.9800661357327498","2.91050742454116"
"Part 3","Joint exAL","2023-01-03",9,"0.050000000000000003","2.7906187723409999","1.8774614458338501"
"Part 3","Joint exAL","2023-01-03",9,"0.20000000000000001","2.7906187723409999","1.9988465083579401"
"Part 3","Joint exAL","2023-01-03",9,"0.34999999999999998","2.7906187723409999","2.0850107124256101"
"Part 3","Joint exAL","2023-01-03",9,"0.5","2.7906187723409999","2.18582889686127"
"Part 3","Joint exAL","2023-01-03",9,"0.65000000000000002","2.7906187723409999","2.2972709944671599"
"Part 3","Joint exAL","2023-01-03",9,"0.80000000000000004","2.7906187723409999","2.4581787943561801"
"Part 3","Joint exAL","2023-01-03",9,"0.94999999999999996","2.7906187723409999","2.8028613875344401"
"Part 3","Joint exAL","2023-01-04",10,"0.050000000000000003","3.4253268741041198","1.99404025715806"
"Part 3","Joint exAL","2023-01-04",10,"0.20000000000000001","3.4253268741041198","2.1043868020267702"
"Part 3","Joint exAL","2023-01-04",10,"0.34999999999999998","3.4253268741041198","2.1812458594806201"
"Part 3","Joint exAL","2023-01-04",10,"0.5","3.4253268741041198","2.2735665748484699"
"Part 3","Joint exAL","2023-01-04",10,"0.65000000000000002","3.4253268741041198","2.3831536530913402"
"Part 3","Joint exAL","2023-01-04",10,"0.80000000000000004","3.4253268741041198","2.5313953809832901"
"Part 3","Joint exAL","2023-01-04",10,"0.94999999999999996","3.4253268741041198","2.8413253077970202"
"Part 3","Joint exAL","2023-01-05",11,"0.050000000000000003","4.2538561917311197","2.1009841829212901"
"Part 3","Joint exAL","2023-01-05",11,"0.20000000000000001","4.2538561917311197","2.2420481731067898"
"Part 3","Joint exAL","2023-01-05",11,"0.34999999999999998","4.2538561917311197","2.34840131101909"
"Part 3","Joint exAL","2023-01-05",11,"0.5","4.2538561917311197","2.4631388417459998"
"Part 3","Joint exAL","2023-01-05",11,"0.65000000000000002","4.2538561917311197","2.6174643920787601"
"Part 3","Joint exAL","2023-01-05",11,"0.80000000000000004","4.2538561917311197","2.8220475050528999"
"Part 3","Joint exAL","2023-01-05",11,"0.94999999999999996","4.2538561917311197","3.3135179697394999"
"Part 3","Joint exAL","2023-01-06",12,"0.050000000000000003","3.3877748703163699","2.2309209829746801"
"Part 3","Joint exAL","2023-01-06",12,"0.20000000000000001","3.3877748703163699","2.38899838575961"
"Part 3","Joint exAL","2023-01-06",12,"0.34999999999999998","3.3877748703163699","2.5033791896346198"
"Part 3","Joint exAL","2023-01-06",12,"0.5","3.3877748703163699","2.6292437412004701"
"Part 3","Joint exAL","2023-01-06",12,"0.65000000000000002","3.3877748703163699","2.8047469906482401"
"Part 3","Joint exAL","2023-01-06",12,"0.80000000000000004","3.3877748703163699","3.0439013735914502"
"Part 3","Joint exAL","2023-01-06",12,"0.94999999999999996","3.3877748703163699","3.6097920668134198"
"Part 3","Joint exAL","2023-01-07",13,"0.050000000000000003","3.0468210981970301","2.24062833792002"
"Part 3","Joint exAL","2023-01-07",13,"0.20000000000000001","3.0468210981970301","2.3819394191079102"
"Part 3","Joint exAL","2023-01-07",13,"0.34999999999999998","3.0468210981970301","2.4807483087383901"
"Part 3","Joint exAL","2023-01-07",13,"0.5","3.0468210981970301","2.58642839044699"
"Part 3","Joint exAL","2023-01-07",13,"0.65000000000000002","3.0468210981970301","2.7202335920918199"
"Part 3","Joint exAL","2023-01-07",13,"0.80000000000000004","3.0468210981970301","2.8957845631486401"
"Part 3","Joint exAL","2023-01-07",13,"0.94999999999999996","3.0468210981970301","3.2542534710642599"
"Part 3","Joint exAL","2023-01-08",14,"0.050000000000000003","4.0491819932109401","2.1063522613097398"
"Part 3","Joint exAL","2023-01-08",14,"0.20000000000000001","4.0491819932109401","2.23672050102055"
"Part 3","Joint exAL","2023-01-08",14,"0.34999999999999998","4.0491819932109401","2.3305535997473101"
"Part 3","Joint exAL","2023-01-08",14,"0.5","4.0491819932109401","2.43317043309345"
"Part 3","Joint exAL","2023-01-08",14,"0.65000000000000002","4.0491819932109401","2.5635638883982601"
"Part 3","Joint exAL","2023-01-08",14,"0.80000000000000004","4.0491819932109401","2.7431031020783299"
"Part 3","Joint exAL","2023-01-08",14,"0.94999999999999996","4.0491819932109401","3.1334404877096498"
"Part 3","Joint exAL","2023-01-09",15,"0.050000000000000003","5.3643837104354404","2.46848543826518"
"Part 3","Joint exAL","2023-01-09",15,"0.20000000000000001","5.3643837104354404","2.6102987427727098"
"Part 3","Joint exAL","2023-01-09",15,"0.34999999999999998","5.3643837104354404","2.72161848599211"
"Part 3","Joint exAL","2023-01-09",15,"0.5","5.3643837104354404","2.8454942099591598"
"Part 3","Joint exAL","2023-01-09",15,"0.65000000000000002","5.3643837104354404","3.0039050744921498"
"Part 3","Joint exAL","2023-01-09",15,"0.80000000000000004","5.3643837104354404","3.2228369935277899"
"Part 3","Joint exAL","2023-01-09",15,"0.94999999999999996","5.3643837104354404","3.7337377398754801"
"Part 3","Joint exAL","2023-01-10",16,"0.050000000000000003","4.0879218550918797","2.54946808229528"
"Part 3","Joint exAL","2023-01-10",16,"0.20000000000000001","4.0879218550918797","2.6933249829891901"
"Part 3","Joint exAL","2023-01-10",16,"0.34999999999999998","4.0879218550918797","2.8046040581772802"
"Part 3","Joint exAL","2023-01-10",16,"0.5","4.0879218550918797","2.91538190856095"
"Part 3","Joint exAL","2023-01-10",16,"0.65000000000000002","4.0879218550918797","3.0597998940030302"
"Part 3","Joint exAL","2023-01-10",16,"0.80000000000000004","4.0879218550918797","3.2553949611996602"
"Part 3","Joint exAL","2023-01-10",16,"0.94999999999999996","4.0879218550918797","3.6974802254161001"
"Part 3","Joint exAL","2023-01-11",17,"0.050000000000000003","3.9985463313635701","2.5055774724980902"
"Part 3","Joint exAL","2023-01-11",17,"0.20000000000000001","3.9985463313635701","2.6477408126855502"
"Part 3","Joint exAL","2023-01-11",17,"0.34999999999999998","3.9985463313635701","2.7552056702005698"
"Part 3","Joint exAL","2023-01-11",17,"0.5","3.9985463313635701","2.8679801903034701"
"Part 3","Joint exAL","2023-01-11",17,"0.65000000000000002","3.9985463313635701","3.0055040529222801"
"Part 3","Joint exAL","2023-01-11",17,"0.80000000000000004","3.9985463313635701","3.1761714319680401"
"Part 3","Joint exAL","2023-01-11",17,"0.94999999999999996","3.9985463313635701","3.5477556104782102"
"Part 3","Joint exAL","2023-01-12",18,"0.050000000000000003","3.8772065627189898","2.4930221131681898"
"Part 3","Joint exAL","2023-01-12",18,"0.20000000000000001","3.8772065627189898","2.6245464270626599"
"Part 3","Joint exAL","2023-01-12",18,"0.34999999999999998","3.8772065627189898","2.7178580858572299"
"Part 3","Joint exAL","2023-01-12",18,"0.5","3.8772065627189898","2.8155028320795799"
"Part 3","Joint exAL","2023-01-12",18,"0.65000000000000002","3.8772065627189898","2.9365180818815801"
"Part 3","Joint exAL","2023-01-12",18,"0.80000000000000004","3.8772065627189898","3.1039637398765798"
"Part 3","Joint exAL","2023-01-12",18,"0.94999999999999996","3.8772065627189898","3.48088658022637"
"Part 3","Joint exAL","2023-01-13",19,"0.050000000000000003","3.9775516526665502","2.3721563815452198"
"Part 3","Joint exAL","2023-01-13",19,"0.20000000000000001","3.9775516526665502","2.5129207156594799"
"Part 3","Joint exAL","2023-01-13",19,"0.34999999999999998","3.9775516526665502","2.6101883459047102"
"Part 3","Joint exAL","2023-01-13",19,"0.5","3.9775516526665502","2.7136796323276799"
"Part 3","Joint exAL","2023-01-13",19,"0.65000000000000002","3.9775516526665502","2.8314886663576"
"Part 3","Joint exAL","2023-01-13",19,"0.80000000000000004","3.9775516526665502","2.9774366382956701"
"Part 3","Joint exAL","2023-01-13",19,"0.94999999999999996","3.9775516526665502","3.2623378383697501"
"Part 3","Joint exAL","2023-01-14",20,"0.050000000000000003","5.11080665260834","2.4319272888821799"
"Part 3","Joint exAL","2023-01-14",20,"0.20000000000000001","5.11080665260834","2.5783116614158099"
"Part 3","Joint exAL","2023-01-14",20,"0.34999999999999998","5.11080665260834","2.68256942425967"
"Part 3","Joint exAL","2023-01-14",20,"0.5","5.11080665260834","2.7918878829243101"
"Part 3","Joint exAL","2023-01-14",20,"0.65000000000000002","5.11080665260834","2.9269799889155501"
"Part 3","Joint exAL","2023-01-14",20,"0.80000000000000004","5.11080665260834","3.1055906990097601"
"Part 3","Joint exAL","2023-01-14",20,"0.94999999999999996","5.11080665260834","3.5391593677105102"
"Part 3","Joint exAL","2023-01-15",21,"0.050000000000000003","4.2457763669416497","2.7127275469821801"
"Part 3","Joint exAL","2023-01-15",21,"0.20000000000000001","4.2457763669416497","2.8693506031528599"
"Part 3","Joint exAL","2023-01-15",21,"0.34999999999999998","4.2457763669416497","2.99372769353903"
"Part 3","Joint exAL","2023-01-15",21,"0.5","4.2457763669416497","3.1198210871568"
"Part 3","Joint exAL","2023-01-15",21,"0.65000000000000002","4.2457763669416497","3.2894734537982702"
"Part 3","Joint exAL","2023-01-15",21,"0.80000000000000004","4.2457763669416497","3.52410853311072"
"Part 3","Joint exAL","2023-01-15",21,"0.94999999999999996","4.2457763669416497","4.1187211637642198"
"Part 3","Joint exAL","2023-01-16",22,"0.050000000000000003","4.4668641404166696","2.8374879999392202"
"Part 3","Joint exAL","2023-01-16",22,"0.20000000000000001","4.4668641404166696","2.9822739260689501"
"Part 3","Joint exAL","2023-01-16",22,"0.34999999999999998","4.4668641404166696","3.0930549544809001"
"Part 3","Joint exAL","2023-01-16",22,"0.5","4.4668641404166696","3.20920099605345"
"Part 3","Joint exAL","2023-01-16",22,"0.65000000000000002","4.4668641404166696","3.3696092461423799"
"Part 3","Joint exAL","2023-01-16",22,"0.80000000000000004","4.4668641404166696","3.5783232842818"
"Part 3","Joint exAL","2023-01-16",22,"0.94999999999999996","4.4668641404166696","4.1238230849109803"
"Part 3","Joint exAL","2023-01-17",23,"0.050000000000000003","3.8105279137394601","2.63201070812412"
"Part 3","Joint exAL","2023-01-17",23,"0.20000000000000001","3.8105279137394601","2.7572707814858499"
"Part 3","Joint exAL","2023-01-17",23,"0.34999999999999998","3.8105279137394601","2.8571618145498601"
"Part 3","Joint exAL","2023-01-17",23,"0.5","3.8105279137394601","2.9643751104226399"
"Part 3","Joint exAL","2023-01-17",23,"0.65000000000000002","3.8105279137394601","3.0977962430283701"
"Part 3","Joint exAL","2023-01-17",23,"0.80000000000000004","3.8105279137394601","3.2547224056988999"
"Part 3","Joint exAL","2023-01-17",23,"0.94999999999999996","3.8105279137394601","3.6448534822137901"
"Part 3","Joint exAL","2023-01-18",24,"0.050000000000000003","3.4344986026020599","2.4636283518661899"
"Part 3","Joint exAL","2023-01-18",24,"0.20000000000000001","3.4344986026020599","2.58913734233633"
"Part 3","Joint exAL","2023-01-18",24,"0.34999999999999998","3.4344986026020599","2.6826201358094601"
"Part 3","Joint exAL","2023-01-18",24,"0.5","3.4344986026020599","2.7817117047076199"
"Part 3","Joint exAL","2023-01-18",24,"0.65000000000000002","3.4344986026020599","2.8926133411961299"
"Part 3","Joint exAL","2023-01-18",24,"0.80000000000000004","3.4344986026020599","3.03463633357521"
"Part 3","Joint exAL","2023-01-18",24,"0.94999999999999996","3.4344986026020599","3.3590759487128001"
"Part 3","Joint exAL","2023-01-19",25,"0.050000000000000003","3.2406649484479901","2.5106692197399698"
"Part 3","Joint exAL","2023-01-19",25,"0.20000000000000001","3.2406649484479901","2.6408639122158601"
"Part 3","Joint exAL","2023-01-19",25,"0.34999999999999998","3.2406649484479901","2.7367727450040702"
"Part 3","Joint exAL","2023-01-19",25,"0.5","3.2406649484479901","2.8338993016681799"
"Part 3","Joint exAL","2023-01-19",25,"0.65000000000000002","3.2406649484479901","2.94753093891019"
"Part 3","Joint exAL","2023-01-19",25,"0.80000000000000004","3.2406649484479901","3.0925178466264098"
"Part 3","Joint exAL","2023-01-19",25,"0.94999999999999996","3.2406649484479901","3.4723618767048299"
"Part 3","Joint exAL","2023-01-20",26,"0.050000000000000003","3.03191192892286","2.5514707015041802"
"Part 3","Joint exAL","2023-01-20",26,"0.20000000000000001","3.03191192892286","2.6724151061997801"
"Part 3","Joint exAL","2023-01-20",26,"0.34999999999999998","3.03191192892286","2.75954243348952"
"Part 3","Joint exAL","2023-01-20",26,"0.5","3.03191192892286","2.8532202128750801"
"Part 3","Joint exAL","2023-01-20",26,"0.65000000000000002","3.03191192892286","2.9696817938775402"
"Part 3","Joint exAL","2023-01-20",26,"0.80000000000000004","3.03191192892286","3.1141450382469098"
"Part 3","Joint exAL","2023-01-20",26,"0.94999999999999996","3.03191192892286","3.4571147019028201"
"Part 3","Joint exAL","2023-01-21",27,"0.050000000000000003","2.8691474946255902","2.4201862556529199"
"Part 3","Joint exAL","2023-01-21",27,"0.20000000000000001","2.8691474946255902","2.5317948900156999"
"Part 3","Joint exAL","2023-01-21",27,"0.34999999999999998","2.8691474946255902","2.6100761515317599"
"Part 3","Joint exAL","2023-01-21",27,"0.5","2.8691474946255902","2.6832149369561198"
"Part 3","Joint exAL","2023-01-21",27,"0.65000000000000002","2.8691474946255902","2.76698364166332"
"Part 3","Joint exAL","2023-01-21",27,"0.80000000000000004","2.8691474946255902","2.86128408292937"
"Part 3","Joint exAL","2023-01-21",27,"0.94999999999999996","2.8691474946255902","3.0817499701921802"
"Part 3","Joint exAL","2023-01-22",28,"0.050000000000000003","2.7498195670252299","2.2065154898602901"
"Part 3","Joint exAL","2023-01-22",28,"0.20000000000000001","2.7498195670252299","2.3167305877433599"
"Part 3","Joint exAL","2023-01-22",28,"0.34999999999999998","2.7498195670252299","2.3911649598142701"
"Part 3","Joint exAL","2023-01-22",28,"0.5","2.7498195670252299","2.4593259490984698"
"Part 3","Joint exAL","2023-01-22",28,"0.65000000000000002","2.7498195670252299","2.5341324611311902"
"Part 3","Joint exAL","2023-01-22",28,"0.80000000000000004","2.7498195670252299","2.63037538199998"
"Part 3","Joint exAL","2023-01-22",28,"0.94999999999999996","2.7498195670252299","2.8405583504389398"
"Part 3","Joint exAL","2023-01-23",29,"0.050000000000000003","2.63887392632647","1.98774619246516"
"Part 3","Joint exAL","2023-01-23",29,"0.20000000000000001","2.63887392632647","2.1001843130867099"
"Part 3","Joint exAL","2023-01-23",29,"0.34999999999999998","2.63887392632647","2.1784913590918298"
"Part 3","Joint exAL","2023-01-23",29,"0.5","2.63887392632647","2.2494021295782298"
"Part 3","Joint exAL","2023-01-23",29,"0.65000000000000002","2.63887392632647","2.3308191486962602"
"Part 3","Joint exAL","2023-01-23",29,"0.80000000000000004","2.63887392632647","2.4472791061493901"
"Part 3","Joint exAL","2023-01-23",29,"0.94999999999999996","2.63887392632647","2.6714722387519201"
"Part 3","Joint exAL","2023-01-24",30,"0.050000000000000003","2.5344827832565899","2.12553726097206"
"Part 3","Joint exAL","2023-01-24",30,"0.20000000000000001","2.5344827832565899","2.2374402432401799"
"Part 3","Joint exAL","2023-01-24",30,"0.34999999999999998","2.5344827832565899","2.3190931126268701"
"Part 3","Joint exAL","2023-01-24",30,"0.5","2.5344827832565899","2.4033901009973602"
"Part 3","Joint exAL","2023-01-24",30,"0.65000000000000002","2.5344827832565899","2.4905895304358401"
"Part 3","Joint exAL","2023-01-24",30,"0.80000000000000004","2.5344827832565899","2.6094336826669999"
"Part 3","Joint exAL","2023-01-24",30,"0.94999999999999996","2.5344827832565899","2.86317912243062"
"Part 4","Normal Ridge","2022-12-26",1,"0.050000000000000003","0.56468377475649301","0.5790309535488074"
"Part 4","Normal Ridge","2022-12-26",1,"0.20000000000000001","0.56468377475649301","0.76006341966852231"
"Part 4","Normal Ridge","2022-12-26",1,"0.34999999999999998","0.56468377475649301","0.86243424669912794"
"Part 4","Normal Ridge","2022-12-26",1,"0.5","0.56468377475649301","0.96001835561202098"
"Part 4","Normal Ridge","2022-12-26",1,"0.65000000000000002","0.56468377475649301","1.0447186231937047"
"Part 4","Normal Ridge","2022-12-26",1,"0.80000000000000004","0.56468377475649301","1.127841174847438"
"Part 4","Normal Ridge","2022-12-26",1,"0.94999999999999996","0.56468377475649301","1.3403931342315514"
"Part 4","Normal Ridge","2022-12-27",2,"0.050000000000000003","3.1514663625841299","0.85807463509004422"
"Part 4","Normal Ridge","2022-12-27",2,"0.20000000000000001","3.1514663625841299","1.0282974371671201"
"Part 4","Normal Ridge","2022-12-27",2,"0.34999999999999998","3.1514663625841299","1.1400476572760816"
"Part 4","Normal Ridge","2022-12-27",2,"0.5","3.1514663625841299","1.2285881225469453"
"Part 4","Normal Ridge","2022-12-27",2,"0.65000000000000002","3.1514663625841299","1.325597461105851"
"Part 4","Normal Ridge","2022-12-27",2,"0.80000000000000004","3.1514663625841299","1.433229346590992"
"Part 4","Normal Ridge","2022-12-27",2,"0.94999999999999996","3.1514663625841299","1.6358039347266478"
"Part 4","Normal Ridge","2022-12-28",3,"0.050000000000000003","2.2266236264942898","1.85005773517482"
"Part 4","Normal Ridge","2022-12-28",3,"0.20000000000000001","2.2266236264942898","2.0228676204580838"
"Part 4","Normal Ridge","2022-12-28",3,"0.34999999999999998","2.2266236264942898","2.1217661260199177"
"Part 4","Normal Ridge","2022-12-28",3,"0.5","2.2266236264942898","2.2148519135864002"
"Part 4","Normal Ridge","2022-12-28",3,"0.65000000000000002","2.2266236264942898","2.3106360167485533"
"Part 4","Normal Ridge","2022-12-28",3,"0.80000000000000004","2.2266236264942898","2.4096001735821142"
"Part 4","Normal Ridge","2022-12-28",3,"0.94999999999999996","2.2266236264942898","2.5902180120845886"
"Part 4","Normal Ridge","2022-12-29",4,"0.050000000000000003","1.7553629240913999","1.4577103981600006"
"Part 4","Normal Ridge","2022-12-29",4,"0.20000000000000001","1.7553629240913999","1.647437862727076"
"Part 4","Normal Ridge","2022-12-29",4,"0.34999999999999998","1.7553629240913999","1.7632016687376479"
"Part 4","Normal Ridge","2022-12-29",4,"0.5","1.7553629240913999","1.85458641795145"
"Part 4","Normal Ridge","2022-12-29",4,"0.65000000000000002","1.7553629240913999","1.9458022737294596"
"Part 4","Normal Ridge","2022-12-29",4,"0.80000000000000004","1.7553629240913999","2.0389018303108157"
"Part 4","Normal Ridge","2022-12-29",4,"0.94999999999999996","1.7553629240913999","2.2306915382038364"
"Part 4","Normal Ridge","2022-12-30",5,"0.050000000000000003","2.7443730754966502","1.7473062234435965"
"Part 4","Normal Ridge","2022-12-30",5,"0.20000000000000001","2.7443730754966502","1.940906982310882"
"Part 4","Normal Ridge","2022-12-30",5,"0.34999999999999998","2.7443730754966502","2.0551130348065412"
"Part 4","Normal Ridge","2022-12-30",5,"0.5","2.7443730754966502","2.1569517577487947"
"Part 4","Normal Ridge","2022-12-30",5,"0.65000000000000002","2.7443730754966502","2.2459083645161053"
"Part 4","Normal Ridge","2022-12-30",5,"0.80000000000000004","2.7443730754966502","2.353160439799094"
"Part 4","Normal Ridge","2022-12-30",5,"0.94999999999999996","2.7443730754966502","2.5632148517307347"
"Part 4","Normal Ridge","2022-12-31",6,"0.050000000000000003","5.2298164117073904","2.1864850388293182"
"Part 4","Normal Ridge","2022-12-31",6,"0.20000000000000001","5.2298164117073904","2.3686718062707839"
"Part 4","Normal Ridge","2022-12-31",6,"0.34999999999999998","5.2298164117073904","2.4716045668285744"
"Part 4","Normal Ridge","2022-12-31",6,"0.5","5.2298164117073904","2.5749883891570651"
"Part 4","Normal Ridge","2022-12-31",6,"0.65000000000000002","5.2298164117073904","2.6637399449849983"
"Part 4","Normal Ridge","2022-12-31",6,"0.80000000000000004","5.2298164117073904","2.7731155354467658"
"Part 4","Normal Ridge","2022-12-31",6,"0.94999999999999996","5.2298164117073904","2.9907018366687801"
"Part 4","Normal Ridge","2023-01-01",7,"0.050000000000000003","3.8167767051474799","2.7881165140772799"
"Part 4","Normal Ridge","2023-01-01",7,"0.20000000000000001","3.8167767051474799","2.988830515330668"
"Part 4","Normal Ridge","2023-01-01",7,"0.34999999999999998","3.8167767051474799","3.1192240491113736"
"Part 4","Normal Ridge","2023-01-01",7,"0.5","3.8167767051474799","3.2076436614997199"
"Part 4","Normal Ridge","2023-01-01",7,"0.65000000000000002","3.8167767051474799","3.3063179810513157"
"Part 4","Normal Ridge","2023-01-01",7,"0.80000000000000004","3.8167767051474799","3.4163270338610143"
"Part 4","Normal Ridge","2023-01-01",7,"0.94999999999999996","3.8167767051474799","3.6446122486419905"
"Part 4","Normal Ridge","2023-01-02",8,"0.050000000000000003","2.9800661357327498","2.2430086153809112"
"Part 4","Normal Ridge","2023-01-02",8,"0.20000000000000001","2.9800661357327498","2.4240455440595379"
"Part 4","Normal Ridge","2023-01-02",8,"0.34999999999999998","2.9800661357327498","2.5355962349964107"
"Part 4","Normal Ridge","2023-01-02",8,"0.5","2.9800661357327498","2.6345953883235249"
"Part 4","Normal Ridge","2023-01-02",8,"0.65000000000000002","2.9800661357327498","2.7125844623780164"
"Part 4","Normal Ridge","2023-01-02",8,"0.80000000000000004","2.9800661357327498","2.8332590183800441"
"Part 4","Normal Ridge","2023-01-02",8,"0.94999999999999996","2.9800661357327498","3.1134154444217259"
"Part 4","Normal Ridge","2023-01-03",9,"0.050000000000000003","2.7906187723409999","1.6171193294910886"
"Part 4","Normal Ridge","2023-01-03",9,"0.20000000000000001","2.7906187723409999","1.8261725910386359"
"Part 4","Normal Ridge","2023-01-03",9,"0.34999999999999998","2.7906187723409999","1.9551955325195469"
"Part 4","Normal Ridge","2023-01-03",9,"0.5","2.7906187723409999","2.045716151325935"
"Part 4","Normal Ridge","2023-01-03",9,"0.65000000000000002","2.7906187723409999","2.1305243274661398"
"Part 4","Normal Ridge","2023-01-03",9,"0.80000000000000004","2.7906187723409999","2.2421518780522183"
"Part 4","Normal Ridge","2023-01-03",9,"0.94999999999999996","2.7906187723409999","2.4149141510786221"
"Part 4","Normal Ridge","2023-01-04",10,"0.050000000000000003","3.4253268741041198","1.8104666215233682"
"Part 4","Normal Ridge","2023-01-04",10,"0.20000000000000001","3.4253268741041198","2.0134632082493118"
"Part 4","Normal Ridge","2023-01-04",10,"0.34999999999999998","3.4253268741041198","2.1514333821192255"
"Part 4","Normal Ridge","2023-01-04",10,"0.5","3.4253268741041198","2.2403036150623752"
"Part 4","Normal Ridge","2023-01-04",10,"0.65000000000000002","3.4253268741041198","2.3421396550989244"
"Part 4","Normal Ridge","2023-01-04",10,"0.80000000000000004","3.4253268741041198","2.4606545797724482"
"Part 4","Normal Ridge","2023-01-04",10,"0.94999999999999996","3.4253268741041198","2.6905808117465728"
"Part 4","Normal Ridge","2023-01-05",11,"0.050000000000000003","4.2538561917311197","2.385945688670863"
"Part 4","Normal Ridge","2023-01-05",11,"0.20000000000000001","4.2538561917311197","2.5609704133115563"
"Part 4","Normal Ridge","2023-01-05",11,"0.34999999999999998","4.2538561917311197","2.6618596952886699"
"Part 4","Normal Ridge","2023-01-05",11,"0.5","4.2538561917311197","2.775362913960175"
"Part 4","Normal Ridge","2023-01-05",11,"0.65000000000000002","4.2538561917311197","2.8523888451331629"
"Part 4","Normal Ridge","2023-01-05",11,"0.80000000000000004","4.2538561917311197","2.972359028347904"
"Part 4","Normal Ridge","2023-01-05",11,"0.94999999999999996","4.2538561917311197","3.1692076417551287"
"Part 4","Normal Ridge","2023-01-06",12,"0.050000000000000003","3.3877748703163699","2.1099752220067858"
"Part 4","Normal Ridge","2023-01-06",12,"0.20000000000000001","3.3877748703163699","2.3238819390684959"
"Part 4","Normal Ridge","2023-01-06",12,"0.34999999999999998","3.3877748703163699","2.4359966054727273"
"Part 4","Normal Ridge","2023-01-06",12,"0.5","3.3877748703163699","2.542416357144015"
"Part 4","Normal Ridge","2023-01-06",12,"0.65000000000000002","3.3877748703163699","2.6385143771233848"
"Part 4","Normal Ridge","2023-01-06",12,"0.80000000000000004","3.3877748703163699","2.7487724266911284"
"Part 4","Normal Ridge","2023-01-06",12,"0.94999999999999996","3.3877748703163699","2.9592010698756681"
"Part 4","Normal Ridge","2023-01-07",13,"0.050000000000000003","3.0468210981970301","1.9281021922174286"
"Part 4","Normal Ridge","2023-01-07",13,"0.20000000000000001","3.0468210981970301","2.1181060875931577"
"Part 4","Normal Ridge","2023-01-07",13,"0.34999999999999998","3.0468210981970301","2.2358715444786057"
"Part 4","Normal Ridge","2023-01-07",13,"0.5","3.0468210981970301","2.3327594205729802"
"Part 4","Normal Ridge","2023-01-07",13,"0.65000000000000002","3.0468210981970301","2.4176539437251998"
"Part 4","Normal Ridge","2023-01-07",13,"0.80000000000000004","3.0468210981970301","2.5371124117149062"
"Part 4","Normal Ridge","2023-01-07",13,"0.94999999999999996","3.0468210981970301","2.7205431082832043"
"Part 4","Normal Ridge","2023-01-08",14,"0.050000000000000003","4.0491819932109401","2.2359709537012358"
"Part 4","Normal Ridge","2023-01-08",14,"0.20000000000000001","4.0491819932109401","2.4319074039158464"
"Part 4","Normal Ridge","2023-01-08",14,"0.34999999999999998","4.0491819932109401","2.5432851258126226"
"Part 4","Normal Ridge","2023-01-08",14,"0.5","4.0491819932109401","2.6311382949069451"
"Part 4","Normal Ridge","2023-01-08",14,"0.65000000000000002","4.0491819932109401","2.7390211054185398"
"Part 4","Normal Ridge","2023-01-08",14,"0.80000000000000004","4.0491819932109401","2.8469093023246383"
"Part 4","Normal Ridge","2023-01-08",14,"0.94999999999999996","4.0491819932109401","3.0578368107678973"
"Part 4","Normal Ridge","2023-01-09",15,"0.050000000000000003","5.3643837104354404","2.7809742397929615"
"Part 4","Normal Ridge","2023-01-09",15,"0.20000000000000001","5.3643837104354404","2.983324523659042"
"Part 4","Normal Ridge","2023-01-09",15,"0.34999999999999998","5.3643837104354404","3.0895518694420714"
"Part 4","Normal Ridge","2023-01-09",15,"0.5","5.3643837104354404","3.1725481367376602"
"Part 4","Normal Ridge","2023-01-09",15,"0.65000000000000002","5.3643837104354404","3.2830196779999863"
"Part 4","Normal Ridge","2023-01-09",15,"0.80000000000000004","5.3643837104354404","3.3927301583477001"
"Part 4","Normal Ridge","2023-01-09",15,"0.94999999999999996","5.3643837104354404","3.6131444559872086"
"Part 4","Normal Ridge","2023-01-10",16,"0.050000000000000003","4.0879218550918797","2.5269064388827358"
"Part 4","Normal Ridge","2023-01-10",16,"0.20000000000000001","4.0879218550918797","2.7220453481266063"
"Part 4","Normal Ridge","2023-01-10",16,"0.34999999999999998","4.0879218550918797","2.8514154332743988"
"Part 4","Normal Ridge","2023-01-10",16,"0.5","4.0879218550918797","2.95044181927768"
"Part 4","Normal Ridge","2023-01-10",16,"0.65000000000000002","4.0879218550918797","3.0559476150960192"
"Part 4","Normal Ridge","2023-01-10",16,"0.80000000000000004","4.0879218550918797","3.1527187620431221"
"Part 4","Normal Ridge","2023-01-10",16,"0.94999999999999996","4.0879218550918797","3.3642810037035571"
"Part 4","Normal Ridge","2023-01-11",17,"0.050000000000000003","3.9985463313635701","2.5989641870546936"
"Part 4","Normal Ridge","2023-01-11",17,"0.20000000000000001","3.9985463313635701","2.7451107235630801"
"Part 4","Normal Ridge","2023-01-11",17,"0.34999999999999998","3.9985463313635701","2.8608204621801234"
"Part 4","Normal Ridge","2023-01-11",17,"0.5","3.9985463313635701","2.9515734700926952"
"Part 4","Normal Ridge","2023-01-11",17,"0.65000000000000002","3.9985463313635701","3.0431092855706652"
"Part 4","Normal Ridge","2023-01-11",17,"0.80000000000000004","3.9985463313635701","3.1628939743190201"
"Part 4","Normal Ridge","2023-01-11",17,"0.94999999999999996","3.9985463313635701","3.4002952198762255"
"Part 4","Normal Ridge","2023-01-12",18,"0.050000000000000003","3.8772065627189898","2.4273247232670805"
"Part 4","Normal Ridge","2023-01-12",18,"0.20000000000000001","3.8772065627189898","2.6541501447561702"
"Part 4","Normal Ridge","2023-01-12",18,"0.34999999999999998","3.8772065627189898","2.7566545970207983"
"Part 4","Normal Ridge","2023-01-12",18,"0.5","3.8772065627189898","2.876373596612305"
"Part 4","Normal Ridge","2023-01-12",18,"0.65000000000000002","3.8772065627189898","2.9717600493325511"
"Part 4","Normal Ridge","2023-01-12",18,"0.80000000000000004","3.8772065627189898","3.0708487725942462"
"Part 4","Normal Ridge","2023-01-12",18,"0.94999999999999996","3.8772065627189898","3.2723078133874672"
"Part 4","Normal Ridge","2023-01-13",19,"0.050000000000000003","3.9775516526665502","2.0970899752656176"
"Part 4","Normal Ridge","2023-01-13",19,"0.20000000000000001","3.9775516526665502","2.3099613119994022"
"Part 4","Normal Ridge","2023-01-13",19,"0.34999999999999998","3.9775516526665502","2.4171679546671383"
"Part 4","Normal Ridge","2023-01-13",19,"0.5","3.9775516526665502","2.5163762665199552"
"Part 4","Normal Ridge","2023-01-13",19,"0.65000000000000002","3.9775516526665502","2.6185708469508722"
"Part 4","Normal Ridge","2023-01-13",19,"0.80000000000000004","3.9775516526665502","2.7417759846824201"
"Part 4","Normal Ridge","2023-01-13",19,"0.94999999999999996","3.9775516526665502","2.9654760721938862"
"Part 4","Normal Ridge","2023-01-14",20,"0.050000000000000003","5.11080665260834","2.2642892649925717"
"Part 4","Normal Ridge","2023-01-14",20,"0.20000000000000001","5.11080665260834","2.430817212162844"
"Part 4","Normal Ridge","2023-01-14",20,"0.34999999999999998","5.11080665260834","2.5489784944575709"
"Part 4","Normal Ridge","2023-01-14",20,"0.5","5.11080665260834","2.6711887673370649"
"Part 4","Normal Ridge","2023-01-14",20,"0.65000000000000002","5.11080665260834","2.765463414242888"
"Part 4","Normal Ridge","2023-01-14",20,"0.80000000000000004","5.11080665260834","2.8608740574498839"
"Part 4","Normal Ridge","2023-01-14",20,"0.94999999999999996","5.11080665260834","3.0561404624015474"
"Part 4","Normal Ridge","2023-01-15",21,"0.050000000000000003","4.2457763669416497","2.7191041564655958"
"Part 4","Normal Ridge","2023-01-15",21,"0.20000000000000001","4.2457763669416497","2.921327640318224"
"Part 4","Normal Ridge","2023-01-15",21,"0.34999999999999998","4.2457763669416497","3.0411208534095318"
"Part 4","Normal Ridge","2023-01-15",21,"0.5","4.2457763669416497","3.14101468470805"
"Part 4","Normal Ridge","2023-01-15",21,"0.65000000000000002","4.2457763669416497","3.2224619163281956"
"Part 4","Normal Ridge","2023-01-15",21,"0.80000000000000004","4.2457763669416497","3.3301047765031262"
"Part 4","Normal Ridge","2023-01-15",21,"0.94999999999999996","4.2457763669416497","3.5747752976363252"
"Part 4","Normal Ridge","2023-01-16",22,"0.050000000000000003","4.4668641404166696","2.7771440099742803"
"Part 4","Normal Ridge","2023-01-16",22,"0.20000000000000001","4.4668641404166696","2.979853322345722"
"Part 4","Normal Ridge","2023-01-16",22,"0.34999999999999998","4.4668641404166696","3.1214888844262445"
"Part 4","Normal Ridge","2023-01-16",22,"0.5","4.4668641404166696","3.1961702953121449"
"Part 4","Normal Ridge","2023-01-16",22,"0.65000000000000002","4.4668641404166696","3.2941067177529706"
"Part 4","Normal Ridge","2023-01-16",22,"0.80000000000000004","4.4668641404166696","3.4080168229955117"
"Part 4","Normal Ridge","2023-01-16",22,"0.94999999999999996","4.4668641404166696","3.6538892562299345"
"Part 4","Normal Ridge","2023-01-17",23,"0.050000000000000003","3.8105279137394601","2.2316848429917231"
"Part 4","Normal Ridge","2023-01-17",23,"0.20000000000000001","3.8105279137394601","2.4535049747107402"
"Part 4","Normal Ridge","2023-01-17",23,"0.34999999999999998","3.8105279137394601","2.5917366095150167"
"Part 4","Normal Ridge","2023-01-17",23,"0.5","3.8105279137394601","2.6829590629277051"
"Part 4","Normal Ridge","2023-01-17",23,"0.65000000000000002","3.8105279137394601","2.7774132285351927"
"Part 4","Normal Ridge","2023-01-17",23,"0.80000000000000004","3.8105279137394601","2.8992200336913241"
"Part 4","Normal Ridge","2023-01-17",23,"0.94999999999999996","3.8105279137394601","3.125596010122293"
"Part 4","Normal Ridge","2023-01-18",24,"0.050000000000000003","3.4344986026020599","2.0092469704836269"
"Part 4","Normal Ridge","2023-01-18",24,"0.20000000000000001","3.4344986026020599","2.241701763157582"
"Part 4","Normal Ridge","2023-01-18",24,"0.34999999999999998","3.4344986026020599","2.3427994498723801"
"Part 4","Normal Ridge","2023-01-18",24,"0.5","3.4344986026020599","2.45650474660928"
"Part 4","Normal Ridge","2023-01-18",24,"0.65000000000000002","3.4344986026020599","2.5444162297602197"
"Part 4","Normal Ridge","2023-01-18",24,"0.80000000000000004","3.4344986026020599","2.6487522128555181"
"Part 4","Normal Ridge","2023-01-18",24,"0.94999999999999996","3.4344986026020599","2.8326787190285723"
"Part 4","Normal Ridge","2023-01-19",25,"0.050000000000000003","3.2406649484479901","2.1415472400163118"
"Part 4","Normal Ridge","2023-01-19",25,"0.20000000000000001","3.2406649484479901","2.3631944800548181"
"Part 4","Normal Ridge","2023-01-19",25,"0.34999999999999998","3.2406649484479901","2.4702474214031924"
"Part 4","Normal Ridge","2023-01-19",25,"0.5","3.2406649484479901","2.5863234288956898"
"Part 4","Normal Ridge","2023-01-19",25,"0.65000000000000002","3.2406649484479901","2.6788606114819009"
"Part 4","Normal Ridge","2023-01-19",25,"0.80000000000000004","3.2406649484479901","2.8014364037992281"
"Part 4","Normal Ridge","2023-01-19",25,"0.94999999999999996","3.2406649484479901","3.0190144814704176"
"Part 4","Normal Ridge","2023-01-20",26,"0.050000000000000003","3.03191192892286","1.949397787852363"
"Part 4","Normal Ridge","2023-01-20",26,"0.20000000000000001","3.03191192892286","2.1888736073124018"
"Part 4","Normal Ridge","2023-01-20",26,"0.34999999999999998","3.03191192892286","2.2938950422973274"
"Part 4","Normal Ridge","2023-01-20",26,"0.5","3.03191192892286","2.3999747444027753"
"Part 4","Normal Ridge","2023-01-20",26,"0.65000000000000002","3.03191192892286","2.4929150852669788"
"Part 4","Normal Ridge","2023-01-20",26,"0.80000000000000004","3.03191192892286","2.5956029130923639"
"Part 4","Normal Ridge","2023-01-20",26,"0.94999999999999996","3.03191192892286","2.8094481467050634"
"Part 4","Normal Ridge","2023-01-21",27,"0.050000000000000003","2.8691474946255902","1.8977225404491831"
"Part 4","Normal Ridge","2023-01-21",27,"0.20000000000000001","2.8691474946255902","2.0842363572623821"
"Part 4","Normal Ridge","2023-01-21",27,"0.34999999999999998","2.8691474946255902","2.1805053534914514"
"Part 4","Normal Ridge","2023-01-21",27,"0.5","2.8691474946255902","2.2825963948606649"
"Part 4","Normal Ridge","2023-01-21",27,"0.65000000000000002","2.8691474946255902","2.3959139360741064"
"Part 4","Normal Ridge","2023-01-21",27,"0.80000000000000004","2.8691474946255902","2.5084843551279281"
"Part 4","Normal Ridge","2023-01-21",27,"0.94999999999999996","2.8691474946255902","2.7358688794834607"
"Part 4","Normal Ridge","2023-01-22",28,"0.050000000000000003","2.7498195670252299","1.7334949055633051"
"Part 4","Normal Ridge","2023-01-22",28,"0.20000000000000001","2.7498195670252299","1.9350853811011861"
"Part 4","Normal Ridge","2023-01-22",28,"0.34999999999999998","2.7498195670252299","2.0538477559955925"
"Part 4","Normal Ridge","2023-01-22",28,"0.5","2.7498195670252299","2.152473086992825"
"Part 4","Normal Ridge","2023-01-22",28,"0.65000000000000002","2.7498195670252299","2.2323010337221207"
"Part 4","Normal Ridge","2023-01-22",28,"0.80000000000000004","2.7498195670252299","2.3571554103735961"
"Part 4","Normal Ridge","2023-01-22",28,"0.94999999999999996","2.7498195670252299","2.571933381417244"
"Part 4","Normal RHS/VB","2022-12-26",1,"0.050000000000000003","0.56468377475649301","0.14244883904113825"
"Part 4","Normal RHS/VB","2022-12-26",1,"0.20000000000000001","0.56468377475649301","0.33820544980049538"
"Part 4","Normal RHS/VB","2022-12-26",1,"0.34999999999999998","0.56468377475649301","0.44890253397373853"
"Part 4","Normal RHS/VB","2022-12-26",1,"0.5","0.56468377475649301","0.55442357577475754"
"Part 4","Normal RHS/VB","2022-12-26",1,"0.65000000000000002","0.56468377475649301","0.64601287833243792"
"Part 4","Normal RHS/VB","2022-12-26",1,"0.80000000000000004","0.56468377475649301","0.73589614257877445"
"Part 4","Normal RHS/VB","2022-12-26",1,"0.94999999999999996","0.56468377475649301","0.96573586178018989"
"Part 4","Normal RHS/VB","2022-12-27",2,"0.050000000000000003","3.1514663625841299","0.98232014036747795"
"Part 4","Normal RHS/VB","2022-12-27",2,"0.20000000000000001","3.1514663625841299","1.156582680167588"
"Part 4","Normal RHS/VB","2022-12-27",2,"0.34999999999999998","3.1514663625841299","1.2753047813574874"
"Part 4","Normal RHS/VB","2022-12-27",2,"0.5","3.1514663625841299","1.3743079415776149"
"Part 4","Normal RHS/VB","2022-12-27",2,"0.65000000000000002","3.1514663625841299","1.4719031310127244"
"Part 4","Normal RHS/VB","2022-12-27",2,"0.80000000000000004","3.1514663625841299","1.58328574577537"
"Part 4","Normal RHS/VB","2022-12-27",2,"0.94999999999999996","3.1514663625841299","1.7927147147545843"
"Part 4","Normal RHS/VB","2022-12-28",3,"0.050000000000000003","2.2266236264942898","1.5228981779509181"
"Part 4","Normal RHS/VB","2022-12-28",3,"0.20000000000000001","2.2266236264942898","1.710558824802296"
"Part 4","Normal RHS/VB","2022-12-28",3,"0.34999999999999998","2.2266236264942898","1.8165739541806596"
"Part 4","Normal RHS/VB","2022-12-28",3,"0.5","2.2266236264942898","1.9160202306421952"
"Part 4","Normal RHS/VB","2022-12-28",3,"0.65000000000000002","2.2266236264942898","2.0188682937636893"
"Part 4","Normal RHS/VB","2022-12-28",3,"0.80000000000000004","2.2266236264942898","2.1262036032153357"
"Part 4","Normal RHS/VB","2022-12-28",3,"0.94999999999999996","2.2266236264942898","2.3193129038849931"
"Part 4","Normal RHS/VB","2022-12-29",4,"0.050000000000000003","1.7553629240913999","1.2336088045692435"
"Part 4","Normal RHS/VB","2022-12-29",4,"0.20000000000000001","1.7553629240913999","1.4427840358842281"
"Part 4","Normal RHS/VB","2022-12-29",4,"0.34999999999999998","1.7553629240913999","1.5625594186607994"
"Part 4","Normal RHS/VB","2022-12-29",4,"0.5","1.7553629240913999","1.6533107159545251"
"Part 4","Normal RHS/VB","2022-12-29",4,"0.65000000000000002","1.7553629240913999","1.752072837212945"
"Part 4","Normal RHS/VB","2022-12-29",4,"0.80000000000000004","1.7553629240913999","1.8532549856004299"
"Part 4","Normal RHS/VB","2022-12-29",4,"0.94999999999999996","1.7553629240913999","2.0448345193174688"
"Part 4","Normal RHS/VB","2022-12-30",5,"0.050000000000000003","2.7443730754966502","1.5517864906574006"
"Part 4","Normal RHS/VB","2022-12-30",5,"0.20000000000000001","2.7443730754966502","1.753612195541614"
"Part 4","Normal RHS/VB","2022-12-30",5,"0.34999999999999998","2.7443730754966502","1.8711792917166086"
"Part 4","Normal RHS/VB","2022-12-30",5,"0.5","2.7443730754966502","1.98324467768157"
"Part 4","Normal RHS/VB","2022-12-30",5,"0.65000000000000002","2.7443730754966502","2.0745180351625976"
"Part 4","Normal RHS/VB","2022-12-30",5,"0.80000000000000004","2.7443730754966502","2.188082047623146"
"Part 4","Normal RHS/VB","2022-12-30",5,"0.94999999999999996","2.7443730754966502","2.4018431395390416"
"Part 4","Normal RHS/VB","2022-12-31",6,"0.050000000000000003","5.2298164117073904","1.6400850281069377"
"Part 4","Normal RHS/VB","2022-12-31",6,"0.20000000000000001","5.2298164117073904","1.8351766439352022"
"Part 4","Normal RHS/VB","2022-12-31",6,"0.34999999999999998","5.2298164117073904","1.9469245188128741"
"Part 4","Normal RHS/VB","2022-12-31",6,"0.5","5.2298164117073904","2.0525549532963399"
"Part 4","Normal RHS/VB","2022-12-31",6,"0.65000000000000002","5.2298164117073904","2.150659234255162"
"Part 4","Normal RHS/VB","2022-12-31",6,"0.80000000000000004","5.2298164117073904","2.2621294649912183"
"Part 4","Normal RHS/VB","2022-12-31",6,"0.94999999999999996","5.2298164117073904","2.4909302807863765"
"Part 4","Normal RHS/VB","2023-01-01",7,"0.050000000000000003","3.8167767051474799","2.3611872037372414"
"Part 4","Normal RHS/VB","2023-01-01",7,"0.20000000000000001","3.8167767051474799","2.567653162242812"
"Part 4","Normal RHS/VB","2023-01-01",7,"0.34999999999999998","3.8167767051474799","2.7122089997407457"
"Part 4","Normal RHS/VB","2023-01-01",7,"0.5","3.8167767051474799","2.7989444601550648"
"Part 4","Normal RHS/VB","2023-01-01",7,"0.65000000000000002","3.8167767051474799","2.9077693564006699"
"Part 4","Normal RHS/VB","2023-01-01",7,"0.80000000000000004","3.8167767051474799","3.0188771523031859"
"Part 4","Normal RHS/VB","2023-01-01",7,"0.94999999999999996","3.8167767051474799","3.2704631430460633"
"Part 4","Normal RHS/VB","2023-01-02",8,"0.050000000000000003","2.9800661357327498","1.7762711944823686"
"Part 4","Normal RHS/VB","2023-01-02",8,"0.20000000000000001","2.9800661357327498","1.9626588848131359"
"Part 4","Normal RHS/VB","2023-01-02",8,"0.34999999999999998","2.9800661357327498","2.0745187517241397"
"Part 4","Normal RHS/VB","2023-01-02",8,"0.5","2.9800661357327498","2.1746422509930401"
"Part 4","Normal RHS/VB","2023-01-02",8,"0.65000000000000002","2.9800661357327498","2.2536885272330109"
"Part 4","Normal RHS/VB","2023-01-02",8,"0.80000000000000004","2.9800661357327498","2.3766416157430816"
"Part 4","Normal RHS/VB","2023-01-02",8,"0.94999999999999996","2.9800661357327498","2.6614787522546663"
"Part 4","Normal RHS/VB","2023-01-03",9,"0.050000000000000003","2.7906187723409999","1.0676890167448261"
"Part 4","Normal RHS/VB","2023-01-03",9,"0.20000000000000001","2.7906187723409999","1.2984747767434921"
"Part 4","Normal RHS/VB","2023-01-03",9,"0.34999999999999998","2.7906187723409999","1.4341718291980672"
"Part 4","Normal RHS/VB","2023-01-03",9,"0.5","2.7906187723409999","1.525256422719655"
"Part 4","Normal RHS/VB","2023-01-03",9,"0.65000000000000002","2.7906187723409999","1.6113221265542494"
"Part 4","Normal RHS/VB","2023-01-03",9,"0.80000000000000004","2.7906187723409999","1.7294620043461921"
"Part 4","Normal RHS/VB","2023-01-03",9,"0.94999999999999996","2.7906187723409999","1.901893656909454"
"Part 4","Normal RHS/VB","2023-01-04",10,"0.050000000000000003","3.4253268741041198","1.2736020738004594"
"Part 4","Normal RHS/VB","2023-01-04",10,"0.20000000000000001","3.4253268741041198","1.4989593135142081"
"Part 4","Normal RHS/VB","2023-01-04",10,"0.34999999999999998","3.4253268741041198","1.6283037720049576"
"Part 4","Normal RHS/VB","2023-01-04",10,"0.5","3.4253268741041198","1.727988804974615"
"Part 4","Normal RHS/VB","2023-01-04",10,"0.65000000000000002","3.4253268741041198","1.8285972324495496"
"Part 4","Normal RHS/VB","2023-01-04",10,"0.80000000000000004","3.4253268741041198","1.9602858902806659"
"Part 4","Normal RHS/VB","2023-01-04",10,"0.94999999999999996","3.4253268741041198","2.1623865951238965"
"Part 4","Normal RHS/VB","2023-01-05",11,"0.050000000000000003","4.2538561917311197","1.4586661680588104"
"Part 4","Normal RHS/VB","2023-01-05",11,"0.20000000000000001","4.2538561917311197","1.63483747079132"
"Part 4","Normal RHS/VB","2023-01-05",11,"0.34999999999999998","4.2538561917311197","1.7441481327912336"
"Part 4","Normal RHS/VB","2023-01-05",11,"0.5","4.2538561917311197","1.8471179415620751"
"Part 4","Normal RHS/VB","2023-01-05",11,"0.65000000000000002","4.2538561917311197","1.9287246219620289"
"Part 4","Normal RHS/VB","2023-01-05",11,"0.80000000000000004","4.2538561917311197","2.0495542988137263"
"Part 4","Normal RHS/VB","2023-01-05",11,"0.94999999999999996","4.2538561917311197","2.2431867674913719"
"Part 4","Normal RHS/VB","2023-01-06",12,"0.050000000000000003","3.3877748703163699","1.370092181653332"
"Part 4","Normal RHS/VB","2023-01-06",12,"0.20000000000000001","3.3877748703163699","1.557358492654346"
"Part 4","Normal RHS/VB","2023-01-06",12,"0.34999999999999998","3.3877748703163699","1.653140443347942"
"Part 4","Normal RHS/VB","2023-01-06",12,"0.5","3.3877748703163699","1.7596972499368351"
"Part 4","Normal RHS/VB","2023-01-06",12,"0.65000000000000002","3.3877748703163699","1.8545463475118409"
"Part 4","Normal RHS/VB","2023-01-06",12,"0.80000000000000004","3.3877748703163699","1.964093165795648"
"Part 4","Normal RHS/VB","2023-01-06",12,"0.94999999999999996","3.3877748703163699","2.167575280231969"
"Part 4","Normal RHS/VB","2023-01-07",13,"0.050000000000000003","3.0468210981970301","1.0734665486026049"
"Part 4","Normal RHS/VB","2023-01-07",13,"0.20000000000000001","3.0468210981970301","1.2432014506522719"
"Part 4","Normal RHS/VB","2023-01-07",13,"0.34999999999999998","3.0468210981970301","1.3700866403758916"
"Part 4","Normal RHS/VB","2023-01-07",13,"0.5","3.0468210981970301","1.4605258247377901"
"Part 4","Normal RHS/VB","2023-01-07",13,"0.65000000000000002","3.0468210981970301","1.5549794294517296"
"Part 4","Normal RHS/VB","2023-01-07",13,"0.80000000000000004","3.0468210981970301","1.656606512687494"
"Part 4","Normal RHS/VB","2023-01-07",13,"0.94999999999999996","3.0468210981970301","1.8585675629510039"
"Part 4","Normal RHS/VB","2023-01-08",14,"0.050000000000000003","4.0491819932109401","1.1035739346009596"
"Part 4","Normal RHS/VB","2023-01-08",14,"0.20000000000000001","4.0491819932109401","1.279691454641954"
"Part 4","Normal RHS/VB","2023-01-08",14,"0.34999999999999998","4.0491819932109401","1.3913352730271829"
"Part 4","Normal RHS/VB","2023-01-08",14,"0.5","4.0491819932109401","1.4891876352169251"
"Part 4","Normal RHS/VB","2023-01-08",14,"0.65000000000000002","4.0491819932109401","1.5814095426313854"
"Part 4","Normal RHS/VB","2023-01-08",14,"0.80000000000000004","4.0491819932109401","1.7009079170483421"
"Part 4","Normal RHS/VB","2023-01-08",14,"0.94999999999999996","4.0491819932109401","1.8901344471276216"
"Part 4","Normal RHS/VB","2023-01-09",15,"0.050000000000000003","5.3643837104354404","1.5305383358733606"
"Part 4","Normal RHS/VB","2023-01-09",15,"0.20000000000000001","5.3643837104354404","1.7485094283242022"
"Part 4","Normal RHS/VB","2023-01-09",15,"0.34999999999999998","5.3643837104354404","1.8342528593999745"
"Part 4","Normal RHS/VB","2023-01-09",15,"0.5","5.3643837104354404","1.9313836322529652"
"Part 4","Normal RHS/VB","2023-01-09",15,"0.65000000000000002","5.3643837104354404","2.0283340810437784"
"Part 4","Normal RHS/VB","2023-01-09",15,"0.80000000000000004","5.3643837104354404","2.13548548382846"
"Part 4","Normal RHS/VB","2023-01-09",15,"0.94999999999999996","5.3643837104354404","2.3640987252947916"
"Part 4","Normal RHS/VB","2023-01-10",16,"0.050000000000000003","4.0879218550918797","1.455200223858526"
"Part 4","Normal RHS/VB","2023-01-10",16,"0.20000000000000001","4.0879218550918797","1.659524383203832"
"Part 4","Normal RHS/VB","2023-01-10",16,"0.34999999999999998","4.0879218550918797","1.7734298909411677"
"Part 4","Normal RHS/VB","2023-01-10",16,"0.5","4.0879218550918797","1.8888320412701851"
"Part 4","Normal RHS/VB","2023-01-10",16,"0.65000000000000002","4.0879218550918797","1.9915287531626507"
"Part 4","Normal RHS/VB","2023-01-10",16,"0.80000000000000004","4.0879218550918797","2.0891876976319481"
"Part 4","Normal RHS/VB","2023-01-10",16,"0.94999999999999996","4.0879218550918797","2.3138881482897831"
"Part 4","Normal RHS/VB","2023-01-11",17,"0.050000000000000003","3.9985463313635701","1.6310511832775108"
"Part 4","Normal RHS/VB","2023-01-11",17,"0.20000000000000001","3.9985463313635701","1.802527008230248"
"Part 4","Normal RHS/VB","2023-01-11",17,"0.34999999999999998","3.9985463313635701","1.9154344429069665"
"Part 4","Normal RHS/VB","2023-01-11",17,"0.5","3.9985463313635701","2.0015005536754149"
"Part 4","Normal RHS/VB","2023-01-11",17,"0.65000000000000002","3.9985463313635701","2.1072581595730995"
"Part 4","Normal RHS/VB","2023-01-11",17,"0.80000000000000004","3.9985463313635701","2.2319656360642939"
"Part 4","Normal RHS/VB","2023-01-11",17,"0.94999999999999996","3.9985463313635701","2.4661106459098381"
"Part 4","Normal RHS/VB","2023-01-12",18,"0.050000000000000003","3.8772065627189898","1.139424248836121"
"Part 4","Normal RHS/VB","2023-01-12",18,"0.20000000000000001","3.8772065627189898","1.374504359613276"
"Part 4","Normal RHS/VB","2023-01-12",18,"0.34999999999999998","3.8772065627189898","1.4925719651144851"
"Part 4","Normal RHS/VB","2023-01-12",18,"0.5","3.8772065627189898","1.5953462837832151"
"Part 4","Normal RHS/VB","2023-01-12",18,"0.65000000000000002","3.8772065627189898","1.7078104106847505"
"Part 4","Normal RHS/VB","2023-01-12",18,"0.80000000000000004","3.8772065627189898","1.8096334110775039"
"Part 4","Normal RHS/VB","2023-01-12",18,"0.94999999999999996","3.8772065627189898","2.0199645180584875"
"Part 4","Normal RHS/VB","2023-01-13",19,"0.050000000000000003","3.9775516526665502","0.72768981969426549"
"Part 4","Normal RHS/VB","2023-01-13",19,"0.20000000000000001","3.9775516526665502","0.90071942903872682"
"Part 4","Normal RHS/VB","2023-01-13",19,"0.34999999999999998","3.9775516526665502","1.018490639127607"
"Part 4","Normal RHS/VB","2023-01-13",19,"0.5","3.9775516526665502","1.1147460804654852"
"Part 4","Normal RHS/VB","2023-01-13",19,"0.65000000000000002","3.9775516526665502","1.2034437828635216"
"Part 4","Normal RHS/VB","2023-01-13",19,"0.80000000000000004","3.9775516526665502","1.3189639975573439"
"Part 4","Normal RHS/VB","2023-01-13",19,"0.94999999999999996","3.9775516526665502","1.5232910882156547"
"Part 4","Normal RHS/VB","2023-01-14",20,"0.050000000000000003","5.11080665260834","0.87408442836792943"
"Part 4","Normal RHS/VB","2023-01-14",20,"0.20000000000000001","5.11080665260834","1.0705484023327858"
"Part 4","Normal RHS/VB","2023-01-14",20,"0.34999999999999998","5.11080665260834","1.1886428796330455"
"Part 4","Normal RHS/VB","2023-01-14",20,"0.5","5.11080665260834","1.2783761664437301"
"Part 4","Normal RHS/VB","2023-01-14",20,"0.65000000000000002","5.11080665260834","1.355749866489846"
"Part 4","Normal RHS/VB","2023-01-14",20,"0.80000000000000004","5.11080665260834","1.461947783322382"
"Part 4","Normal RHS/VB","2023-01-14",20,"0.94999999999999996","5.11080665260834","1.6414195676960683"
"Part 4","Normal RHS/VB","2023-01-15",21,"0.050000000000000003","4.2457763669416497","1.2493296918847001"
"Part 4","Normal RHS/VB","2023-01-15",21,"0.20000000000000001","4.2457763669416497","1.429701742787014"
"Part 4","Normal RHS/VB","2023-01-15",21,"0.34999999999999998","4.2457763669416497","1.5417879646162436"
"Part 4","Normal RHS/VB","2023-01-15",21,"0.5","4.2457763669416497","1.6267257534544202"
"Part 4","Normal RHS/VB","2023-01-15",21,"0.65000000000000002","4.2457763669416497","1.7139597288509845"
"Part 4","Normal RHS/VB","2023-01-15",21,"0.80000000000000004","4.2457763669416497","1.8104069555236"
"Part 4","Normal RHS/VB","2023-01-15",21,"0.94999999999999996","4.2457763669416497","2.0450485509386143"
"Part 4","Normal RHS/VB","2023-01-16",22,"0.050000000000000003","4.4668641404166696","1.5540267694493581"
"Part 4","Normal RHS/VB","2023-01-16",22,"0.20000000000000001","4.4668641404166696","1.7705448473266079"
"Part 4","Normal RHS/VB","2023-01-16",22,"0.34999999999999998","4.4668641404166696","1.891763436407683"
"Part 4","Normal RHS/VB","2023-01-16",22,"0.5","4.4668641404166696","1.989027005885645"
"Part 4","Normal RHS/VB","2023-01-16",22,"0.65000000000000002","4.4668641404166696","2.0717345363737314"
"Part 4","Normal RHS/VB","2023-01-16",22,"0.80000000000000004","4.4668641404166696","2.1821682983637523"
"Part 4","Normal RHS/VB","2023-01-16",22,"0.94999999999999996","4.4668641404166696","2.432488356923165"
"Part 4","Normal RHS/VB","2023-01-17",23,"0.050000000000000003","3.8105279137394601","1.471304746597407"
"Part 4","Normal RHS/VB","2023-01-17",23,"0.20000000000000001","3.8105279137394601","1.6940800792438577"
"Part 4","Normal RHS/VB","2023-01-17",23,"0.34999999999999998","3.8105279137394601","1.8454506309013938"
"Part 4","Normal RHS/VB","2023-01-17",23,"0.5","3.8105279137394601","1.9356464846010599"
"Part 4","Normal RHS/VB","2023-01-17",23,"0.65000000000000002","3.8105279137394601","2.0398808255955352"
"Part 4","Normal RHS/VB","2023-01-17",23,"0.80000000000000004","3.8105279137394601","2.1648368115368077"
"Part 4","Normal RHS/VB","2023-01-17",23,"0.94999999999999996","3.8105279137394601","2.3983257417761892"
"Part 4","Normal RHS/VB","2023-01-18",24,"0.050000000000000003","3.4344986026020599","1.1644114255453351"
"Part 4","Normal RHS/VB","2023-01-18",24,"0.20000000000000001","3.4344986026020599","1.378261613416162"
"Part 4","Normal RHS/VB","2023-01-18",24,"0.34999999999999998","3.4344986026020599","1.4711580075619306"
"Part 4","Normal RHS/VB","2023-01-18",24,"0.5","3.4344986026020599","1.604804092956805"
"Part 4","Normal RHS/VB","2023-01-18",24,"0.65000000000000002","3.4344986026020599","1.7071985576912425"
"Part 4","Normal RHS/VB","2023-01-18",24,"0.80000000000000004","3.4344986026020599","1.7950054533004201"
"Part 4","Normal RHS/VB","2023-01-18",24,"0.94999999999999996","3.4344986026020599","1.9972868236836407"
"Part 4","Normal RHS/VB","2023-01-19",25,"0.050000000000000003","3.2406649484479901","1.4792044134333739"
"Part 4","Normal RHS/VB","2023-01-19",25,"0.20000000000000001","3.2406649484479901","1.705016096734886"
"Part 4","Normal RHS/VB","2023-01-19",25,"0.34999999999999998","3.2406649484479901","1.8249310635491365"
"Part 4","Normal RHS/VB","2023-01-19",25,"0.5","3.2406649484479901","1.9508991243916201"
"Part 4","Normal RHS/VB","2023-01-19",25,"0.65000000000000002","3.2406649484479901","2.0466585118085039"
"Part 4","Normal RHS/VB","2023-01-19",25,"0.80000000000000004","3.2406649484479901","2.1672464838550778"
"Part 4","Normal RHS/VB","2023-01-19",25,"0.94999999999999996","3.2406649484479901","2.3915461626814878"
"Part 4","Normal RHS/VB","2023-01-20",26,"0.050000000000000003","3.03191192892286","1.3607485007546616"
"Part 4","Normal RHS/VB","2023-01-20",26,"0.20000000000000001","3.03191192892286","1.6009705838369119"
"Part 4","Normal RHS/VB","2023-01-20",26,"0.34999999999999998","3.03191192892286","1.720870025705433"
"Part 4","Normal RHS/VB","2023-01-20",26,"0.5","3.03191192892286","1.8299708805276451"
"Part 4","Normal RHS/VB","2023-01-20",26,"0.65000000000000002","3.03191192892286","1.926719152702721"
"Part 4","Normal RHS/VB","2023-01-20",26,"0.80000000000000004","3.03191192892286","2.044877240920024"
"Part 4","Normal RHS/VB","2023-01-20",26,"0.94999999999999996","3.03191192892286","2.2604547868594893"
"Part 4","Normal RHS/VB","2023-01-21",27,"0.050000000000000003","2.8691474946255902","1.4337084167782694"
"Part 4","Normal RHS/VB","2023-01-21",27,"0.20000000000000001","2.8691474946255902","1.6327198988026299"
"Part 4","Normal RHS/VB","2023-01-21",27,"0.34999999999999998","2.8691474946255902","1.7397244710303186"
"Part 4","Normal RHS/VB","2023-01-21",27,"0.5","2.8691474946255902","1.8358996560037402"
"Part 4","Normal RHS/VB","2023-01-21",27,"0.65000000000000002","2.8691474946255902","1.9633541695238579"
"Part 4","Normal RHS/VB","2023-01-21",27,"0.80000000000000004","2.8691474946255902","2.0831781474726161"
"Part 4","Normal RHS/VB","2023-01-21",27,"0.94999999999999996","2.8691474946255902","2.3216834275329781"
"Part 4","Normal RHS/VB","2023-01-22",28,"0.050000000000000003","2.7498195670252299","1.3978244027582625"
"Part 4","Normal RHS/VB","2023-01-22",28,"0.20000000000000001","2.7498195670252299","1.6095077576280921"
"Part 4","Normal RHS/VB","2023-01-22",28,"0.34999999999999998","2.7498195670252299","1.738494646023812"
"Part 4","Normal RHS/VB","2023-01-22",28,"0.5","2.7498195670252299","1.8345908550584902"
"Part 4","Normal RHS/VB","2023-01-22",28,"0.65000000000000002","2.7498195670252299","1.9296168961517139"
"Part 4","Normal RHS/VB","2023-01-22",28,"0.80000000000000004","2.7498195670252299","2.0554472686030918"
"Part 4","Normal RHS/VB","2023-01-22",28,"0.94999999999999996","2.7498195670252299","2.2784425604096565"
"Part 4","Independent AL","2022-12-26",1,"0.050000000000000003","0.56468377475649301","0.47189387236061803"
"Part 4","Independent AL","2022-12-26",1,"0.20000000000000001","0.56468377475649301","0.555225993329451"
"Part 4","Independent AL","2022-12-26",1,"0.34999999999999998","0.56468377475649301","0.59716713594130799"
"Part 4","Independent AL","2022-12-26",1,"0.5","0.56468377475649301","0.68029625765426904"
"Part 4","Independent AL","2022-12-26",1,"0.65000000000000002","0.56468377475649301","0.76731222608271299"
"Part 4","Independent AL","2022-12-26",1,"0.80000000000000004","0.56468377475649301","0.92451275354246898"
"Part 4","Independent AL","2022-12-26",1,"0.94999999999999996","0.56468377475649301","1.3295387640435901"
"Part 4","Independent AL","2022-12-27",2,"0.050000000000000003","3.1514663625841299","0.61601841180602801"
"Part 4","Independent AL","2022-12-27",2,"0.20000000000000001","3.1514663625841299","0.74807016795558401"
"Part 4","Independent AL","2022-12-27",2,"0.34999999999999998","3.1514663625841299","0.837213902366444"
"Part 4","Independent AL","2022-12-27",2,"0.5","3.1514663625841299","0.97642480860001302"
"Part 4","Independent AL","2022-12-27",2,"0.65000000000000002","3.1514663625841299","1.13966730230965"
"Part 4","Independent AL","2022-12-27",2,"0.80000000000000004","3.1514663625841299","1.3882788504544199"
"Part 4","Independent AL","2022-12-27",2,"0.94999999999999996","3.1514663625841299","2.2490398655165702"
"Part 4","Independent AL","2022-12-28",3,"0.050000000000000003","2.2266236264942898","0.85091568647036897"
"Part 4","Independent AL","2022-12-28",3,"0.20000000000000001","2.2266236264942898","1.08339004681294"
"Part 4","Independent AL","2022-12-28",3,"0.34999999999999998","2.2266236264942898","1.2504363011453501"
"Part 4","Independent AL","2022-12-28",3,"0.5","2.2266236264942898","1.4324750566719899"
"Part 4","Independent AL","2022-12-28",3,"0.65000000000000002","2.2266236264942898","1.6432111323551499"
"Part 4","Independent AL","2022-12-28",3,"0.80000000000000004","2.2266236264942898","1.94232301194683"
"Part 4","Independent AL","2022-12-28",3,"0.94999999999999996","2.2266236264942898","2.8467645602113998"
"Part 4","Independent AL","2022-12-29",4,"0.050000000000000003","1.7553629240913999","0.81582528454353298"
"Part 4","Independent AL","2022-12-29",4,"0.20000000000000001","1.7553629240913999","1.11309156254268"
"Part 4","Independent AL","2022-12-29",4,"0.34999999999999998","1.7553629240913999","1.2542386590708401"
"Part 4","Independent AL","2022-12-29",4,"0.5","1.7553629240913999","1.41654739773451"
"Part 4","Independent AL","2022-12-29",4,"0.65000000000000002","1.7553629240913999","1.60036277101872"
"Part 4","Independent AL","2022-12-29",4,"0.80000000000000004","1.7553629240913999","1.7991291556276201"
"Part 4","Independent AL","2022-12-29",4,"0.94999999999999996","1.7553629240913999","2.57379553495411"
"Part 4","Independent AL","2022-12-30",5,"0.050000000000000003","2.7443730754966502","0.90096104428185797"
"Part 4","Independent AL","2022-12-30",5,"0.20000000000000001","2.7443730754966502","1.3030120469751401"
"Part 4","Independent AL","2022-12-30",5,"0.34999999999999998","2.7443730754966502","1.4574676988847399"
"Part 4","Independent AL","2022-12-30",5,"0.5","2.7443730754966502","1.6105462115526601"
"Part 4","Independent AL","2022-12-30",5,"0.65000000000000002","2.7443730754966502","1.7982470953837899"
"Part 4","Independent AL","2022-12-30",5,"0.80000000000000004","2.7443730754966502","2.0844527815525802"
"Part 4","Independent AL","2022-12-30",5,"0.94999999999999996","2.7443730754966502","2.80929691138159"
"Part 4","Independent AL","2022-12-31",6,"0.050000000000000003","5.2298164117073904","1.20647147835159"
"Part 4","Independent AL","2022-12-31",6,"0.20000000000000001","5.2298164117073904","1.62064687811349"
"Part 4","Independent AL","2022-12-31",6,"0.34999999999999998","5.2298164117073904","1.8041060470991801"
"Part 4","Independent AL","2022-12-31",6,"0.5","5.2298164117073904","1.9907682528823101"
"Part 4","Independent AL","2022-12-31",6,"0.65000000000000002","5.2298164117073904","2.2830994427999101"
"Part 4","Independent AL","2022-12-31",6,"0.80000000000000004","5.2298164117073904","2.73356510785755"
"Part 4","Independent AL","2022-12-31",6,"0.94999999999999996","5.2298164117073904","3.8241305124344098"
"Part 4","Independent AL","2023-01-01",7,"0.050000000000000003","3.8167767051474799","1.32929240029354"
"Part 4","Independent AL","2023-01-01",7,"0.20000000000000001","3.8167767051474799","1.85833430544548"
"Part 4","Independent AL","2023-01-01",7,"0.34999999999999998","3.8167767051474799","2.15429564978463"
"Part 4","Independent AL","2023-01-01",7,"0.5","3.8167767051474799","2.40925573092917"
"Part 4","Independent AL","2023-01-01",7,"0.65000000000000002","3.8167767051474799","2.7550308109844401"
"Part 4","Independent AL","2023-01-01",7,"0.80000000000000004","3.8167767051474799","3.2899913215676801"
"Part 4","Independent AL","2023-01-01",7,"0.94999999999999996","3.8167767051474799","4.6061376727050103"
"Part 4","Independent AL","2023-01-02",8,"0.050000000000000003","2.9800661357327498","1.3033500879364699"
"Part 4","Independent AL","2023-01-02",8,"0.20000000000000001","2.9800661357327498","1.8873198003339899"
"Part 4","Independent AL","2023-01-02",8,"0.34999999999999998","2.9800661357327498","2.1568629350402402"
"Part 4","Independent AL","2023-01-02",8,"0.5","2.9800661357327498","2.3676331978596701"
"Part 4","Independent AL","2023-01-02",8,"0.65000000000000002","2.9800661357327498","2.60643347982711"
"Part 4","Independent AL","2023-01-02",8,"0.80000000000000004","2.9800661357327498","2.9438803891771599"
"Part 4","Independent AL","2023-01-02",8,"0.94999999999999996","2.9800661357327498","3.74475337775718"
"Part 4","Independent AL","2023-01-03",9,"0.050000000000000003","2.7906187723409999","1.1699840294489401"
"Part 4","Independent AL","2023-01-03",9,"0.20000000000000001","2.7906187723409999","1.84004202529418"
"Part 4","Independent AL","2023-01-03",9,"0.34999999999999998","2.7906187723409999","2.0565308757340599"
"Part 4","Independent AL","2023-01-03",9,"0.5","2.7906187723409999","2.2269677894350299"
"Part 4","Independent AL","2023-01-03",9,"0.65000000000000002","2.7906187723409999","2.4455424314463099"
"Part 4","Independent AL","2023-01-03",9,"0.80000000000000004","2.7906187723409999","2.7574676400014702"
"Part 4","Independent AL","2023-01-03",9,"0.94999999999999996","2.7906187723409999","3.4825013523749599"
"Part 4","Independent AL","2023-01-04",10,"0.050000000000000003","3.4253268741041198","1.23412722618648"
"Part 4","Independent AL","2023-01-04",10,"0.20000000000000001","3.4253268741041198","1.8504042123098801"
"Part 4","Independent AL","2023-01-04",10,"0.34999999999999998","3.4253268741041198","2.03678819773963"
"Part 4","Independent AL","2023-01-04",10,"0.5","3.4253268741041198","2.1817364066826599"
"Part 4","Independent AL","2023-01-04",10,"0.65000000000000002","3.4253268741041198","2.3545601836480299"
"Part 4","Independent AL","2023-01-04",10,"0.80000000000000004","3.4253268741041198","2.5944285403201799"
"Part 4","Independent AL","2023-01-04",10,"0.94999999999999996","3.4253268741041198","3.3178758829268902"
"Part 4","Independent AL","2023-01-05",11,"0.050000000000000003","4.2538561917311197","1.1774044772782699"
"Part 4","Independent AL","2023-01-05",11,"0.20000000000000001","4.2538561917311197","1.8291205918201801"
"Part 4","Independent AL","2023-01-05",11,"0.34999999999999998","4.2538561917311197","2.0796161915362799"
"Part 4","Independent AL","2023-01-05",11,"0.5","4.2538561917311197","2.3035810366031302"
"Part 4","Independent AL","2023-01-05",11,"0.65000000000000002","4.2538561917311197","2.5992912020761101"
"Part 4","Independent AL","2023-01-05",11,"0.80000000000000004","4.2538561917311197","2.98746118022133"
"Part 4","Independent AL","2023-01-05",11,"0.94999999999999996","4.2538561917311197","4.1045166160765199"
"Part 4","Independent AL","2023-01-06",12,"0.050000000000000003","3.3877748703163699","1.30010919523241"
"Part 4","Independent AL","2023-01-06",12,"0.20000000000000001","3.3877748703163699","1.9686363965056399"
"Part 4","Independent AL","2023-01-06",12,"0.34999999999999998","3.3877748703163699","2.20294448689509"
"Part 4","Independent AL","2023-01-06",12,"0.5","3.3877748703163699","2.4276532239778401"
"Part 4","Independent AL","2023-01-06",12,"0.65000000000000002","3.3877748703163699","2.74644704418411"
"Part 4","Independent AL","2023-01-06",12,"0.80000000000000004","3.3877748703163699","3.1413709784058499"
"Part 4","Independent AL","2023-01-06",12,"0.94999999999999996","3.3877748703163699","3.9745587848424999"
"Part 4","Independent AL","2023-01-07",13,"0.050000000000000003","3.0468210981970301","1.3400516359378201"
"Part 4","Independent AL","2023-01-07",13,"0.20000000000000001","3.0468210981970301","2.0759339215535699"
"Part 4","Independent AL","2023-01-07",13,"0.34999999999999998","3.0468210981970301","2.2953498804017398"
"Part 4","Independent AL","2023-01-07",13,"0.5","3.0468210981970301","2.50324853603786"
"Part 4","Independent AL","2023-01-07",13,"0.65000000000000002","3.0468210981970301","2.74962963647718"
"Part 4","Independent AL","2023-01-07",13,"0.80000000000000004","3.0468210981970301","3.0337667638981398"
"Part 4","Independent AL","2023-01-07",13,"0.94999999999999996","3.0468210981970301","3.7914672622373602"
"Part 4","Independent AL","2023-01-08",14,"0.050000000000000003","4.0491819932109401","1.37127382677635"
"Part 4","Independent AL","2023-01-08",14,"0.20000000000000001","4.0491819932109401","2.1067036320895798"
"Part 4","Independent AL","2023-01-08",14,"0.34999999999999998","4.0491819932109401","2.2953525427115502"
"Part 4","Independent AL","2023-01-08",14,"0.5","4.0491819932109401","2.51397093000267"
"Part 4","Independent AL","2023-01-08",14,"0.65000000000000002","4.0491819932109401","2.78812587119989"
"Part 4","Independent AL","2023-01-08",14,"0.80000000000000004","4.0491819932109401","3.1153555277573699"
"Part 4","Independent AL","2023-01-08",14,"0.94999999999999996","4.0491819932109401","4.09755754277516"
"Part 4","Independent AL","2023-01-09",15,"0.050000000000000003","5.3643837104354404","1.65448460336168"
"Part 4","Independent AL","2023-01-09",15,"0.20000000000000001","5.3643837104354404","2.4202782194800001"
"Part 4","Independent AL","2023-01-09",15,"0.34999999999999998","5.3643837104354404","2.6643706172499999"
"Part 4","Independent AL","2023-01-09",15,"0.5","5.3643837104354404","2.91788566580452"
"Part 4","Independent AL","2023-01-09",15,"0.65000000000000002","5.3643837104354404","3.2503390088428099"
"Part 4","Independent AL","2023-01-09",15,"0.80000000000000004","5.3643837104354404","3.69410493163155"
"Part 4","Independent AL","2023-01-09",15,"0.94999999999999996","5.3643837104354404","4.7830440641155798"
"Part 4","Independent AL","2023-01-10",16,"0.050000000000000003","4.0879218550918797","1.63583806305369"
"Part 4","Independent AL","2023-01-10",16,"0.20000000000000001","4.0879218550918797","2.5543168556615199"
"Part 4","Independent AL","2023-01-10",16,"0.34999999999999998","4.0879218550918797","2.7874271157912598"
"Part 4","Independent AL","2023-01-10",16,"0.5","4.0879218550918797","3.0317910237372301"
"Part 4","Independent AL","2023-01-10",16,"0.65000000000000002","4.0879218550918797","3.3399677326775499"
"Part 4","Independent AL","2023-01-10",16,"0.80000000000000004","4.0879218550918797","3.7933768943463901"
"Part 4","Independent AL","2023-01-10",16,"0.94999999999999996","4.0879218550918797","4.6012845269599296"
"Part 4","Independent AL","2023-01-11",17,"0.050000000000000003","3.9985463313635701","1.5944008761701001"
"Part 4","Independent AL","2023-01-11",17,"0.20000000000000001","3.9985463313635701","2.49948129417559"
"Part 4","Independent AL","2023-01-11",17,"0.34999999999999998","3.9985463313635701","2.7582198963031099"
"Part 4","Independent AL","2023-01-11",17,"0.5","3.9985463313635701","3.0276468466307498"
"Part 4","Independent AL","2023-01-11",17,"0.65000000000000002","3.9985463313635701","3.3163274493662902"
"Part 4","Independent AL","2023-01-11",17,"0.80000000000000004","3.9985463313635701","3.7031385457411501"
"Part 4","Independent AL","2023-01-11",17,"0.94999999999999996","3.9985463313635701","4.4013413222105404"
"Part 4","Independent AL","2023-01-12",18,"0.050000000000000003","3.8772065627189898","1.5949883468861199"
"Part 4","Independent AL","2023-01-12",18,"0.20000000000000001","3.8772065627189898","2.4765262862991899"
"Part 4","Independent AL","2023-01-12",18,"0.34999999999999998","3.8772065627189898","2.72952051398401"
"Part 4","Independent AL","2023-01-12",18,"0.5","3.8772065627189898","2.9474254359690901"
"Part 4","Independent AL","2023-01-12",18,"0.65000000000000002","3.8772065627189898","3.2013007631442401"
"Part 4","Independent AL","2023-01-12",18,"0.80000000000000004","3.8772065627189898","3.5270939106490999"
"Part 4","Independent AL","2023-01-12",18,"0.94999999999999996","3.8772065627189898","4.2559329716123697"
"Part 4","Independent AL","2023-01-13",19,"0.050000000000000003","3.9775516526665502","1.44100517364115"
"Part 4","Independent AL","2023-01-13",19,"0.20000000000000001","3.9775516526665502","2.3624478100390101"
"Part 4","Independent AL","2023-01-13",19,"0.34999999999999998","3.9775516526665502","2.6493094800415502"
"Part 4","Independent AL","2023-01-13",19,"0.5","3.9775516526665502","2.85863508547033"
"Part 4","Independent AL","2023-01-13",19,"0.65000000000000002","3.9775516526665502","3.09441870366881"
"Part 4","Independent AL","2023-01-13",19,"0.80000000000000004","3.9775516526665502","3.33663660586685"
"Part 4","Independent AL","2023-01-13",19,"0.94999999999999996","3.9775516526665502","3.8513918037203698"
"Part 4","Independent AL","2023-01-14",20,"0.050000000000000003","5.11080665260834","1.3757786004505199"
"Part 4","Independent AL","2023-01-14",20,"0.20000000000000001","5.11080665260834","2.3416315644677699"
"Part 4","Independent AL","2023-01-14",20,"0.34999999999999998","5.11080665260834","2.6262373378443402"
"Part 4","Independent AL","2023-01-14",20,"0.5","5.11080665260834","2.87900563352677"
"Part 4","Independent AL","2023-01-14",20,"0.65000000000000002","5.11080665260834","3.1557155858530801"
"Part 4","Independent AL","2023-01-14",20,"0.80000000000000004","5.11080665260834","3.5865922832581201"
"Part 4","Independent AL","2023-01-14",20,"0.94999999999999996","5.11080665260834","4.5336552299634496"
"Part 4","Independent AL","2023-01-15",21,"0.050000000000000003","4.2457763669416497","1.44831564635715"
"Part 4","Independent AL","2023-01-15",21,"0.20000000000000001","4.2457763669416497","2.4952690485382498"
"Part 4","Independent AL","2023-01-15",21,"0.34999999999999998","4.2457763669416497","2.81134205247383"
"Part 4","Independent AL","2023-01-15",21,"0.5","4.2457763669416497","3.1095078395092601"
"Part 4","Independent AL","2023-01-15",21,"0.65000000000000002","4.2457763669416497","3.46261046777586"
"Part 4","Independent AL","2023-01-15",21,"0.80000000000000004","4.2457763669416497","3.91344012341952"
"Part 4","Independent AL","2023-01-15",21,"0.94999999999999996","4.2457763669416497","5.0087290124032"
"Part 4","Independent AL","2023-01-16",22,"0.050000000000000003","4.4668641404166696","1.6367458785412701"
"Part 4","Independent AL","2023-01-16",22,"0.20000000000000001","4.4668641404166696","2.7139228451369899"
"Part 4","Independent AL","2023-01-16",22,"0.34999999999999998","4.4668641404166696","3.0340260433297401"
"Part 4","Independent AL","2023-01-16",22,"0.5","4.4668641404166696","3.30516964455312"
"Part 4","Independent AL","2023-01-16",22,"0.65000000000000002","4.4668641404166696","3.60343986917304"
"Part 4","Independent AL","2023-01-16",22,"0.80000000000000004","4.4668641404166696","3.99655707304768"
"Part 4","Independent AL","2023-01-16",22,"0.94999999999999996","4.4668641404166696","5.0667466151121197"
"Part 4","Independent AL","2023-01-17",23,"0.050000000000000003","3.8105279137394601","1.5489475030161799"
"Part 4","Independent AL","2023-01-17",23,"0.20000000000000001","3.8105279137394601","2.5766268418706799"
"Part 4","Independent AL","2023-01-17",23,"0.34999999999999998","3.8105279137394601","2.8759024681881802"
"Part 4","Independent AL","2023-01-17",23,"0.5","3.8105279137394601","3.1115450613662499"
"Part 4","Independent AL","2023-01-17",23,"0.65000000000000002","3.8105279137394601","3.3942678155720998"
"Part 4","Independent AL","2023-01-17",23,"0.80000000000000004","3.8105279137394601","3.70553789813173"
"Part 4","Independent AL","2023-01-17",23,"0.94999999999999996","3.8105279137394601","4.5261750910996001"
"Part 4","Independent AL","2023-01-18",24,"0.050000000000000003","3.4344986026020599","1.4010466403044399"
"Part 4","Independent AL","2023-01-18",24,"0.20000000000000001","3.4344986026020599","2.3891428583038201"
"Part 4","Independent AL","2023-01-18",24,"0.34999999999999998","3.4344986026020599","2.67414435412365"
"Part 4","Independent AL","2023-01-18",24,"0.5","3.4344986026020599","2.8803377537710602"
"Part 4","Independent AL","2023-01-18",24,"0.65000000000000002","3.4344986026020599","3.1133668466960001"
"Part 4","Independent AL","2023-01-18",24,"0.80000000000000004","3.4344986026020599","3.4068449220505399"
"Part 4","Independent AL","2023-01-18",24,"0.94999999999999996","3.4344986026020599","4.1863358678692197"
"Part 4","Independent AL","2023-01-19",25,"0.050000000000000003","3.2406649484479901","1.6023872571479101"
"Part 4","Independent AL","2023-01-19",25,"0.20000000000000001","3.2406649484479901","2.43877927318028"
"Part 4","Independent AL","2023-01-19",25,"0.34999999999999998","3.2406649484479901","2.6847442066478102"
"Part 4","Independent AL","2023-01-19",25,"0.5","3.2406649484479901","2.8563203910648598"
"Part 4","Independent AL","2023-01-19",25,"0.65000000000000002","3.2406649484479901","3.0888495622724101"
"Part 4","Independent AL","2023-01-19",25,"0.80000000000000004","3.2406649484479901","3.38959917503013"
"Part 4","Independent AL","2023-01-19",25,"0.94999999999999996","3.2406649484479901","4.0899764359372002"
"Part 4","Independent AL","2023-01-20",26,"0.050000000000000003","3.03191192892286","1.53650078126828"
"Part 4","Independent AL","2023-01-20",26,"0.20000000000000001","3.03191192892286","2.3504653292100799"
"Part 4","Independent AL","2023-01-20",26,"0.34999999999999998","3.03191192892286","2.57940783191256"
"Part 4","Independent AL","2023-01-20",26,"0.5","3.03191192892286","2.7680793972605602"
"Part 4","Independent AL","2023-01-20",26,"0.65000000000000002","3.03191192892286","2.9884639614433302"
"Part 4","Independent AL","2023-01-20",26,"0.80000000000000004","3.03191192892286","3.2899181527950399"
"Part 4","Independent AL","2023-01-20",26,"0.94999999999999996","3.03191192892286","3.9132199304853699"
"Part 4","Independent AL","2023-01-21",27,"0.050000000000000003","2.8691474946255902","1.61902288465569"
"Part 4","Independent AL","2023-01-21",27,"0.20000000000000001","2.8691474946255902","2.3470357669970698"
"Part 4","Independent AL","2023-01-21",27,"0.34999999999999998","2.8691474946255902","2.5330019145456202"
"Part 4","Independent AL","2023-01-21",27,"0.5","2.8691474946255902","2.67829956558767"
"Part 4","Independent AL","2023-01-21",27,"0.65000000000000002","2.8691474946255902","2.8087612292292801"
"Part 4","Independent AL","2023-01-21",27,"0.80000000000000004","2.8691474946255902","2.9822664518803799"
"Part 4","Independent AL","2023-01-21",27,"0.94999999999999996","2.8691474946255902","3.4571314065102099"
"Part 4","Independent AL","2023-01-22",28,"0.050000000000000003","2.7498195670252299","1.4710839500516799"
"Part 4","Independent AL","2023-01-22",28,"0.20000000000000001","2.7498195670252299","2.10657672408139"
"Part 4","Independent AL","2023-01-22",28,"0.34999999999999998","2.7498195670252299","2.2678597857009799"
"Part 4","Independent AL","2023-01-22",28,"0.5","2.7498195670252299","2.3958679007170001"
"Part 4","Independent AL","2023-01-22",28,"0.65000000000000002","2.7498195670252299","2.5522475884681501"
"Part 4","Independent AL","2023-01-22",28,"0.80000000000000004","2.7498195670252299","2.7136427823390199"
"Part 4","Independent AL","2023-01-22",28,"0.94999999999999996","2.7498195670252299","3.2441012328770098"
"Part 4","Independent exAL","2022-12-26",1,"0.050000000000000003","0.56468377475649301","0.48285825219179002"
"Part 4","Independent exAL","2022-12-26",1,"0.20000000000000001","0.56468377475649301","0.55204764897070202"
"Part 4","Independent exAL","2022-12-26",1,"0.34999999999999998","0.56468377475649301","0.59307269829964004"
"Part 4","Independent exAL","2022-12-26",1,"0.5","0.56468377475649301","0.66421696593490498"
"Part 4","Independent exAL","2022-12-26",1,"0.65000000000000002","0.56468377475649301","0.74940649386654401"
"Part 4","Independent exAL","2022-12-26",1,"0.80000000000000004","0.56468377475649301","0.84584062750346001"
"Part 4","Independent exAL","2022-12-26",1,"0.94999999999999996","0.56468377475649301","1.0895264413453101"
"Part 4","Independent exAL","2022-12-27",2,"0.050000000000000003","3.1514663625841299","0.67229192570406804"
"Part 4","Independent exAL","2022-12-27",2,"0.20000000000000001","3.1514663625841299","0.75111565586009199"
"Part 4","Independent exAL","2022-12-27",2,"0.34999999999999998","3.1514663625841299","0.83536346525504601"
"Part 4","Independent exAL","2022-12-27",2,"0.5","3.1514663625841299","0.94131380537717502"
"Part 4","Independent exAL","2022-12-27",2,"0.65000000000000002","3.1514663625841299","1.0725673201139401"
"Part 4","Independent exAL","2022-12-27",2,"0.80000000000000004","3.1514663625841299","1.2327944862565601"
"Part 4","Independent exAL","2022-12-27",2,"0.94999999999999996","3.1514663625841299","1.69813524099103"
"Part 4","Independent exAL","2022-12-28",3,"0.050000000000000003","2.2266236264942898","0.97353965577794099"
"Part 4","Independent exAL","2022-12-28",3,"0.20000000000000001","2.2266236264942898","1.1086792289920799"
"Part 4","Independent exAL","2022-12-28",3,"0.34999999999999998","2.2266236264942898","1.2296344067146501"
"Part 4","Independent exAL","2022-12-28",3,"0.5","2.2266236264942898","1.37644159629876"
"Part 4","Independent exAL","2022-12-28",3,"0.65000000000000002","2.2266236264942898","1.5354123582685999"
"Part 4","Independent exAL","2022-12-28",3,"0.80000000000000004","2.2266236264942898","1.7398524912917199"
"Part 4","Independent exAL","2022-12-28",3,"0.94999999999999996","2.2266236264942898","2.3070552889445501"
"Part 4","Independent exAL","2022-12-29",4,"0.050000000000000003","1.7553629240913999","0.978802681870515"
"Part 4","Independent exAL","2022-12-29",4,"0.20000000000000001","1.7553629240913999","1.1081438416686"
"Part 4","Independent exAL","2022-12-29",4,"0.34999999999999998","1.7553629240913999","1.2220434265325"
"Part 4","Independent exAL","2022-12-29",4,"0.5","1.7553629240913999","1.3621536608510101"
"Part 4","Independent exAL","2022-12-29",4,"0.65000000000000002","1.7553629240913999","1.5072050336399001"
"Part 4","Independent exAL","2022-12-29",4,"0.80000000000000004","1.7553629240913999","1.67198893538848"
"Part 4","Independent exAL","2022-12-29",4,"0.94999999999999996","1.7553629240913999","2.09161382493288"
"Part 4","Independent exAL","2022-12-30",5,"0.050000000000000003","2.7443730754966502","1.13338385700293"
"Part 4","Independent exAL","2022-12-30",5,"0.20000000000000001","2.7443730754966502","1.31223216772191"
"Part 4","Independent exAL","2022-12-30",5,"0.34999999999999998","2.7443730754966502","1.43672623585134"
"Part 4","Independent exAL","2022-12-30",5,"0.5","2.7443730754966502","1.5587911404641399"
"Part 4","Independent exAL","2022-12-30",5,"0.65000000000000002","2.7443730754966502","1.69329287998666"
"Part 4","Independent exAL","2022-12-30",5,"0.80000000000000004","2.7443730754966502","1.8799379524745601"
"Part 4","Independent exAL","2022-12-30",5,"0.94999999999999996","2.7443730754966502","2.3756723408326299"
"Part 4","Independent exAL","2022-12-31",6,"0.050000000000000003","5.2298164117073904","1.4405316062097799"
"Part 4","Independent exAL","2022-12-31",6,"0.20000000000000001","5.2298164117073904","1.64177932626639"
"Part 4","Independent exAL","2022-12-31",6,"0.34999999999999998","5.2298164117073904","1.7773445929660501"
"Part 4","Independent exAL","2022-12-31",6,"0.5","5.2298164117073904","1.93726847589508"
"Part 4","Independent exAL","2022-12-31",6,"0.65000000000000002","5.2298164117073904","2.1153013373160201"
"Part 4","Independent exAL","2022-12-31",6,"0.80000000000000004","5.2298164117073904","2.41057100354117"
"Part 4","Independent exAL","2022-12-31",6,"0.94999999999999996","5.2298164117073904","3.1327371606539298"
"Part 4","Independent exAL","2023-01-01",7,"0.050000000000000003","3.8167767051474799","1.6175927586010901"
"Part 4","Independent exAL","2023-01-01",7,"0.20000000000000001","3.8167767051474799","1.89889210664464"
"Part 4","Independent exAL","2023-01-01",7,"0.34999999999999998","3.8167767051474799","2.1040647416238798"
"Part 4","Independent exAL","2023-01-01",7,"0.5","3.8167767051474799","2.3247862037701399"
"Part 4","Independent exAL","2023-01-01",7,"0.65000000000000002","3.8167767051474799","2.55628924664035"
"Part 4","Independent exAL","2023-01-01",7,"0.80000000000000004","3.8167767051474799","2.8900839367967102"
"Part 4","Independent exAL","2023-01-01",7,"0.94999999999999996","3.8167767051474799","3.7835112783646099"
"Part 4","Independent exAL","2023-01-02",8,"0.050000000000000003","2.9800661357327498","1.64107674678453"
"Part 4","Independent exAL","2023-01-02",8,"0.20000000000000001","2.9800661357327498","1.9241534055570499"
"Part 4","Independent exAL","2023-01-02",8,"0.34999999999999998","2.9800661357327498","2.10715377219947"
"Part 4","Independent exAL","2023-01-02",8,"0.5","2.9800661357327498","2.2942786122956802"
"Part 4","Independent exAL","2023-01-02",8,"0.65000000000000002","2.9800661357327498","2.4677997139935801"
"Part 4","Independent exAL","2023-01-02",8,"0.80000000000000004","2.9800661357327498","2.70841287905411"
"Part 4","Independent exAL","2023-01-02",8,"0.94999999999999996","2.9800661357327498","3.2382981736188001"
"Part 4","Independent exAL","2023-01-03",9,"0.050000000000000003","2.7906187723409999","1.57472367688379"
"Part 4","Independent exAL","2023-01-03",9,"0.20000000000000001","2.7906187723409999","1.85464699878676"
"Part 4","Independent exAL","2023-01-03",9,"0.34999999999999998","2.7906187723409999","2.0032593554193201"
"Part 4","Independent exAL","2023-01-03",9,"0.5","2.7906187723409999","2.1686472031401798"
"Part 4","Independent exAL","2023-01-03",9,"0.65000000000000002","2.7906187723409999","2.3326631853945101"
"Part 4","Independent exAL","2023-01-03",9,"0.80000000000000004","2.7906187723409999","2.5454030047482501"
"Part 4","Independent exAL","2023-01-03",9,"0.94999999999999996","2.7906187723409999","3.0122887416925601"
"Part 4","Independent exAL","2023-01-04",10,"0.050000000000000003","3.4253268741041198","1.6103123615908601"
"Part 4","Independent exAL","2023-01-04",10,"0.20000000000000001","3.4253268741041198","1.8603074656098799"
"Part 4","Independent exAL","2023-01-04",10,"0.34999999999999998","3.4253268741041198","1.99612898296"
"Part 4","Independent exAL","2023-01-04",10,"0.5","3.4253268741041198","2.13984250092654"
"Part 4","Independent exAL","2023-01-04",10,"0.65000000000000002","3.4253268741041198","2.27633437805058"
"Part 4","Independent exAL","2023-01-04",10,"0.80000000000000004","3.4253268741041198","2.4491188282438698"
"Part 4","Independent exAL","2023-01-04",10,"0.94999999999999996","3.4253268741041198","2.8434620354265001"
"Part 4","Independent exAL","2023-01-05",11,"0.050000000000000003","4.2538561917311197","1.5662890752079801"
"Part 4","Independent exAL","2023-01-05",11,"0.20000000000000001","4.2538561917311197","1.85810159246994"
"Part 4","Independent exAL","2023-01-05",11,"0.34999999999999998","4.2538561917311197","2.0388707128858701"
"Part 4","Independent exAL","2023-01-05",11,"0.5","4.2538561917311197","2.23249597179184"
"Part 4","Independent exAL","2023-01-05",11,"0.65000000000000002","4.2538561917311197","2.4333572509451198"
"Part 4","Independent exAL","2023-01-05",11,"0.80000000000000004","4.2538561917311197","2.72096413816167"
"Part 4","Independent exAL","2023-01-05",11,"0.94999999999999996","4.2538561917311197","3.3511161572103498"
"Part 4","Independent exAL","2023-01-06",12,"0.050000000000000003","3.3877748703163699","1.7061693956971899"
"Part 4","Independent exAL","2023-01-06",12,"0.20000000000000001","3.3877748703163699","1.9798826862085299"
"Part 4","Independent exAL","2023-01-06",12,"0.34999999999999998","3.3877748703163699","2.14379917855379"
"Part 4","Independent exAL","2023-01-06",12,"0.5","3.3877748703163699","2.3343509811537499"
"Part 4","Independent exAL","2023-01-06",12,"0.65000000000000002","3.3877748703163699","2.5538296697068898"
"Part 4","Independent exAL","2023-01-06",12,"0.80000000000000004","3.3877748703163699","2.84717553603909"
"Part 4","Independent exAL","2023-01-06",12,"0.94999999999999996","3.3877748703163699","3.41176841200748"
"Part 4","Independent exAL","2023-01-07",13,"0.050000000000000003","3.0468210981970301","1.82327717122582"
"Part 4","Independent exAL","2023-01-07",13,"0.20000000000000001","3.0468210981970301","2.0892084242057498"
"Part 4","Independent exAL","2023-01-07",13,"0.34999999999999998","3.0468210981970301","2.2529271805970601"
"Part 4","Independent exAL","2023-01-07",13,"0.5","3.0468210981970301","2.43108408148544"
"Part 4","Independent exAL","2023-01-07",13,"0.65000000000000002","3.0468210981970301","2.6060852609189999"
"Part 4","Independent exAL","2023-01-07",13,"0.80000000000000004","3.0468210981970301","2.8403895128048999"
"Part 4","Independent exAL","2023-01-07",13,"0.94999999999999996","3.0468210981970301","3.2747277504285601"
"Part 4","Independent exAL","2023-01-08",14,"0.050000000000000003","4.0491819932109401","1.88083571698003"
"Part 4","Independent exAL","2023-01-08",14,"0.20000000000000001","4.0491819932109401","2.1136241938720102"
"Part 4","Independent exAL","2023-01-08",14,"0.34999999999999998","4.0491819932109401","2.2689702442254398"
"Part 4","Independent exAL","2023-01-08",14,"0.5","4.0491819932109401","2.44709549652665"
"Part 4","Independent exAL","2023-01-08",14,"0.65000000000000002","4.0491819932109401","2.6257480658294101"
"Part 4","Independent exAL","2023-01-08",14,"0.80000000000000004","4.0491819932109401","2.8713882287613002"
"Part 4","Independent exAL","2023-01-08",14,"0.94999999999999996","4.0491819932109401","3.41723646012289"
"Part 4","Independent exAL","2023-01-09",15,"0.050000000000000003","5.3643837104354404","2.16898112865118"
"Part 4","Independent exAL","2023-01-09",15,"0.20000000000000001","5.3643837104354404","2.4273698439603399"
"Part 4","Independent exAL","2023-01-09",15,"0.34999999999999998","5.3643837104354404","2.61532533865438"
"Part 4","Independent exAL","2023-01-09",15,"0.5","5.3643837104354404","2.8206131960867502"
"Part 4","Independent exAL","2023-01-09",15,"0.65000000000000002","5.3643837104354404","3.0412360362423998"
"Part 4","Independent exAL","2023-01-09",15,"0.80000000000000004","5.3643837104354404","3.3511428790734601"
"Part 4","Independent exAL","2023-01-09",15,"0.94999999999999996","5.3643837104354404","4.0467293890213396"
"Part 4","Independent exAL","2023-01-10",16,"0.050000000000000003","4.0879218550918797","2.25522636422175"
"Part 4","Independent exAL","2023-01-10",16,"0.20000000000000001","4.0879218550918797","2.5661352189139501"
"Part 4","Independent exAL","2023-01-10",16,"0.34999999999999998","4.0879218550918797","2.7346327764069298"
"Part 4","Independent exAL","2023-01-10",16,"0.5","4.0879218550918797","2.9320637333186199"
"Part 4","Independent exAL","2023-01-10",16,"0.65000000000000002","4.0879218550918797","3.1525966092720599"
"Part 4","Independent exAL","2023-01-10",16,"0.80000000000000004","4.0879218550918797","3.44468788250084"
"Part 4","Independent exAL","2023-01-10",16,"0.94999999999999996","4.0879218550918797","4.1017412205731496"
"Part 4","Independent exAL","2023-01-11",17,"0.050000000000000003","3.9985463313635701","2.2079948870260502"
"Part 4","Independent exAL","2023-01-11",17,"0.20000000000000001","3.9985463313635701","2.5232571227205098"
"Part 4","Independent exAL","2023-01-11",17,"0.34999999999999998","3.9985463313635701","2.7084852495121798"
"Part 4","Independent exAL","2023-01-11",17,"0.5","3.9985463313635701","2.9135563240794302"
"Part 4","Independent exAL","2023-01-11",17,"0.65000000000000002","3.9985463313635701","3.1294490070675098"
"Part 4","Independent exAL","2023-01-11",17,"0.80000000000000004","3.9985463313635701","3.40294874907825"
"Part 4","Independent exAL","2023-01-11",17,"0.94999999999999996","3.9985463313635701","3.9777837084649299"
"Part 4","Independent exAL","2023-01-12",18,"0.050000000000000003","3.8772065627189898","2.1947460200280302"
"Part 4","Independent exAL","2023-01-12",18,"0.20000000000000001","3.8772065627189898","2.4993330736219002"
"Part 4","Independent exAL","2023-01-12",18,"0.34999999999999998","3.8772065627189898","2.67904859210645"
"Part 4","Independent exAL","2023-01-12",18,"0.5","3.8772065627189898","2.8614803061276999"
"Part 4","Independent exAL","2023-01-12",18,"0.65000000000000002","3.8772065627189898","3.0444897366003998"
"Part 4","Independent exAL","2023-01-12",18,"0.80000000000000004","3.8772065627189898","3.29215844789463"
"Part 4","Independent exAL","2023-01-12",18,"0.94999999999999996","3.8772065627189898","3.8054661714904801"
"Part 4","Independent exAL","2023-01-13",19,"0.050000000000000003","3.9775516526665502","2.0376156481773902"
"Part 4","Independent exAL","2023-01-13",19,"0.20000000000000001","3.9775516526665502","2.4012537516733499"
"Part 4","Independent exAL","2023-01-13",19,"0.34999999999999998","3.9775516526665502","2.60408269754691"
"Part 4","Independent exAL","2023-01-13",19,"0.5","3.9775516526665502","2.7835293697874999"
"Part 4","Independent exAL","2023-01-13",19,"0.65000000000000002","3.9775516526665502","2.9539080615902802"
"Part 4","Independent exAL","2023-01-13",19,"0.80000000000000004","3.9775516526665502","3.16970008210787"
"Part 4","Independent exAL","2023-01-13",19,"0.94999999999999996","3.9775516526665502","3.5332052158835698"
"Part 4","Independent exAL","2023-01-14",20,"0.050000000000000003","5.11080665260834","2.0368208745673901"
"Part 4","Independent exAL","2023-01-14",20,"0.20000000000000001","5.11080665260834","2.40169457418448"
"Part 4","Independent exAL","2023-01-14",20,"0.34999999999999998","5.11080665260834","2.59289213118304"
"Part 4","Independent exAL","2023-01-14",20,"0.5","5.11080665260834","2.8039116954132002"
"Part 4","Independent exAL","2023-01-14",20,"0.65000000000000002","5.11080665260834","3.0037389509024801"
"Part 4","Independent exAL","2023-01-14",20,"0.80000000000000004","5.11080665260834","3.26835074161768"
"Part 4","Independent exAL","2023-01-14",20,"0.94999999999999996","5.11080665260834","3.9166510956088101"
"Part 4","Independent exAL","2023-01-15",21,"0.050000000000000003","4.2457763669416497","2.1604584668720102"
"Part 4","Independent exAL","2023-01-15",21,"0.20000000000000001","4.2457763669416497","2.55411679686528"
"Part 4","Independent exAL","2023-01-15",21,"0.34999999999999998","4.2457763669416497","2.77561034616408"
"Part 4","Independent exAL","2023-01-15",21,"0.5","4.2457763669416497","3.0105600346418102"
"Part 4","Independent exAL","2023-01-15",21,"0.65000000000000002","4.2457763669416497","3.24640408526811"
"Part 4","Independent exAL","2023-01-15",21,"0.80000000000000004","4.2457763669416497","3.5651187648507499"
"Part 4","Independent exAL","2023-01-15",21,"0.94999999999999996","4.2457763669416497","4.2457781508310601"
"Part 4","Independent exAL","2023-01-16",22,"0.050000000000000003","4.4668641404166696","2.4039000917233402"
"Part 4","Independent exAL","2023-01-16",22,"0.20000000000000001","4.4668641404166696","2.7640708849074098"
"Part 4","Independent exAL","2023-01-16",22,"0.34999999999999998","4.4668641404166696","2.9993871360514501"
"Part 4","Independent exAL","2023-01-16",22,"0.5","4.4668641404166696","3.22163221053464"
"Part 4","Independent exAL","2023-01-16",22,"0.65000000000000002","4.4668641404166696","3.42052060091281"
"Part 4","Independent exAL","2023-01-16",22,"0.80000000000000004","4.4668641404166696","3.6874150786020499"
"Part 4","Independent exAL","2023-01-16",22,"0.94999999999999996","4.4668641404166696","4.3242864519292201"
"Part 4","Independent exAL","2023-01-17",23,"0.050000000000000003","3.8105279137394601","2.2562354461158201"
"Part 4","Independent exAL","2023-01-17",23,"0.20000000000000001","3.8105279137394601","2.6325024142940801"
"Part 4","Independent exAL","2023-01-17",23,"0.34999999999999998","3.8105279137394601","2.8385811324838901"
"Part 4","Independent exAL","2023-01-17",23,"0.5","3.8105279137394601","3.0317960008079101"
"Part 4","Independent exAL","2023-01-17",23,"0.65000000000000002","3.8105279137394601","3.21210401422934"
"Part 4","Independent exAL","2023-01-17",23,"0.80000000000000004","3.8105279137394601","3.4665776129860899"
"Part 4","Independent exAL","2023-01-17",23,"0.94999999999999996","3.8105279137394601","3.9905199404235501"
"Part 4","Independent exAL","2023-01-18",24,"0.050000000000000003","3.4344986026020599","2.10735434463585"
"Part 4","Independent exAL","2023-01-18",24,"0.20000000000000001","3.4344986026020599","2.4511694895485401"
"Part 4","Independent exAL","2023-01-18",24,"0.34999999999999998","3.4344986026020599","2.6366206918373201"
"Part 4","Independent exAL","2023-01-18",24,"0.5","3.4344986026020599","2.8023184913745101"
"Part 4","Independent exAL","2023-01-18",24,"0.65000000000000002","3.4344986026020599","2.97365823741618"
"Part 4","Independent exAL","2023-01-18",24,"0.80000000000000004","3.4344986026020599","3.1962399350265298"
"Part 4","Independent exAL","2023-01-18",24,"0.94999999999999996","3.4344986026020599","3.6705971483435502"
"Part 4","Independent exAL","2023-01-19",25,"0.050000000000000003","3.2406649484479901","2.1417029366692901"
"Part 4","Independent exAL","2023-01-19",25,"0.20000000000000001","3.2406649484479901","2.4823672100775198"
"Part 4","Independent exAL","2023-01-19",25,"0.34999999999999998","3.2406649484479901","2.66105777373481"
"Part 4","Independent exAL","2023-01-19",25,"0.5","3.2406649484479901","2.7916779290982201"
"Part 4","Independent exAL","2023-01-19",25,"0.65000000000000002","3.2406649484479901","2.9455816571001501"
"Part 4","Independent exAL","2023-01-19",25,"0.80000000000000004","3.2406649484479901","3.1635136125305898"
"Part 4","Independent exAL","2023-01-19",25,"0.94999999999999996","3.2406649484479901","3.66240001078347"
"Part 4","Independent exAL","2023-01-20",26,"0.050000000000000003","3.03191192892286","2.1110903365626301"
"Part 4","Independent exAL","2023-01-20",26,"0.20000000000000001","3.03191192892286","2.4043719069235001"
"Part 4","Independent exAL","2023-01-20",26,"0.34999999999999998","3.03191192892286","2.56326252124386"
"Part 4","Independent exAL","2023-01-20",26,"0.5","3.03191192892286","2.70688886744562"
"Part 4","Independent exAL","2023-01-20",26,"0.65000000000000002","3.03191192892286","2.8533293717838699"
"Part 4","Independent exAL","2023-01-20",26,"0.80000000000000004","3.03191192892286","3.0655759028882801"
"Part 4","Independent exAL","2023-01-20",26,"0.94999999999999996","3.03191192892286","3.5197418360033499"
"Part 4","Independent exAL","2023-01-21",27,"0.050000000000000003","2.8691474946255902","2.1227995405300102"
"Part 4","Independent exAL","2023-01-21",27,"0.20000000000000001","2.8691474946255902","2.3868070331135001"
"Part 4","Independent exAL","2023-01-21",27,"0.34999999999999998","2.8691474946255902","2.5100949740100198"
"Part 4","Independent exAL","2023-01-21",27,"0.5","2.8691474946255902","2.62883234862139"
"Part 4","Independent exAL","2023-01-21",27,"0.65000000000000002","2.8691474946255902","2.7372834321268402"
"Part 4","Independent exAL","2023-01-21",27,"0.80000000000000004","2.8691474946255902","2.8611127504509399"
"Part 4","Independent exAL","2023-01-21",27,"0.94999999999999996","2.8691474946255902","3.1796843299614399"
"Part 4","Independent exAL","2023-01-22",28,"0.050000000000000003","2.7498195670252299","1.90014840465182"
"Part 4","Independent exAL","2023-01-22",28,"0.20000000000000001","2.7498195670252299","2.1382548454693699"
"Part 4","Independent exAL","2023-01-22",28,"0.34999999999999998","2.7498195670252299","2.2419910586606702"
"Part 4","Independent exAL","2023-01-22",28,"0.5","2.7498195670252299","2.3527026514943401"
"Part 4","Independent exAL","2023-01-22",28,"0.65000000000000002","2.7498195670252299","2.4655235586500401"
"Part 4","Independent exAL","2023-01-22",28,"0.80000000000000004","2.7498195670252299","2.6061701165087401"
"Part 4","Independent exAL","2023-01-22",28,"0.94999999999999996","2.7498195670252299","2.8631321805130399"
"Part 4","Joint AL","2022-12-26",1,"0.050000000000000003","0.56468377475649301","0.49326233810555398"
"Part 4","Joint AL","2022-12-26",1,"0.20000000000000001","0.56468377475649301","0.54689832448771003"
"Part 4","Joint AL","2022-12-26",1,"0.34999999999999998","0.56468377475649301","0.60083286926278301"
"Part 4","Joint AL","2022-12-26",1,"0.5","0.56468377475649301","0.692427362196948"
"Part 4","Joint AL","2022-12-26",1,"0.65000000000000002","0.56468377475649301","0.76885349298112504"
"Part 4","Joint AL","2022-12-26",1,"0.80000000000000004","0.56468377475649301","0.92868445332717497"
"Part 4","Joint AL","2022-12-26",1,"0.94999999999999996","0.56468377475649301","1.2660981528301001"
"Part 4","Joint AL","2022-12-27",2,"0.050000000000000003","3.1514663625841299","0.66376810586869905"
"Part 4","Joint AL","2022-12-27",2,"0.20000000000000001","3.1514663625841299","0.73099102954916895"
"Part 4","Joint AL","2022-12-27",2,"0.34999999999999998","3.1514663625841299","0.84735631095733399"
"Part 4","Joint AL","2022-12-27",2,"0.5","3.1514663625841299","0.96834299725784301"
"Part 4","Joint AL","2022-12-27",2,"0.65000000000000002","3.1514663625841299","1.1398378090199599"
"Part 4","Joint AL","2022-12-27",2,"0.80000000000000004","3.1514663625841299","1.3960427493621199"
"Part 4","Joint AL","2022-12-27",2,"0.94999999999999996","3.1514663625841299","2.1122507756790698"
"Part 4","Joint AL","2022-12-28",3,"0.050000000000000003","2.2266236264942898","0.81777999013425895"
"Part 4","Joint AL","2022-12-28",3,"0.20000000000000001","2.2266236264942898","0.97512019043926301"
"Part 4","Joint AL","2022-12-28",3,"0.34999999999999998","2.2266236264942898","1.13433017757071"
"Part 4","Joint AL","2022-12-28",3,"0.5","2.2266236264942898","1.3098894829899499"
"Part 4","Joint AL","2022-12-28",3,"0.65000000000000002","2.2266236264942898","1.5439007104157201"
"Part 4","Joint AL","2022-12-28",3,"0.80000000000000004","2.2266236264942898","1.8518271771271799"
"Part 4","Joint AL","2022-12-28",3,"0.94999999999999996","2.2266236264942898","2.76769002933051"
"Part 4","Joint AL","2022-12-29",4,"0.050000000000000003","1.7553629240913999","0.72771850798521698"
"Part 4","Joint AL","2022-12-29",4,"0.20000000000000001","1.7553629240913999","0.89335455925366603"
"Part 4","Joint AL","2022-12-29",4,"0.34999999999999998","1.7553629240913999","1.0599346083983301"
"Part 4","Joint AL","2022-12-29",4,"0.5","1.7553629240913999","1.23416913249403"
"Part 4","Joint AL","2022-12-29",4,"0.65000000000000002","1.7553629240913999","1.4406480288255299"
"Part 4","Joint AL","2022-12-29",4,"0.80000000000000004","1.7553629240913999","1.7140141854946001"
"Part 4","Joint AL","2022-12-29",4,"0.94999999999999996","1.7553629240913999","2.6047454259912701"
"Part 4","Joint AL","2022-12-30",5,"0.050000000000000003","2.7443730754966502","0.80107280690571903"
"Part 4","Joint AL","2022-12-30",5,"0.20000000000000001","2.7443730754966502","1.0271288300182899"
"Part 4","Joint AL","2022-12-30",5,"0.34999999999999998","2.7443730754966502","1.1901634342985301"
"Part 4","Joint AL","2022-12-30",5,"0.5","2.7443730754966502","1.35639942433164"
"Part 4","Joint AL","2022-12-30",5,"0.65000000000000002","2.7443730754966502","1.61197659964219"
"Part 4","Joint AL","2022-12-30",5,"0.80000000000000004","2.7443730754966502","1.9802681508345901"
"Part 4","Joint AL","2022-12-30",5,"0.94999999999999996","2.7443730754966502","2.9882094864602702"
"Part 4","Joint AL","2022-12-31",6,"0.050000000000000003","5.2298164117073904","0.95817279318937798"
"Part 4","Joint AL","2022-12-31",6,"0.20000000000000001","5.2298164117073904","1.20119837104871"
"Part 4","Joint AL","2022-12-31",6,"0.34999999999999998","5.2298164117073904","1.4040776952790099"
"Part 4","Joint AL","2022-12-31",6,"0.5","5.2298164117073904","1.63292101352038"
"Part 4","Joint AL","2022-12-31",6,"0.65000000000000002","5.2298164117073904","1.9905021652354999"
"Part 4","Joint AL","2022-12-31",6,"0.80000000000000004","5.2298164117073904","2.5145403072993999"
"Part 4","Joint AL","2022-12-31",6,"0.94999999999999996","5.2298164117073904","3.8061426745967601"
"Part 4","Joint AL","2023-01-01",7,"0.050000000000000003","3.8167767051474799","1.0342209768197399"
"Part 4","Joint AL","2023-01-01",7,"0.20000000000000001","3.8167767051474799","1.36041805939442"
"Part 4","Joint AL","2023-01-01",7,"0.34999999999999998","3.8167767051474799","1.6560835256290001"
"Part 4","Joint AL","2023-01-01",7,"0.5","3.8167767051474799","1.9593507773936201"
"Part 4","Joint AL","2023-01-01",7,"0.65000000000000002","3.8167767051474799","2.3938574840797799"
"Part 4","Joint AL","2023-01-01",7,"0.80000000000000004","3.8167767051474799","3.0040938138789599"
"Part 4","Joint AL","2023-01-01",7,"0.94999999999999996","3.8167767051474799","4.5385926268988097"
"Part 4","Joint AL","2023-01-02",8,"0.050000000000000003","2.9800661357327498","0.96425182625816697"
"Part 4","Joint AL","2023-01-02",8,"0.20000000000000001","2.9800661357327498","1.3017337868538099"
"Part 4","Joint AL","2023-01-02",8,"0.34999999999999998","2.9800661357327498","1.5699571867779001"
"Part 4","Joint AL","2023-01-02",8,"0.5","2.9800661357327498","1.8283054065492099"
"Part 4","Joint AL","2023-01-02",8,"0.65000000000000002","2.9800661357327498","2.1951430481466101"
"Part 4","Joint AL","2023-01-02",8,"0.80000000000000004","2.9800661357327498","2.6819203111071301"
"Part 4","Joint AL","2023-01-02",8,"0.94999999999999996","2.9800661357327498","3.9123358593328499"
"Part 4","Joint AL","2023-01-03",9,"0.050000000000000003","2.7906187723409999","0.77932517267512902"
"Part 4","Joint AL","2023-01-03",9,"0.20000000000000001","2.7906187723409999","1.1003489904693999"
"Part 4","Joint AL","2023-01-03",9,"0.34999999999999998","2.7906187723409999","1.3687972071404699"
"Part 4","Joint AL","2023-01-03",9,"0.5","2.7906187723409999","1.6189910040458699"
"Part 4","Joint AL","2023-01-03",9,"0.65000000000000002","2.7906187723409999","1.9964422778419999"
"Part 4","Joint AL","2023-01-03",9,"0.80000000000000004","2.7906187723409999","2.5420541090093902"
"Part 4","Joint AL","2023-01-03",9,"0.94999999999999996","2.7906187723409999","3.6425521940674899"
"Part 4","Joint AL","2023-01-04",10,"0.050000000000000003","3.4253268741041198","0.89015855053784498"
"Part 4","Joint AL","2023-01-04",10,"0.20000000000000001","3.4253268741041198","1.2473868962793"
"Part 4","Joint AL","2023-01-04",10,"0.34999999999999998","3.4253268741041198","1.4946874424913099"
"Part 4","Joint AL","2023-01-04",10,"0.5","3.4253268741041198","1.7543603503204399"
"Part 4","Joint AL","2023-01-04",10,"0.65000000000000002","3.4253268741041198","2.0742892756675801"
"Part 4","Joint AL","2023-01-04",10,"0.80000000000000004","3.4253268741041198","2.5083268975903699"
"Part 4","Joint AL","2023-01-04",10,"0.94999999999999996","3.4253268741041198","3.4108716045835199"
"Part 4","Joint AL","2023-01-05",11,"0.050000000000000003","4.2538561917311197","0.81443627207751201"
"Part 4","Joint AL","2023-01-05",11,"0.20000000000000001","4.2538561917311197","1.2280516524746501"
"Part 4","Joint AL","2023-01-05",11,"0.34999999999999998","4.2538561917311197","1.5298363734762901"
"Part 4","Joint AL","2023-01-05",11,"0.5","4.2538561917311197","1.8378321898871"
"Part 4","Joint AL","2023-01-05",11,"0.65000000000000002","4.2538561917311197","2.2723001598688302"
"Part 4","Joint AL","2023-01-05",11,"0.80000000000000004","4.2538561917311197","2.8504884757141702"
"Part 4","Joint AL","2023-01-05",11,"0.94999999999999996","4.2538561917311197","4.0593470706494097"
"Part 4","Joint AL","2023-01-06",12,"0.050000000000000003","3.3877748703163699","0.83324878434754901"
"Part 4","Joint AL","2023-01-06",12,"0.20000000000000001","3.3877748703163699","1.25656835967761"
"Part 4","Joint AL","2023-01-06",12,"0.34999999999999998","3.3877748703163699","1.5853248980318999"
"Part 4","Joint AL","2023-01-06",12,"0.5","3.3877748703163699","1.91130005983644"
"Part 4","Joint AL","2023-01-06",12,"0.65000000000000002","3.3877748703163699","2.3738415694658799"
"Part 4","Joint AL","2023-01-06",12,"0.80000000000000004","3.3877748703163699","2.9515171545809502"
"Part 4","Joint AL","2023-01-06",12,"0.94999999999999996","3.3877748703163699","4.0816723676813096"
"Part 4","Joint AL","2023-01-07",13,"0.050000000000000003","3.0468210981970301","0.79543567185254105"
"Part 4","Joint AL","2023-01-07",13,"0.20000000000000001","3.0468210981970301","1.2244612609433601"
"Part 4","Joint AL","2023-01-07",13,"0.34999999999999998","3.0468210981970301","1.53795793025498"
"Part 4","Joint AL","2023-01-07",13,"0.5","3.0468210981970301","1.8534263137336799"
"Part 4","Joint AL","2023-01-07",13,"0.65000000000000002","3.0468210981970301","2.2812289251560598"
"Part 4","Joint AL","2023-01-07",13,"0.80000000000000004","3.0468210981970301","2.8222318225015002"
"Part 4","Joint AL","2023-01-07",13,"0.94999999999999996","3.0468210981970301","3.9302982515004898"
"Part 4","Joint AL","2023-01-08",14,"0.050000000000000003","4.0491819932109401","0.832177824886003"
"Part 4","Joint AL","2023-01-08",14,"0.20000000000000001","4.0491819932109401","1.24811946385016"
"Part 4","Joint AL","2023-01-08",14,"0.34999999999999998","4.0491819932109401","1.5540055077180299"
"Part 4","Joint AL","2023-01-08",14,"0.5","4.0491819932109401","1.88949245139799"
"Part 4","Joint AL","2023-01-08",14,"0.65000000000000002","4.0491819932109401","2.36047610523153"
"Part 4","Joint AL","2023-01-08",14,"0.80000000000000004","4.0491819932109401","2.96054567660302"
"Part 4","Joint AL","2023-01-08",14,"0.94999999999999996","4.0491819932109401","4.07789677568939"
"Part 4","Joint AL","2023-01-09",15,"0.050000000000000003","5.3643837104354404","1.1202171877056599"
"Part 4","Joint AL","2023-01-09",15,"0.20000000000000001","5.3643837104354404","1.58708898714227"
"Part 4","Joint AL","2023-01-09",15,"0.34999999999999998","5.3643837104354404","1.9747638844089399"
"Part 4","Joint AL","2023-01-09",15,"0.5","5.3643837104354404","2.3571728496898401"
"Part 4","Joint AL","2023-01-09",15,"0.65000000000000002","5.3643837104354404","2.87722892374103"
"Part 4","Joint AL","2023-01-09",15,"0.80000000000000004","5.3643837104354404","3.5641506152074398"
"Part 4","Joint AL","2023-01-09",15,"0.94999999999999996","5.3643837104354404","4.8085836342713204"
"Part 4","Joint AL","2023-01-10",16,"0.050000000000000003","4.0879218550918797","1.1699132180818801"
"Part 4","Joint AL","2023-01-10",16,"0.20000000000000001","4.0879218550918797","1.63657106454834"
"Part 4","Joint AL","2023-01-10",16,"0.34999999999999998","4.0879218550918797","2.04998139021022"
"Part 4","Joint AL","2023-01-10",16,"0.5","4.0879218550918797","2.45099770424356"
"Part 4","Joint AL","2023-01-10",16,"0.65000000000000002","4.0879218550918797","2.9887793624141299"
"Part 4","Joint AL","2023-01-10",16,"0.80000000000000004","4.0879218550918797","3.6468311850545798"
"Part 4","Joint AL","2023-01-10",16,"0.94999999999999996","4.0879218550918797","4.8163499754929404"
"Part 4","Joint AL","2023-01-11",17,"0.050000000000000003","3.9985463313635701","1.2036432727469499"
"Part 4","Joint AL","2023-01-11",17,"0.20000000000000001","3.9985463313635701","1.7380303763752201"
"Part 4","Joint AL","2023-01-11",17,"0.34999999999999998","3.9985463313635701","2.16563687029084"
"Part 4","Joint AL","2023-01-11",17,"0.5","3.9985463313635701","2.5680525469406401"
"Part 4","Joint AL","2023-01-11",17,"0.65000000000000002","3.9985463313635701","3.0459813814779899"
"Part 4","Joint AL","2023-01-11",17,"0.80000000000000004","3.9985463313635701","3.6123235775360301"
"Part 4","Joint AL","2023-01-11",17,"0.94999999999999996","3.9985463313635701","4.7159752125257501"
"Part 4","Joint AL","2023-01-12",18,"0.050000000000000003","3.8772065627189898","1.2217322545401901"
"Part 4","Joint AL","2023-01-12",18,"0.20000000000000001","3.8772065627189898","1.74504818801737"
"Part 4","Joint AL","2023-01-12",18,"0.34999999999999998","3.8772065627189898","2.1238191546452301"
"Part 4","Joint AL","2023-01-12",18,"0.5","3.8772065627189898","2.4781364667050401"
"Part 4","Joint AL","2023-01-12",18,"0.65000000000000002","3.8772065627189898","2.9238658647073801"
"Part 4","Joint AL","2023-01-12",18,"0.80000000000000004","3.8772065627189898","3.4776928375377598"
"Part 4","Joint AL","2023-01-12",18,"0.94999999999999996","3.8772065627189898","4.6691842363085998"
"Part 4","Joint AL","2023-01-13",19,"0.050000000000000003","3.9775516526665502","0.98698487253811695"
"Part 4","Joint AL","2023-01-13",19,"0.20000000000000001","3.9775516526665502","1.49603126448502"
"Part 4","Joint AL","2023-01-13",19,"0.34999999999999998","3.9775516526665502","1.9076315875634799"
"Part 4","Joint AL","2023-01-13",19,"0.5","3.9775516526665502","2.3114576997356302"
"Part 4","Joint AL","2023-01-13",19,"0.65000000000000002","3.9775516526665502","2.7526617273500502"
"Part 4","Joint AL","2023-01-13",19,"0.80000000000000004","3.9775516526665502","3.2940023800893501"
"Part 4","Joint AL","2023-01-13",19,"0.94999999999999996","3.9775516526665502","4.3912528958113102"
"Part 4","Joint AL","2023-01-14",20,"0.050000000000000003","5.11080665260834","0.97837928653875705"
"Part 4","Joint AL","2023-01-14",20,"0.20000000000000001","5.11080665260834","1.5160310712096301"
"Part 4","Joint AL","2023-01-14",20,"0.34999999999999998","5.11080665260834","1.9748910065783001"
"Part 4","Joint AL","2023-01-14",20,"0.5","5.11080665260834","2.4147149867984901"
"Part 4","Joint AL","2023-01-14",20,"0.65000000000000002","5.11080665260834","2.90278351650191"
"Part 4","Joint AL","2023-01-14",20,"0.80000000000000004","5.11080665260834","3.55050157784859"
"Part 4","Joint AL","2023-01-14",20,"0.94999999999999996","5.11080665260834","4.8202108636577901"
"Part 4","Joint AL","2023-01-15",21,"0.050000000000000003","4.2457763669416497","1.0983650190379199"
"Part 4","Joint AL","2023-01-15",21,"0.20000000000000001","4.2457763669416497","1.67923341530744"
"Part 4","Joint AL","2023-01-15",21,"0.34999999999999998","4.2457763669416497","2.1483653764185999"
"Part 4","Joint AL","2023-01-15",21,"0.5","4.2457763669416497","2.61077533674387"
"Part 4","Joint AL","2023-01-15",21,"0.65000000000000002","4.2457763669416497","3.2195728599724598"
"Part 4","Joint AL","2023-01-15",21,"0.80000000000000004","4.2457763669416497","3.9138028787230499"
"Part 4","Joint AL","2023-01-15",21,"0.94999999999999996","4.2457763669416497","5.2475583171147004"
"Part 4","Joint AL","2023-01-16",22,"0.050000000000000003","4.4668641404166696","1.26104364360515"
"Part 4","Joint AL","2023-01-16",22,"0.20000000000000001","4.4668641404166696","1.89098601187441"
"Part 4","Joint AL","2023-01-16",22,"0.34999999999999998","4.4668641404166696","2.3848672555013302"
"Part 4","Joint AL","2023-01-16",22,"0.5","4.4668641404166696","2.8480981560973602"
"Part 4","Joint AL","2023-01-16",22,"0.65000000000000002","4.4668641404166696","3.3748441139117502"
"Part 4","Joint AL","2023-01-16",22,"0.80000000000000004","4.4668641404166696","3.9947732136632701"
"Part 4","Joint AL","2023-01-16",22,"0.94999999999999996","4.4668641404166696","5.3509621492231503"
"Part 4","Joint AL","2023-01-17",23,"0.050000000000000003","3.8105279137394601","1.08062141003467"
"Part 4","Joint AL","2023-01-17",23,"0.20000000000000001","3.8105279137394601","1.6611690351708399"
"Part 4","Joint AL","2023-01-17",23,"0.34999999999999998","3.8105279137394601","2.1423658453107701"
"Part 4","Joint AL","2023-01-17",23,"0.5","3.8105279137394601","2.60063433059933"
"Part 4","Joint AL","2023-01-17",23,"0.65000000000000002","3.8105279137394601","3.0852111201609098"
"Part 4","Joint AL","2023-01-17",23,"0.80000000000000004","3.8105279137394601","3.6854058103754701"
"Part 4","Joint AL","2023-01-17",23,"0.94999999999999996","3.8105279137394601","4.9195752386773304"
"Part 4","Joint AL","2023-01-18",24,"0.050000000000000003","3.4344986026020599","0.90637994788457499"
"Part 4","Joint AL","2023-01-18",24,"0.20000000000000001","3.4344986026020599","1.4721318611543699"
"Part 4","Joint AL","2023-01-18",24,"0.34999999999999998","3.4344986026020599","1.9526229522191101"
"Part 4","Joint AL","2023-01-18",24,"0.5","3.4344986026020599","2.3812265907790402"
"Part 4","Joint AL","2023-01-18",24,"0.65000000000000002","3.4344986026020599","2.85772009469934"
"Part 4","Joint AL","2023-01-18",24,"0.80000000000000004","3.4344986026020599","3.4407735473269199"
"Part 4","Joint AL","2023-01-18",24,"0.94999999999999996","3.4344986026020599","4.5753890502975203"
"Part 4","Joint AL","2023-01-19",25,"0.050000000000000003","3.2406649484479901","1.08516633313404"
"Part 4","Joint AL","2023-01-19",25,"0.20000000000000001","3.2406649484479901","1.6512888680123401"
"Part 4","Joint AL","2023-01-19",25,"0.34999999999999998","3.2406649484479901","2.0994321099304498"
"Part 4","Joint AL","2023-01-19",25,"0.5","3.2406649484479901","2.4816928864419499"
"Part 4","Joint AL","2023-01-19",25,"0.65000000000000002","3.2406649484479901","2.90922294577451"
"Part 4","Joint AL","2023-01-19",25,"0.80000000000000004","3.2406649484479901","3.4108373900698101"
"Part 4","Joint AL","2023-01-19",25,"0.94999999999999996","3.2406649484479901","4.4662357825366303"
"Part 4","Joint AL","2023-01-20",26,"0.050000000000000003","3.03191192892286","0.88981308589835895"
"Part 4","Joint AL","2023-01-20",26,"0.20000000000000001","3.03191192892286","1.48134119983315"
"Part 4","Joint AL","2023-01-20",26,"0.34999999999999998","3.03191192892286","1.90599418329527"
"Part 4","Joint AL","2023-01-20",26,"0.5","3.03191192892286","2.3068992364503398"
"Part 4","Joint AL","2023-01-20",26,"0.65000000000000002","3.03191192892286","2.7615066588414501"
"Part 4","Joint AL","2023-01-20",26,"0.80000000000000004","3.03191192892286","3.3155168066645202"
"Part 4","Joint AL","2023-01-20",26,"0.94999999999999996","3.03191192892286","4.2730801449381604"
"Part 4","Joint AL","2023-01-21",27,"0.050000000000000003","2.8691474946255902","1.02561279276039"
"Part 4","Joint AL","2023-01-21",27,"0.20000000000000001","2.8691474946255902","1.5815508513387"
"Part 4","Joint AL","2023-01-21",27,"0.34999999999999998","2.8691474946255902","1.9560895190940799"
"Part 4","Joint AL","2023-01-21",27,"0.5","2.8691474946255902","2.3115323001908101"
"Part 4","Joint AL","2023-01-21",27,"0.65000000000000002","2.8691474946255902","2.6420608020871201"
"Part 4","Joint AL","2023-01-21",27,"0.80000000000000004","2.8691474946255902","3.0916912406063699"
"Part 4","Joint AL","2023-01-21",27,"0.94999999999999996","2.8691474946255902","3.8848099748241398"
"Part 4","Joint AL","2023-01-22",28,"0.050000000000000003","2.7498195670252299","0.90697631270562695"
"Part 4","Joint AL","2023-01-22",28,"0.20000000000000001","2.7498195670252299","1.42903568193651"
"Part 4","Joint AL","2023-01-22",28,"0.34999999999999998","2.7498195670252299","1.78951706648803"
"Part 4","Joint AL","2023-01-22",28,"0.5","2.7498195670252299","2.1062406181299602"
"Part 4","Joint AL","2023-01-22",28,"0.65000000000000002","2.7498195670252299","2.4390373889250299"
"Part 4","Joint AL","2023-01-22",28,"0.80000000000000004","2.7498195670252299","2.8191122025577098"
"Part 4","Joint AL","2023-01-22",28,"0.94999999999999996","2.7498195670252299","3.62495065788052"
"Part 4","Joint exAL","2022-12-26",1,"0.050000000000000003","0.56468377475649301","0.47389208164523799"
"Part 4","Joint exAL","2022-12-26",1,"0.20000000000000001","0.56468377475649301","0.55059712151006801"
"Part 4","Joint exAL","2022-12-26",1,"0.34999999999999998","0.56468377475649301","0.60318774035616696"
"Part 4","Joint exAL","2022-12-26",1,"0.5","0.56468377475649301","0.66179386710888399"
"Part 4","Joint exAL","2022-12-26",1,"0.65000000000000002","0.56468377475649301","0.74201381302765801"
"Part 4","Joint exAL","2022-12-26",1,"0.80000000000000004","0.56468377475649301","0.83354023687250101"
"Part 4","Joint exAL","2022-12-26",1,"0.94999999999999996","0.56468377475649301","1.0353269704901"
"Part 4","Joint exAL","2022-12-27",2,"0.050000000000000003","3.1514663625841299","0.67861914983663096"
"Part 4","Joint exAL","2022-12-27",2,"0.20000000000000001","3.1514663625841299","0.77112881941418199"
"Part 4","Joint exAL","2022-12-27",2,"0.34999999999999998","3.1514663625841299","0.84689748853121505"
"Part 4","Joint exAL","2022-12-27",2,"0.5","3.1514663625841299","0.93161585801581404"
"Part 4","Joint exAL","2022-12-27",2,"0.65000000000000002","3.1514663625841299","1.0597839126892099"
"Part 4","Joint exAL","2022-12-27",2,"0.80000000000000004","3.1514663625841299","1.20072815057676"
"Part 4","Joint exAL","2022-12-27",2,"0.94999999999999996","3.1514663625841299","1.5467159352632001"
"Part 4","Joint exAL","2022-12-28",3,"0.050000000000000003","2.2266236264942898","0.89756434300613397"
"Part 4","Joint exAL","2022-12-28",3,"0.20000000000000001","2.2266236264942898","1.0284799715892801"
"Part 4","Joint exAL","2022-12-28",3,"0.34999999999999998","2.2266236264942898","1.1373175693906601"
"Part 4","Joint exAL","2022-12-28",3,"0.5","2.2266236264942898","1.25893640522123"
"Part 4","Joint exAL","2022-12-28",3,"0.65000000000000002","2.2266236264942898","1.4233753211993301"
"Part 4","Joint exAL","2022-12-28",3,"0.80000000000000004","2.2266236264942898","1.6056540820444301"
"Part 4","Joint exAL","2022-12-28",3,"0.94999999999999996","2.2266236264942898","2.0656350941824799"
"Part 4","Joint exAL","2022-12-29",4,"0.050000000000000003","1.7553629240913999","0.79575120964980905"
"Part 4","Joint exAL","2022-12-29",4,"0.20000000000000001","1.7553629240913999","0.93156618793573398"
"Part 4","Joint exAL","2022-12-29",4,"0.34999999999999998","1.7553629240913999","1.0402643148514199"
"Part 4","Joint exAL","2022-12-29",4,"0.5","1.7553629240913999","1.16670849936979"
"Part 4","Joint exAL","2022-12-29",4,"0.65000000000000002","1.7553629240913999","1.31678877039784"
"Part 4","Joint exAL","2022-12-29",4,"0.80000000000000004","1.7553629240913999","1.48877453126979"
"Part 4","Joint exAL","2022-12-29",4,"0.94999999999999996","1.7553629240913999","1.90091091862277"
"Part 4","Joint exAL","2022-12-30",5,"0.050000000000000003","2.7443730754966502","0.93134285767733704"
"Part 4","Joint exAL","2022-12-30",5,"0.20000000000000001","2.7443730754966502","1.0766414308354699"
"Part 4","Joint exAL","2022-12-30",5,"0.34999999999999998","2.7443730754966502","1.1847217930223199"
"Part 4","Joint exAL","2022-12-30",5,"0.5","2.7443730754966502","1.30875814497655"
"Part 4","Joint exAL","2022-12-30",5,"0.65000000000000002","2.7443730754966502","1.47056525060113"
"Part 4","Joint exAL","2022-12-30",5,"0.80000000000000004","2.7443730754966502","1.6731292468605501"
"Part 4","Joint exAL","2022-12-30",5,"0.94999999999999996","2.7443730754966502","2.1670473216769599"
"Part 4","Joint exAL","2022-12-31",6,"0.050000000000000003","5.2298164117073904","1.0776103503345"
"Part 4","Joint exAL","2022-12-31",6,"0.20000000000000001","5.2298164117073904","1.2589233721052999"
"Part 4","Joint exAL","2022-12-31",6,"0.34999999999999998","5.2298164117073904","1.40277033130857"
"Part 4","Joint exAL","2022-12-31",6,"0.5","5.2298164117073904","1.5629037761492801"
"Part 4","Joint exAL","2022-12-31",6,"0.65000000000000002","5.2298164117073904","1.7806987489014401"
"Part 4","Joint exAL","2022-12-31",6,"0.80000000000000004","5.2298164117073904","2.04257953251307"
"Part 4","Joint exAL","2022-12-31",6,"0.94999999999999996","5.2298164117073904","2.6828146626721301"
"Part 4","Joint exAL","2023-01-01",7,"0.050000000000000003","3.8167767051474799","1.2420478187637101"
"Part 4","Joint exAL","2023-01-01",7,"0.20000000000000001","3.8167767051474799","1.46622013263664"
"Part 4","Joint exAL","2023-01-01",7,"0.34999999999999998","3.8167767051474799","1.6448557621386599"
"Part 4","Joint exAL","2023-01-01",7,"0.5","3.8167767051474799","1.8543465592820201"
"Part 4","Joint exAL","2023-01-01",7,"0.65000000000000002","3.8167767051474799","2.1145525596697099"
"Part 4","Joint exAL","2023-01-01",7,"0.80000000000000004","3.8167767051474799","2.4296991277769702"
"Part 4","Joint exAL","2023-01-01",7,"0.94999999999999996","3.8167767051474799","3.2061629178359801"
"Part 4","Joint exAL","2023-01-02",8,"0.050000000000000003","2.9800661357327498","1.1576896995779999"
"Part 4","Joint exAL","2023-01-02",8,"0.20000000000000001","2.9800661357327498","1.37532288624892"
"Part 4","Joint exAL","2023-01-02",8,"0.34999999999999998","2.9800661357327498","1.5325335823347599"
"Part 4","Joint exAL","2023-01-02",8,"0.5","2.9800661357327498","1.72525135038636"
"Part 4","Joint exAL","2023-01-02",8,"0.65000000000000002","2.9800661357327498","1.9492229612612799"
"Part 4","Joint exAL","2023-01-02",8,"0.80000000000000004","2.9800661357327498","2.22421511043312"
"Part 4","Joint exAL","2023-01-02",8,"0.94999999999999996","2.9800661357327498","2.8181569936474702"
"Part 4","Joint exAL","2023-01-03",9,"0.050000000000000003","2.7906187723409999","0.94445387475842402"
"Part 4","Joint exAL","2023-01-03",9,"0.20000000000000001","2.7906187723409999","1.1612045465349701"
"Part 4","Joint exAL","2023-01-03",9,"0.34999999999999998","2.7906187723409999","1.3216493431620699"
"Part 4","Joint exAL","2023-01-03",9,"0.5","2.7906187723409999","1.5140100721310801"
"Part 4","Joint exAL","2023-01-03",9,"0.65000000000000002","2.7906187723409999","1.74654547118134"
"Part 4","Joint exAL","2023-01-03",9,"0.80000000000000004","2.7906187723409999","2.0274865070560302"
"Part 4","Joint exAL","2023-01-03",9,"0.94999999999999996","2.7906187723409999","2.6547792803753798"
"Part 4","Joint exAL","2023-01-04",10,"0.050000000000000003","3.4253268741041198","1.0835616430016399"
"Part 4","Joint exAL","2023-01-04",10,"0.20000000000000001","3.4253268741041198","1.3047378064941899"
"Part 4","Joint exAL","2023-01-04",10,"0.34999999999999998","3.4253268741041198","1.46711406361045"
"Part 4","Joint exAL","2023-01-04",10,"0.5","3.4253268741041198","1.66232777668687"
"Part 4","Joint exAL","2023-01-04",10,"0.65000000000000002","3.4253268741041198","1.8701725887566301"
"Part 4","Joint exAL","2023-01-04",10,"0.80000000000000004","3.4253268741041198","2.1137123960411501"
"Part 4","Joint exAL","2023-01-04",10,"0.94999999999999996","3.4253268741041198","2.6214043195999701"
"Part 4","Joint exAL","2023-01-05",11,"0.050000000000000003","4.2538561917311197","1.07805038531872"
"Part 4","Joint exAL","2023-01-05",11,"0.20000000000000001","4.2538561917311197","1.3181624643421199"
"Part 4","Joint exAL","2023-01-05",11,"0.34999999999999998","4.2538561917311197","1.50286982170036"
"Part 4","Joint exAL","2023-01-05",11,"0.5","4.2538561917311197","1.72137337509282"
"Part 4","Joint exAL","2023-01-05",11,"0.65000000000000002","4.2538561917311197","1.9854785362002101"
"Part 4","Joint exAL","2023-01-05",11,"0.80000000000000004","4.2538561917311197","2.28053521826235"
"Part 4","Joint exAL","2023-01-05",11,"0.94999999999999996","4.2538561917311197","2.9432489004324598"
"Part 4","Joint exAL","2023-01-06",12,"0.050000000000000003","3.3877748703163699","1.0769839973473001"
"Part 4","Joint exAL","2023-01-06",12,"0.20000000000000001","3.3877748703163699","1.3378205679316499"
"Part 4","Joint exAL","2023-01-06",12,"0.34999999999999998","3.3877748703163699","1.5304680515159601"
"Part 4","Joint exAL","2023-01-06",12,"0.5","3.3877748703163699","1.7670287307171799"
"Part 4","Joint exAL","2023-01-06",12,"0.65000000000000002","3.3877748703163699","2.0491490643425201"
"Part 4","Joint exAL","2023-01-06",12,"0.80000000000000004","3.3877748703163699","2.3701907922211798"
"Part 4","Joint exAL","2023-01-06",12,"0.94999999999999996","3.3877748703163699","3.0398926651554499"
"Part 4","Joint exAL","2023-01-07",13,"0.050000000000000003","3.0468210981970301","1.0132615533029601"
"Part 4","Joint exAL","2023-01-07",13,"0.20000000000000001","3.0468210981970301","1.2726251130109001"
"Part 4","Joint exAL","2023-01-07",13,"0.34999999999999998","3.0468210981970301","1.46555711942261"
"Part 4","Joint exAL","2023-01-07",13,"0.5","3.0468210981970301","1.7006288564693699"
"Part 4","Joint exAL","2023-01-07",13,"0.65000000000000002","3.0468210981970301","1.97957776962593"
"Part 4","Joint exAL","2023-01-07",13,"0.80000000000000004","3.0468210981970301","2.2974721155418298"
"Part 4","Joint exAL","2023-01-07",13,"0.94999999999999996","3.0468210981970301","2.92718871763556"
"Part 4","Joint exAL","2023-01-08",14,"0.050000000000000003","4.0491819932109401","1.0258354135368599"
"Part 4","Joint exAL","2023-01-08",14,"0.20000000000000001","4.0491819932109401","1.29788595519489"
"Part 4","Joint exAL","2023-01-08",14,"0.34999999999999998","4.0491819932109401","1.5072053087584401"
"Part 4","Joint exAL","2023-01-08",14,"0.5","4.0491819932109401","1.7479010216784301"
"Part 4","Joint exAL","2023-01-08",14,"0.65000000000000002","4.0491819932109401","2.0374985928432401"
"Part 4","Joint exAL","2023-01-08",14,"0.80000000000000004","4.0491819932109401","2.3713599526255198"
"Part 4","Joint exAL","2023-01-08",14,"0.94999999999999996","4.0491819932109401","3.05711772987181"
"Part 4","Joint exAL","2023-01-09",15,"0.050000000000000003","5.3643837104354404","1.38167905309288"
"Part 4","Joint exAL","2023-01-09",15,"0.20000000000000001","5.3643837104354404","1.68611395281412"
"Part 4","Joint exAL","2023-01-09",15,"0.34999999999999998","5.3643837104354404","1.9219020538142499"
"Part 4","Joint exAL","2023-01-09",15,"0.5","5.3643837104354404","2.19908466447222"
"Part 4","Joint exAL","2023-01-09",15,"0.65000000000000002","5.3643837104354404","2.5226708473223001"
"Part 4","Joint exAL","2023-01-09",15,"0.80000000000000004","5.3643837104354404","2.8978929352459799"
"Part 4","Joint exAL","2023-01-09",15,"0.94999999999999996","5.3643837104354404","3.6678340599424701"
"Part 4","Joint exAL","2023-01-10",16,"0.050000000000000003","4.0879218550918797","1.44037680688003"
"Part 4","Joint exAL","2023-01-10",16,"0.20000000000000001","4.0879218550918797","1.74862057328913"
"Part 4","Joint exAL","2023-01-10",16,"0.34999999999999998","4.0879218550918797","1.99031761435322"
"Part 4","Joint exAL","2023-01-10",16,"0.5","4.0879218550918797","2.2778158176002599"
"Part 4","Joint exAL","2023-01-10",16,"0.65000000000000002","4.0879218550918797","2.6212391090936"
"Part 4","Joint exAL","2023-01-10",16,"0.80000000000000004","4.0879218550918797","3.0092545473218499"
"Part 4","Joint exAL","2023-01-10",16,"0.94999999999999996","4.0879218550918797","3.7535074052958199"
"Part 4","Joint exAL","2023-01-11",17,"0.050000000000000003","3.9985463313635701","1.5404594105489799"
"Part 4","Joint exAL","2023-01-11",17,"0.20000000000000001","3.9985463313635701","1.8605610490796001"
"Part 4","Joint exAL","2023-01-11",17,"0.34999999999999998","3.9985463313635701","2.09622575677784"
"Part 4","Joint exAL","2023-01-11",17,"0.5","3.9985463313635701","2.3806217109291499"
"Part 4","Joint exAL","2023-01-11",17,"0.65000000000000002","3.9985463313635701","2.7053203347315899"
"Part 4","Joint exAL","2023-01-11",17,"0.80000000000000004","3.9985463313635701","3.06200316185565"
"Part 4","Joint exAL","2023-01-11",17,"0.94999999999999996","3.9985463313635701","3.7222984224183202"
"Part 4","Joint exAL","2023-01-12",18,"0.050000000000000003","3.8772065627189898","1.5318554434734999"
"Part 4","Joint exAL","2023-01-12",18,"0.20000000000000001","3.8772065627189898","1.8503783458932701"
"Part 4","Joint exAL","2023-01-12",18,"0.34999999999999998","3.8772065627189898","2.07088880546091"
"Part 4","Joint exAL","2023-01-12",18,"0.5","3.8772065627189898","2.3221231842438401"
"Part 4","Joint exAL","2023-01-12",18,"0.65000000000000002","3.8772065627189898","2.6172169098767899"
"Part 4","Joint exAL","2023-01-12",18,"0.80000000000000004","3.8772065627189898","2.95911012941384"
"Part 4","Joint exAL","2023-01-12",18,"0.94999999999999996","3.8772065627189898","3.6334472525489598"
"Part 4","Joint exAL","2023-01-13",19,"0.050000000000000003","3.9775516526665502","1.25776605884218"
"Part 4","Joint exAL","2023-01-13",19,"0.20000000000000001","3.9775516526665502","1.5966830829906999"
"Part 4","Joint exAL","2023-01-13",19,"0.34999999999999998","3.9775516526665502","1.8491113481866901"
"Part 4","Joint exAL","2023-01-13",19,"0.5","3.9775516526665502","2.1389756465665202"
"Part 4","Joint exAL","2023-01-13",19,"0.65000000000000002","3.9775516526665502","2.4410849945611499"
"Part 4","Joint exAL","2023-01-13",19,"0.80000000000000004","3.9775516526665502","2.7855916202661599"
"Part 4","Joint exAL","2023-01-13",19,"0.94999999999999996","3.9775516526665502","3.4320404130411299"
"Part 4","Joint exAL","2023-01-14",20,"0.050000000000000003","5.11080665260834","1.2997627514863801"
"Part 4","Joint exAL","2023-01-14",20,"0.20000000000000001","5.11080665260834","1.6479577404947401"
"Part 4","Joint exAL","2023-01-14",20,"0.34999999999999998","5.11080665260834","1.92103425223438"
"Part 4","Joint exAL","2023-01-14",20,"0.5","5.11080665260834","2.2391060609226701"
"Part 4","Joint exAL","2023-01-14",20,"0.65000000000000002","5.11080665260834","2.58276486567109"
"Part 4","Joint exAL","2023-01-14",20,"0.80000000000000004","5.11080665260834","2.9480873262725402"
"Part 4","Joint exAL","2023-01-14",20,"0.94999999999999996","5.11080665260834","3.6800741067680902"
"Part 4","Joint exAL","2023-01-15",21,"0.050000000000000003","4.2457763669416497","1.4489147978953401"
"Part 4","Joint exAL","2023-01-15",21,"0.20000000000000001","4.2457763669416497","1.81504941574349"
"Part 4","Joint exAL","2023-01-15",21,"0.34999999999999998","4.2457763669416497","2.0944962524656199"
"Part 4","Joint exAL","2023-01-15",21,"0.5","4.2457763669416497","2.4139029716981901"
"Part 4","Joint exAL","2023-01-15",21,"0.65000000000000002","4.2457763669416497","2.7875827561913402"
"Part 4","Joint exAL","2023-01-15",21,"0.80000000000000004","4.2457763669416497","3.2077128073111298"
"Part 4","Joint exAL","2023-01-15",21,"0.94999999999999996","4.2457763669416497","4.0425980956843004"
"Part 4","Joint exAL","2023-01-16",22,"0.050000000000000003","4.4668641404166696","1.6600919240834999"
"Part 4","Joint exAL","2023-01-16",22,"0.20000000000000001","4.4668641404166696","2.0376725431871101"
"Part 4","Joint exAL","2023-01-16",22,"0.34999999999999998","4.4668641404166696","2.3235400130089698"
"Part 4","Joint exAL","2023-01-16",22,"0.5","4.4668641404166696","2.6519286324623801"
"Part 4","Joint exAL","2023-01-16",22,"0.65000000000000002","4.4668641404166696","3.0075770563651698"
"Part 4","Joint exAL","2023-01-16",22,"0.80000000000000004","4.4668641404166696","3.3860024675373799"
"Part 4","Joint exAL","2023-01-16",22,"0.94999999999999996","4.4668641404166696","4.16347868905991"
"Part 4","Joint exAL","2023-01-17",23,"0.050000000000000003","3.8105279137394601","1.41281334068484"
"Part 4","Joint exAL","2023-01-17",23,"0.20000000000000001","3.8105279137394601","1.78507626393326"
"Part 4","Joint exAL","2023-01-17",23,"0.34999999999999998","3.8105279137394601","2.0735873107635401"
"Part 4","Joint exAL","2023-01-17",23,"0.5","3.8105279137394601","2.4035189468220501"
"Part 4","Joint exAL","2023-01-17",23,"0.65000000000000002","3.8105279137394601","2.7342709420721598"
"Part 4","Joint exAL","2023-01-17",23,"0.80000000000000004","3.8105279137394601","3.1026181987570398"
"Part 4","Joint exAL","2023-01-17",23,"0.94999999999999996","3.8105279137394601","3.8638169551569299"
"Part 4","Joint exAL","2023-01-18",24,"0.050000000000000003","3.4344986026020599","1.23065135377879"
"Part 4","Joint exAL","2023-01-18",24,"0.20000000000000001","3.4344986026020599","1.60799268287332"
"Part 4","Joint exAL","2023-01-18",24,"0.34999999999999998","3.4344986026020599","1.8853520826771999"
"Part 4","Joint exAL","2023-01-18",24,"0.5","3.4344986026020599","2.1991907718459101"
"Part 4","Joint exAL","2023-01-18",24,"0.65000000000000002","3.4344986026020599","2.5071384642927899"
"Part 4","Joint exAL","2023-01-18",24,"0.80000000000000004","3.4344986026020599","2.8728314387365899"
"Part 4","Joint exAL","2023-01-18",24,"0.94999999999999996","3.4344986026020599","3.5998175242174701"
"Part 4","Joint exAL","2023-01-19",25,"0.050000000000000003","3.2406649484479901","1.39299281431514"
"Part 4","Joint exAL","2023-01-19",25,"0.20000000000000001","3.2406649484479901","1.76514883966603"
"Part 4","Joint exAL","2023-01-19",25,"0.34999999999999998","3.2406649484479901","2.0269255782752702"
"Part 4","Joint exAL","2023-01-19",25,"0.5","3.2406649484479901","2.3100691673946199"
"Part 4","Joint exAL","2023-01-19",25,"0.65000000000000002","3.2406649484479901","2.6003738149445899"
"Part 4","Joint exAL","2023-01-19",25,"0.80000000000000004","3.2406649484479901","2.9328561807479598"
"Part 4","Joint exAL","2023-01-19",25,"0.94999999999999996","3.2406649484479901","3.5712371902964"
"Part 4","Joint exAL","2023-01-20",26,"0.050000000000000003","3.03191192892286","1.2413861839154301"
"Part 4","Joint exAL","2023-01-20",26,"0.20000000000000001","3.03191192892286","1.5949332066817099"
"Part 4","Joint exAL","2023-01-20",26,"0.34999999999999998","3.03191192892286","1.84785791026294"
"Part 4","Joint exAL","2023-01-20",26,"0.5","3.03191192892286","2.1307879525602802"
"Part 4","Joint exAL","2023-01-20",26,"0.65000000000000002","3.03191192892286","2.4183417834682799"
"Part 4","Joint exAL","2023-01-20",26,"0.80000000000000004","3.03191192892286","2.7667969578318901"
"Part 4","Joint exAL","2023-01-20",26,"0.94999999999999996","3.03191192892286","3.4379804642224201"
"Part 4","Joint exAL","2023-01-21",27,"0.050000000000000003","2.8691474946255902","1.3326271061964201"
"Part 4","Joint exAL","2023-01-21",27,"0.20000000000000001","2.8691474946255902","1.6671546408823701"
"Part 4","Joint exAL","2023-01-21",27,"0.34999999999999998","2.8691474946255902","1.89755315003028"
"Part 4","Joint exAL","2023-01-21",27,"0.5","2.8691474946255902","2.1441171925318101"
"Part 4","Joint exAL","2023-01-21",27,"0.65000000000000002","2.8691474946255902","2.3878295948020698"
"Part 4","Joint exAL","2023-01-21",27,"0.80000000000000004","2.8691474946255902","2.6632242547546499"
"Part 4","Joint exAL","2023-01-21",27,"0.94999999999999996","2.8691474946255902","3.2284475567283701"
"Part 4","Joint exAL","2023-01-22",28,"0.050000000000000003","2.7498195670252299","1.1915967014851101"
"Part 4","Joint exAL","2023-01-22",28,"0.20000000000000001","2.7498195670252299","1.51442995906268"
"Part 4","Joint exAL","2023-01-22",28,"0.34999999999999998","2.7498195670252299","1.7334698861420701"
"Part 4","Joint exAL","2023-01-22",28,"0.5","2.7498195670252299","1.9628946667107401"
"Part 4","Joint exAL","2023-01-22",28,"0.65000000000000002","2.7498195670252299","2.19708561924734"
"Part 4","Joint exAL","2023-01-22",28,"0.80000000000000004","2.7498195670252299","2.4665408344309201"
"Part 4","Joint exAL","2023-01-22",28,"0.94999999999999996","2.7498195670252299","2.9332326242867102"
"Part 4","Raw GloFAS","2022-12-26",1,"0.050000000000000003","0.56468377475649323","0.27193371548364176"
"Part 4","Raw GloFAS","2022-12-26",1,"0.20000000000000001","0.56468377475649323","0.27193371548364176"
"Part 4","Raw GloFAS","2022-12-26",1,"0.34999999999999998","0.56468377475649323","0.27193371548364176"
"Part 4","Raw GloFAS","2022-12-26",1,"0.5","0.56468377475649323","0.27193371548364176"
"Part 4","Raw GloFAS","2022-12-26",1,"0.65000000000000002","0.56468377475649323","0.27193371548364176"
"Part 4","Raw GloFAS","2022-12-26",1,"0.80000000000000004","0.56468377475649323","0.27193371548364176"
"Part 4","Raw GloFAS","2022-12-26",1,"0.94999999999999996","0.56468377475649323","0.27193371548364176"
"Part 4","Raw GloFAS","2022-12-27",2,"0.050000000000000003","3.1514663625841286","0.27727497745147484"
"Part 4","Raw GloFAS","2022-12-27",2,"0.20000000000000001","3.1514663625841286","0.27786845100345631"
"Part 4","Raw GloFAS","2022-12-27",2,"0.34999999999999998","3.1514663625841286","0.28376817313064462"
"Part 4","Raw GloFAS","2022-12-27",2,"0.5","3.1514663625841286","0.28376817313064462"
"Part 4","Raw GloFAS","2022-12-27",2,"0.65000000000000002","3.1514663625841286","0.2878737567473233"
"Part 4","Raw GloFAS","2022-12-27",2,"0.80000000000000004","3.1514663625841286","0.33199418859193586"
"Part 4","Raw GloFAS","2022-12-27",2,"0.94999999999999996","3.1514663625841286","0.72240248082858138"
"Part 4","Raw GloFAS","2022-12-28",3,"0.050000000000000003","2.2266236264942947","0.81540725652717427"
"Part 4","Raw GloFAS","2022-12-28",3,"0.20000000000000001","2.2266236264942947","0.97278815870186031"
"Part 4","Raw GloFAS","2022-12-28",3,"0.34999999999999998","2.2266236264942947","1.0486878836085367"
"Part 4","Raw GloFAS","2022-12-28",3,"0.5","2.2266236264942947","1.1268555009815047"
"Part 4","Raw GloFAS","2022-12-28",3,"0.65000000000000002","2.2266236264942947","1.2290953257893031"
"Part 4","Raw GloFAS","2022-12-28",3,"0.80000000000000004","2.2266236264942947","1.3045227478870065"
"Part 4","Raw GloFAS","2022-12-28",3,"0.94999999999999996","2.2266236264942947","1.5600907270374988"
"Part 4","Raw GloFAS","2022-12-29",4,"0.050000000000000003","1.7553629240914033","0.92119095467054812"
"Part 4","Raw GloFAS","2022-12-29",4,"0.20000000000000001","1.7553629240914033","1.0284792707406425"
"Part 4","Raw GloFAS","2022-12-29",4,"0.34999999999999998","1.7553629240914033","1.0923397954232672"
"Part 4","Raw GloFAS","2022-12-29",4,"0.5","1.7553629240914033","1.1738357099056973"
"Part 4","Raw GloFAS","2022-12-29",4,"0.65000000000000002","1.7553629240914033","1.2695524397896221"
"Part 4","Raw GloFAS","2022-12-29",4,"0.80000000000000004","1.7553629240914033","1.4040753665311567"
"Part 4","Raw GloFAS","2022-12-29",4,"0.94999999999999996","1.7553629240914033","1.6106031581447322"
"Part 4","Raw GloFAS","2022-12-30",5,"0.050000000000000003","2.7443730754966476","0.9943665656419447"
"Part 4","Raw GloFAS","2022-12-30",5,"0.20000000000000001","2.7443730754966476","1.181532699699742"
"Part 4","Raw GloFAS","2022-12-30",5,"0.34999999999999998","2.7443730754966476","1.2269849795376406"
"Part 4","Raw GloFAS","2022-12-30",5,"0.5","2.7443730754966476","1.3300546427970146"
"Part 4","Raw GloFAS","2022-12-30",5,"0.65000000000000002","2.7443730754966476","1.4689148100536669"
"Part 4","Raw GloFAS","2022-12-30",5,"0.80000000000000004","2.7443730754966476","1.5584527852733723"
"Part 4","Raw GloFAS","2022-12-30",5,"0.94999999999999996","2.7443730754966476","1.7008766682944629"
"Part 4","Raw GloFAS","2022-12-31",6,"0.050000000000000003","5.2298164117073931","1.2249808799810809"
"Part 4","Raw GloFAS","2022-12-31",6,"0.20000000000000001","5.2298164117073931","1.4869156107756103"
"Part 4","Raw GloFAS","2022-12-31",6,"0.34999999999999998","5.2298164117073931","1.5770427515396437"
"Part 4","Raw GloFAS","2022-12-31",6,"0.5","5.2298164117073931","1.6715320422298952"
"Part 4","Raw GloFAS","2022-12-31",6,"0.65000000000000002","5.2298164117073931","1.7097021115002848"
"Part 4","Raw GloFAS","2022-12-31",6,"0.80000000000000004","5.2298164117073931","1.8222778053949145"
"Part 4","Raw GloFAS","2022-12-31",6,"0.94999999999999996","5.2298164117073931","2.0579446866171325"
"Part 4","Raw GloFAS","2023-01-01",7,"0.050000000000000003","3.8167767051474808","1.4858545914526164"
"Part 4","Raw GloFAS","2023-01-01",7,"0.20000000000000001","3.8167767051474808","1.6248779922151044"
"Part 4","Raw GloFAS","2023-01-01",7,"0.34999999999999998","3.8167767051474808","1.8196366720184292"
"Part 4","Raw GloFAS","2023-01-01",7,"0.5","3.8167767051474808","1.9403141635511922"
"Part 4","Raw GloFAS","2023-01-01",7,"0.65000000000000002","3.8167767051474808","2.0086218380532745"
"Part 4","Raw GloFAS","2023-01-01",7,"0.80000000000000004","3.8167767051474808","2.0949429563161921"
"Part 4","Raw GloFAS","2023-01-01",7,"0.94999999999999996","3.8167767051474808","2.3222874841667953"
"Part 4","Raw GloFAS","2023-01-02",8,"0.050000000000000003","2.9800661357327494","1.393882515080163"
"Part 4","Raw GloFAS","2023-01-02",8,"0.20000000000000001","2.9800661357327494","1.5515439340151977"
"Part 4","Raw GloFAS","2023-01-02",8,"0.34999999999999998","2.9800661357327494","1.8220019172812765"
"Part 4","Raw GloFAS","2023-01-02",8,"0.5","2.9800661357327494","1.8955562629096985"
"Part 4","Raw GloFAS","2023-01-02",8,"0.65000000000000002","2.9800661357327494","1.9892114391604292"
"Part 4","Raw GloFAS","2023-01-02",8,"0.80000000000000004","2.9800661357327494","2.0531172901016266"
"Part 4","Raw GloFAS","2023-01-02",8,"0.94999999999999996","2.9800661357327494","2.3060959217657562"
"Part 4","Raw GloFAS","2023-01-03",9,"0.050000000000000003","2.790618772340999","1.4554769711629123"
"Part 4","Raw GloFAS","2023-01-03",9,"0.20000000000000001","2.790618772340999","1.6504425858861931"
"Part 4","Raw GloFAS","2023-01-03",9,"0.34999999999999998","2.790618772340999","1.8671994996228398"
"Part 4","Raw GloFAS","2023-01-03",9,"0.5","2.790618772340999","2.0023242383354045"
"Part 4","Raw GloFAS","2023-01-03",9,"0.65000000000000002","2.790618772340999","2.0871342498170025"
"Part 4","Raw GloFAS","2023-01-03",9,"0.80000000000000004","2.790618772340999","2.2960500782448641"
"Part 4","Raw GloFAS","2023-01-03",9,"0.94999999999999996","2.790618772340999","2.5732360290191152"
"Part 4","Raw GloFAS","2023-01-04",10,"0.050000000000000003","3.4253268741041167","1.5167349211825405"
"Part 4","Raw GloFAS","2023-01-04",10,"0.20000000000000001","3.4253268741041167","1.8081336868356463"
"Part 4","Raw GloFAS","2023-01-04",10,"0.34999999999999998","3.4253268741041167","2.0088411860742106"
"Part 4","Raw GloFAS","2023-01-04",10,"0.5","3.4253268741041167","2.0755276423586997"
"Part 4","Raw GloFAS","2023-01-04",10,"0.65000000000000002","3.4253268741041167","2.2031736110231623"
"Part 4","Raw GloFAS","2023-01-04",10,"0.80000000000000004","3.4253268741041167","2.3266559830691342"
"Part 4","Raw GloFAS","2023-01-04",10,"0.94999999999999996","3.4253268741041167","2.5416618902661661"
"Part 4","Raw GloFAS","2023-01-05",11,"0.050000000000000003","4.2538561917311215","1.6157248199201517"
"Part 4","Raw GloFAS","2023-01-05",11,"0.20000000000000001","4.2538561917311215","1.9317353629201772"
"Part 4","Raw GloFAS","2023-01-05",11,"0.34999999999999998","4.2538561917311215","2.0686658942380585"
"Part 4","Raw GloFAS","2023-01-05",11,"0.5","4.2538561917311215","2.1573786687890197"
"Part 4","Raw GloFAS","2023-01-05",11,"0.65000000000000002","4.2538561917311215","2.2562583259627464"
"Part 4","Raw GloFAS","2023-01-05",11,"0.80000000000000004","4.2538561917311215","2.4414557923500375"
"Part 4","Raw GloFAS","2023-01-05",11,"0.94999999999999996","4.2538561917311215","2.8021363143889242"
"Part 4","Raw GloFAS","2023-01-06",12,"0.050000000000000003","3.3877748703163717","1.6118810091574429"
"Part 4","Raw GloFAS","2023-01-06",12,"0.20000000000000001","3.3877748703163717","1.9830672873490212"
"Part 4","Raw GloFAS","2023-01-06",12,"0.34999999999999998","3.3877748703163717","2.0975104041654804"
"Part 4","Raw GloFAS","2023-01-06",12,"0.5","3.3877748703163717","2.2041450201807931"
"Part 4","Raw GloFAS","2023-01-06",12,"0.65000000000000002","3.3877748703163717","2.2846861891823229"
"Part 4","Raw GloFAS","2023-01-06",12,"0.80000000000000004","3.3877748703163717","2.5781953662103518"
"Part 4","Raw GloFAS","2023-01-06",12,"0.94999999999999996","3.3877748703163717","2.7598912270625044"
"Part 4","Raw GloFAS","2023-01-07",13,"0.050000000000000003","3.0468210981970278","1.5704972797285688"
"Part 4","Raw GloFAS","2023-01-07",13,"0.20000000000000001","3.0468210981970278","1.9732792722336137"
"Part 4","Raw GloFAS","2023-01-07",13,"0.34999999999999998","3.0468210981970278","2.1096144521425231"
"Part 4","Raw GloFAS","2023-01-07",13,"0.5","3.0468210981970278","2.2118736975524511"
"Part 4","Raw GloFAS","2023-01-07",13,"0.65000000000000002","3.0468210981970278","2.3235255438941831"
"Part 4","Raw GloFAS","2023-01-07",13,"0.80000000000000004","3.0468210981970278","2.5948968405609092"
"Part 4","Raw GloFAS","2023-01-07",13,"0.94999999999999996","3.0468210981970278","2.8246024767824838"
"Part 4","Raw GloFAS","2023-01-08",14,"0.050000000000000003","4.049181993210941","1.4836350373200078"
"Part 4","Raw GloFAS","2023-01-08",14,"0.20000000000000001","4.049181993210941","1.8850820766810226"
"Part 4","Raw GloFAS","2023-01-08",14,"0.34999999999999998","4.049181993210941","2.0455855399385814"
"Part 4","Raw GloFAS","2023-01-08",14,"0.5","4.049181993210941","2.1972245773362196"
"Part 4","Raw GloFAS","2023-01-08",14,"0.65000000000000002","4.049181993210941","2.3639447387318491"
"Part 4","Raw GloFAS","2023-01-08",14,"0.80000000000000004","4.049181993210941","2.4944815426373887"
"Part 4","Raw GloFAS","2023-01-08",14,"0.94999999999999996","4.049181993210941","2.7139955371350224"
"Part 4","Raw GloFAS","2023-01-09",15,"0.050000000000000003","5.3643837104354439","1.3914618748567613"
"Part 4","Raw GloFAS","2023-01-09",15,"0.20000000000000001","5.3643837104354439","1.8151714248060318"
"Part 4","Raw GloFAS","2023-01-09",15,"0.34999999999999998","5.3643837104354439","1.9952173399677182"
"Part 4","Raw GloFAS","2023-01-09",15,"0.5","5.3643837104354439","2.158281603387612"
"Part 4","Raw GloFAS","2023-01-09",15,"0.65000000000000002","5.3643837104354439","2.3574558409526127"
"Part 4","Raw GloFAS","2023-01-09",15,"0.80000000000000004","5.3643837104354439","2.4772170613935516"
"Part 4","Raw GloFAS","2023-01-09",15,"0.94999999999999996","5.3643837104354439","2.7477057032765702"
"Part 4","Raw GloFAS","2023-01-10",16,"0.050000000000000003","4.0879218550918761","1.3001755813838192"
"Part 4","Raw GloFAS","2023-01-10",16,"0.20000000000000001","4.0879218550918761","1.8113570445087519"
"Part 4","Raw GloFAS","2023-01-10",16,"0.34999999999999998","4.0879218550918761","1.9790360355132761"
"Part 4","Raw GloFAS","2023-01-10",16,"0.5","4.0879218550918761","2.1867532774689238"
"Part 4","Raw GloFAS","2023-01-10",16,"0.65000000000000002","4.0879218550918761","2.3517457582081573"
"Part 4","Raw GloFAS","2023-01-10",16,"0.80000000000000004","4.0879218550918761","2.4349390779324134"
"Part 4","Raw GloFAS","2023-01-10",16,"0.94999999999999996","4.0879218550918761","2.6978726908660713"
"Part 4","Raw GloFAS","2023-01-11",17,"0.050000000000000003","3.9985463313635661","1.2074787588341829"
"Part 4","Raw GloFAS","2023-01-11",17,"0.20000000000000001","3.9985463313635661","1.759814567718021"
"Part 4","Raw GloFAS","2023-01-11",17,"0.34999999999999998","3.9985463313635661","1.9942674711003034"
"Part 4","Raw GloFAS","2023-01-11",17,"0.5","3.9985463313635661","2.1867532774689238"
"Part 4","Raw GloFAS","2023-01-11",17,"0.65000000000000002","3.9985463313635661","2.2858455367212951"
"Part 4","Raw GloFAS","2023-01-11",17,"0.80000000000000004","3.9985463313635661","2.4379888364629214"
"Part 4","Raw GloFAS","2023-01-11",17,"0.94999999999999996","3.9985463313635661","2.6828575802216132"
"Part 4","Raw GloFAS","2023-01-12",18,"0.050000000000000003","3.8772065627189893","1.1201749740104818"
"Part 4","Raw GloFAS","2023-01-12",18,"0.20000000000000001","3.8772065627189893","1.7121063555790874"
"Part 4","Raw GloFAS","2023-01-12",18,"0.34999999999999998","3.8772065627189893","1.9877808017671943"
"Part 4","Raw GloFAS","2023-01-12",18,"0.5","3.8772065627189893","2.12525107771113"
"Part 4","Raw GloFAS","2023-01-12",18,"0.65000000000000002","3.8772065627189893","2.1856531899974545"
"Part 4","Raw GloFAS","2023-01-12",18,"0.80000000000000004","3.8772065627189893","2.4118534231386168"
"Part 4","Raw GloFAS","2023-01-12",18,"0.94999999999999996","3.8772065627189893","2.7268085720432573"
"Part 4","Raw GloFAS","2023-01-13",19,"0.050000000000000003","3.9775516526665511","1.0406284649308968"
"Part 4","Raw GloFAS","2023-01-13",19,"0.20000000000000001","3.9775516526665511","1.6754485196146403"
"Part 4","Raw GloFAS","2023-01-13",19,"0.34999999999999998","3.9775516526665511","1.9207290118480902"
"Part 4","Raw GloFAS","2023-01-13",19,"0.5","3.9775516526665511","2.0355223077450004"
"Part 4","Raw GloFAS","2023-01-13",19,"0.65000000000000002","3.9775516526665511","2.12525107771113"
"Part 4","Raw GloFAS","2023-01-13",19,"0.80000000000000004","3.9775516526665511","2.3104525116774672"
"Part 4","Raw GloFAS","2023-01-13",19,"0.94999999999999996","3.9775516526665511","2.6930158306819934"
"Part 4","Raw GloFAS","2023-01-14",20,"0.050000000000000003","5.1108066526083364","1.1780127116833772"
"Part 4","Raw GloFAS","2023-01-14",20,"0.20000000000000001","5.1108066526083364","1.5829949330511983"
"Part 4","Raw GloFAS","2023-01-14",20,"0.34999999999999998","5.1108066526083364","1.8268981917616514"
"Part 4","Raw GloFAS","2023-01-14",20,"0.5","5.1108066526083364","1.9570090421233621"
"Part 4","Raw GloFAS","2023-01-14",20,"0.65000000000000002","5.1108066526083364","2.0662357586707212"
"Part 4","Raw GloFAS","2023-01-14",20,"0.80000000000000004","5.1108066526083364","2.270063654925889"
"Part 4","Raw GloFAS","2023-01-14",20,"0.94999999999999996","5.1108066526083364","2.6051159165020072"
"Part 4","Raw GloFAS","2023-01-15",21,"0.050000000000000003","4.2457763669416542","1.1330494916349538"
"Part 4","Raw GloFAS","2023-01-15",21,"0.20000000000000001","4.2457763669416542","1.491727381439107"
"Part 4","Raw GloFAS","2023-01-15",21,"0.34999999999999998","4.2457763669416542","1.7395413829369475"
"Part 4","Raw GloFAS","2023-01-15",21,"0.5","4.2457763669416542","1.890850371872286"
"Part 4","Raw GloFAS","2023-01-15",21,"0.65000000000000002","4.2457763669416542","2.0706095159663769"
"Part 4","Raw GloFAS","2023-01-15",21,"0.80000000000000004","4.2457763669416542","2.2656025480145554"
"Part 4","Raw GloFAS","2023-01-15",21,"0.94999999999999996","4.2457763669416542","2.6991055182393708"
"Part 4","Raw GloFAS","2023-01-16",22,"0.050000000000000003","4.4668641404166651","1.0467880460515135"
"Part 4","Raw GloFAS","2023-01-16",22,"0.20000000000000001","4.4668641404166651","1.4006733762572436"
"Part 4","Raw GloFAS","2023-01-16",22,"0.34999999999999998","4.4668641404166651","1.6450084087064312"
"Part 4","Raw GloFAS","2023-01-16",22,"0.5","4.4668641404166651","1.8474700762420608"
"Part 4","Raw GloFAS","2023-01-16",22,"0.65000000000000002","4.4668641404166651","1.9910793433280176"
"Part 4","Raw GloFAS","2023-01-16",22,"0.80000000000000004","4.4668641404166651","2.189609395893096"
"Part 4","Raw GloFAS","2023-01-16",22,"0.94999999999999996","4.4668641404166651","2.6574079914295647"
"Part 4","Raw GloFAS","2023-01-17",23,"0.050000000000000003","3.8105279137394619","0.96364592576752706"
"Part 4","Raw GloFAS","2023-01-17",23,"0.20000000000000001","3.8105279137394619","1.3656500912243952"
"Part 4","Raw GloFAS","2023-01-17",23,"0.34999999999999998","3.8105279137394619","1.5770046604943064"
"Part 4","Raw GloFAS","2023-01-17",23,"0.5","3.8105279137394619","1.7707060600302227"
"Part 4","Raw GloFAS","2023-01-17",23,"0.65000000000000002","3.8105279137394619","1.9259310690174247"
"Part 4","Raw GloFAS","2023-01-17",23,"0.80000000000000004","3.8105279137394619","2.243344662556483"
"Part 4","Raw GloFAS","2023-01-17",23,"0.94999999999999996","3.8105279137394619","2.6021501082606191"
"Part 4","Raw GloFAS","2023-01-18",24,"0.050000000000000003","3.4344986026020616","0.88596207236876667"
"Part 4","Raw GloFAS","2023-01-18",24,"0.20000000000000001","3.4344986026020616","1.2755995005218823"
"Part 4","Raw GloFAS","2023-01-18",24,"0.34999999999999998","3.4344986026020616","1.4946568860743392"
"Part 4","Raw GloFAS","2023-01-18",24,"0.5","3.4344986026020616","1.6875556916980523"
"Part 4","Raw GloFAS","2023-01-18",24,"0.65000000000000002","3.4344986026020616","1.8370609350699652"
"Part 4","Raw GloFAS","2023-01-18",24,"0.80000000000000004","3.4344986026020616","2.1535770206429148"
"Part 4","Raw GloFAS","2023-01-18",24,"0.94999999999999996","3.4344986026020616","2.4994340765110739"
"Part 4","Raw GloFAS","2023-01-19",25,"0.050000000000000003","3.240664948447991","0.80172189528846749"
"Part 4","Raw GloFAS","2023-01-19",25,"0.20000000000000001","3.240664948447991","1.1920023822294601"
"Part 4","Raw GloFAS","2023-01-19",25,"0.34999999999999998","3.240664948447991","1.4234864536224148"
"Part 4","Raw GloFAS","2023-01-19",25,"0.5","3.240664948447991","1.6432352920173909"
"Part 4","Raw GloFAS","2023-01-19",25,"0.65000000000000002","3.240664948447991","1.8481568900026839"
"Part 4","Raw GloFAS","2023-01-19",25,"0.80000000000000004","3.240664948447991","2.0901587248146707"
"Part 4","Raw GloFAS","2023-01-19",25,"0.94999999999999996","3.240664948447991","2.4771853937183232"
"Part 4","Raw GloFAS","2023-01-20",26,"0.050000000000000003","3.031911928922864","0.72499900545782892"
"Part 4","Raw GloFAS","2023-01-20",26,"0.20000000000000001","3.031911928922864","1.1202389773086199"
"Part 4","Raw GloFAS","2023-01-20",26,"0.34999999999999998","3.031911928922864","1.3882058875558847"
"Part 4","Raw GloFAS","2023-01-20",26,"0.5","3.031911928922864","1.603168299420505"
"Part 4","Raw GloFAS","2023-01-20",26,"0.65000000000000002","3.031911928922864","1.7986804955516407"
"Part 4","Raw GloFAS","2023-01-20",26,"0.80000000000000004","3.031911928922864","1.9961154076643646"
"Part 4","Raw GloFAS","2023-01-20",26,"0.94999999999999996","3.031911928922864","2.4293647926146211"
"Part 4","Raw GloFAS","2023-01-21",27,"0.050000000000000003","2.8691474946255924","0.88108063705974604"
"Part 4","Raw GloFAS","2023-01-21",27,"0.20000000000000001","2.8691474946255924","1.1293839473348632"
"Part 4","Raw GloFAS","2023-01-21",27,"0.34999999999999998","2.8691474946255924","1.2985250362377609"
"Part 4","Raw GloFAS","2023-01-21",27,"0.5","2.8691474946255924","1.5109978396208479"
"Part 4","Raw GloFAS","2023-01-21",27,"0.65000000000000002","2.8691474946255924","1.7634378714296255"
"Part 4","Raw GloFAS","2023-01-21",27,"0.80000000000000004","2.8691474946255924","1.9373529970053374"
"Part 4","Raw GloFAS","2023-01-21",27,"0.94999999999999996","2.8691474946255924","2.4415153401908398"
"Part 4","Raw GloFAS","2023-01-22",28,"0.050000000000000003","2.7498195670252312","0.81125541901939535"
"Part 4","Raw GloFAS","2023-01-22",28,"0.20000000000000001","2.7498195670252312","1.077216814687715"
"Part 4","Raw GloFAS","2023-01-22",28,"0.34999999999999998","2.7498195670252312","1.3188330799949832"
"Part 4","Raw GloFAS","2023-01-22",28,"0.5","2.7498195670252312","1.5212895256573955"
"Part 4","Raw GloFAS","2023-01-22",28,"0.65000000000000002","2.7498195670252312","1.7632041280317741"
"Part 4","Raw GloFAS","2023-01-22",28,"0.80000000000000004","2.7498195670252312","1.9615493952308782"
"Part 4","Raw GloFAS","2023-01-22",28,"0.94999999999999996","2.7498195670252312","2.3536160419646337"
