"fit_id","model_id","model_family","quantile_level","qhat","y_reference","q_g_hat","d_g_hat","raw_glofas_quantile","discrepancy_hat","discrepancy_feature_date","prediction_contract","contract_version","forecast_scope","q_g_source","discrepancy_feature_strategy","prediction_unit","posterior_draw_contract","posterior_predictive_sampling","beyond_issued_horizon","origin_date","target_date","horizon","qhat_summary","source_model_id","source_run_id","source_quantile_id","qhat_monotone","check_loss_independent","check_loss_monotone","check_loss"
"raw_glofas_transition_full7_p05","raw_glofas_fr09_authoritative","raw_glofas",0.05,0.271933715483642,0.564683774756493,0.271933715483642,,0.271933715483642,,"","raw_glofas_ensemble_quantile",0.3,"issued_glofas_only","ensemble_empirical_quantile","none","raw_point_baseline","not_applicable","not_applicable","disabled",2022-12-25,2022-12-26,1,"","raw_glofas_transition_full7_p05","glofas_fit_recovery_transition_full7_20260808_fr09_persistence_innovation_p05","p05",0.271933715483642,0.0146375029636426,0.0146375029636426,0.0146375029636426
"raw_glofas_transition_full7_p15","raw_glofas_fr09_authoritative","raw_glofas",0.15,0.271933715483642,0.564683774756493,0.271933715483642,,0.271933715483642,,"","raw_glofas_ensemble_quantile",0.3,"issued_glofas_only","ensemble_empirical_quantile","none","raw_point_baseline","not_applicable","not_applicable","disabled",2022-12-25,2022-12-26,1,"","raw_glofas_transition_full7_p15","glofas_fit_recovery_transition_full7_20260808_fr09_persistence_innovation_p15","p15",0.271933715483642,0.0439125088909277,0.0439125088909277,0.0439125088909277
"raw_glofas_transition_full7_p35","raw_glofas_fr09_authoritative","raw_glofas",0.35,0.271933715483642,0.564683774756493,0.271933715483642,,0.271933715483642,,"","raw_glofas_ensemble_quantile",0.3,"issued_glofas_only","ensemble_empirical_quantile","none","raw_point_baseline","not_applicable","not_applicable","disabled",2022-12-25,2022-12-26,1,"","raw_glofas_transition_full7_p35","glofas_fit_recovery_transition_full7_20260808_fr09_persistence_innovation_p35","p35",0.271933715483642,0.102462520745498,0.102462520745498,0.102462520745498
"raw_glofas_transition_full7_p50","raw_glofas_fr09_authoritative","raw_glofas",0.5,0.271933715483642,0.564683774756493,0.271933715483642,,0.271933715483642,,"","raw_glofas_ensemble_quantile",0.3,"issued_glofas_only","ensemble_empirical_quantile","none","raw_point_baseline","not_applicable","not_applicable","disabled",2022-12-25,2022-12-26,1,"","raw_glofas_transition_full7_p50","glofas_fit_recovery_transition_full7_20260808_fr09_persistence_innovation_p50","p50",0.271933715483642,0.146375029636426,0.146375029636426,0.146375029636426
"raw_glofas_transition_full7_p65","raw_glofas_fr09_authoritative","raw_glofas",0.65,0.271933715483642,0.564683774756493,0.271933715483642,,0.271933715483642,,"","raw_glofas_ensemble_quantile",0.3,"issued_glofas_only","ensemble_empirical_quantile","none","raw_point_baseline","not_applicable","not_applicable","disabled",2022-12-25,2022-12-26,1,"","raw_glofas_transition_full7_p65","glofas_fit_recovery_transition_full7_20260808_fr09_persistence_innovation_p65","p65",0.271933715483642,0.190287538527353,0.190287538527353,0.190287538527353
"raw_glofas_transition_full7_p80","raw_glofas_fr09_authoritative","raw_glofas",0.8,0.271933715483642,0.564683774756493,0.271933715483642,,0.271933715483642,,"","raw_glofas_ensemble_quantile",0.3,"issued_glofas_only","ensemble_empirical_quantile","none","raw_point_baseline","not_applicable","not_applicable","disabled",2022-12-25,2022-12-26,1,"","raw_glofas_transition_full7_p80","glofas_fit_recovery_transition_full7_20260808_fr09_persistence_innovation_p80","p80",0.271933715483642,0.234200047418281,0.234200047418281,0.234200047418281
"raw_glofas_transition_full7_p95","raw_glofas_fr09_authoritative","raw_glofas",0.95,0.271933715483642,0.564683774756493,0.271933715483642,,0.271933715483642,,"","raw_glofas_ensemble_quantile",0.3,"issued_glofas_only","ensemble_empirical_quantile","none","raw_point_baseline","not_applicable","not_applicable","disabled",2022-12-25,2022-12-26,1,"","raw_glofas_transition_full7_p95","glofas_fit_recovery_transition_full7_20260808_fr09_persistence_innovation_p95","p95",0.271933715483642,0.278112556309208,0.278112556309209,0.278112556309209
"raw_glofas_transition_full7_p05","raw_glofas_fr09_authoritative","raw_glofas",0.05,0.277868451003456,3.15146636258413,0.277868451003456,,0.277868451003456,,"","raw_glofas_ensemble_quantile",0.3,"issued_glofas_only","ensemble_empirical_quantile","none","raw_point_baseline","not_applicable","not_applicable","disabled",2022-12-25,2022-12-27,2,"","raw_glofas_transition_full7_p05","glofas_fit_recovery_transition_full7_20260808_fr09_persistence_innovation_p05","p05",0.277868451003456,0.143679895579034,0.143679895579034,0.143679895579034
"raw_glofas_transition_full7_p15","raw_glofas_fr09_authoritative","raw_glofas",0.15,0.277868451003456,3.15146636258413,0.277868451003456,,0.277868451003456,,"","raw_glofas_ensemble_quantile",0.3,"issued_glofas_only","ensemble_empirical_quantile","none","raw_point_baseline","not_applicable","not_applicable","disabled",2022-12-25,2022-12-27,2,"","raw_glofas_transition_full7_p15","glofas_fit_recovery_transition_full7_20260808_fr09_persistence_innovation_p15","p15",0.277868451003456,0.431039686737101,0.431039686737101,0.431039686737101
"raw_glofas_transition_full7_p35","raw_glofas_fr09_authoritative","raw_glofas",0.35,0.283768173130645,3.15146636258413,0.283768173130645,,0.283768173130645,,"","raw_glofas_ensemble_quantile",0.3,"issued_glofas_only","ensemble_empirical_quantile","none","raw_point_baseline","not_applicable","not_applicable","disabled",2022-12-25,2022-12-27,2,"","raw_glofas_transition_full7_p35","glofas_fit_recovery_transition_full7_20260808_fr09_persistence_innovation_p35","p35",0.283768173130645,1.00369436630872,1.00369436630872,1.00369436630872
"raw_glofas_transition_full7_p50","raw_glofas_fr09_authoritative","raw_glofas",0.5,0.283768173130645,3.15146636258413,0.283768173130645,,0.283768173130645,,"","raw_glofas_ensemble_quantile",0.3,"issued_glofas_only","ensemble_empirical_quantile","none","raw_point_baseline","not_applicable","not_applicable","disabled",2022-12-25,2022-12-27,2,"","raw_glofas_transition_full7_p50","glofas_fit_recovery_transition_full7_20260808_fr09_persistence_innovation_p50","p50",0.283768173130645,1.43384909472674,1.43384909472674,1.43384909472674
"raw_glofas_transition_full7_p65","raw_glofas_fr09_authoritative","raw_glofas",0.65,0.286700732856844,3.15146636258413,0.286700732856844,,0.286700732856844,,"","raw_glofas_ensemble_quantile",0.3,"issued_glofas_only","ensemble_empirical_quantile","none","raw_point_baseline","not_applicable","not_applicable","disabled",2022-12-25,2022-12-27,2,"","raw_glofas_transition_full7_p65","glofas_fit_recovery_transition_full7_20260808_fr09_persistence_innovation_p65","p65",0.286700732856844,1.86209765932274,1.86209765932274,1.86209765932274
"raw_glofas_transition_full7_p80","raw_glofas_fr09_authoritative","raw_glofas",0.8,0.329753286372468,3.15146636258413,0.329753286372468,,0.329753286372468,,"","raw_glofas_ensemble_quantile",0.3,"issued_glofas_only","ensemble_empirical_quantile","none","raw_point_baseline","not_applicable","not_applicable","disabled",2022-12-25,2022-12-27,2,"","raw_glofas_transition_full7_p80","glofas_fit_recovery_transition_full7_20260808_fr09_persistence_innovation_p80","p80",0.329753286372468,2.25737046096933,2.25737046096933,2.25737046096933
"raw_glofas_transition_full7_p95","raw_glofas_fr09_authoritative","raw_glofas",0.95,0.641767313581061,3.15146636258413,0.641767313581061,,0.641767313581061,,"","raw_glofas_ensemble_quantile",0.3,"issued_glofas_only","ensemble_empirical_quantile","none","raw_point_baseline","not_applicable","not_applicable","disabled",2022-12-25,2022-12-27,2,"","raw_glofas_transition_full7_p95","glofas_fit_recovery_transition_full7_20260808_fr09_persistence_innovation_p95","p95",0.641767313581061,2.38421409655292,2.38421409655292,2.38421409655292
"raw_glofas_transition_full7_p05","raw_glofas_fr09_authoritative","raw_glofas",0.05,0.83646532994508,2.22662362649429,0.83646532994508,,0.83646532994508,,"","raw_glofas_ensemble_quantile",0.3,"issued_glofas_only","ensemble_empirical_quantile","none","raw_point_baseline","not_applicable","not_applicable","disabled",2022-12-25,2022-12-28,3,"","raw_glofas_transition_full7_p05","glofas_fit_recovery_transition_full7_20260808_fr09_persistence_innovation_p05","p05",0.83646532994508,0.0695079148274605,0.0695079148274605,0.0695079148274605
"raw_glofas_transition_full7_p15","raw_glofas_fr09_authoritative","raw_glofas",0.15,0.959070388945095,2.22662362649429,0.959070388945095,,0.959070388945095,,"","raw_glofas_ensemble_quantile",0.3,"issued_glofas_only","ensemble_empirical_quantile","none","raw_point_baseline","not_applicable","not_applicable","disabled",2022-12-25,2022-12-28,3,"","raw_glofas_transition_full7_p15","glofas_fit_recovery_transition_full7_20260808_fr09_persistence_innovation_p15","p15",0.959070388945095,0.190132985632379,0.190132985632379,0.190132985632379
"raw_glofas_transition_full7_p35","raw_glofas_fr09_authoritative","raw_glofas",0.35,1.04923507957231,2.22662362649429,1.04923507957231,,1.04923507957231,,"","raw_glofas_ensemble_quantile",0.3,"issued_glofas_only","ensemble_empirical_quantile","none","raw_point_baseline","not_applicable","not_applicable","disabled",2022-12-25,2022-12-28,3,"","raw_glofas_transition_full7_p35","glofas_fit_recovery_transition_full7_20260808_fr09_persistence_innovation_p35","p35",1.04923507957231,0.412085991422693,0.412085991422693,0.412085991422693
"raw_glofas_transition_full7_p50","raw_glofas_fr09_authoritative","raw_glofas",0.5,1.1268555009815,2.22662362649429,1.1268555009815,,1.1268555009815,,"","raw_glofas_ensemble_quantile",0.3,"issued_glofas_only","ensemble_empirical_quantile","none","raw_point_baseline","not_applicable","not_applicable","disabled",2022-12-25,2022-12-28,3,"","raw_glofas_transition_full7_p50","glofas_fit_recovery_transition_full7_20260808_fr09_persistence_innovation_p50","p50",1.1268555009815,0.549884062756395,0.549884062756395,0.549884062756395
"raw_glofas_transition_full7_p65","raw_glofas_fr09_authoritative","raw_glofas",0.65,1.22079920556516,2.22662362649429,1.22079920556516,,1.22079920556516,,"","raw_glofas_ensemble_quantile",0.3,"issued_glofas_only","ensemble_empirical_quantile","none","raw_point_baseline","not_applicable","not_applicable","disabled",2022-12-25,2022-12-28,3,"","raw_glofas_transition_full7_p65","glofas_fit_recovery_transition_full7_20260808_fr09_persistence_innovation_p65","p65",1.22079920556516,0.653785873603934,0.653785873603934,0.653785873603934
"raw_glofas_transition_full7_p80","raw_glofas_fr09_authoritative","raw_glofas",0.8,1.3028278300968,2.22662362649429,1.3028278300968,,1.3028278300968,,"","raw_glofas_ensemble_quantile",0.3,"issued_glofas_only","ensemble_empirical_quantile","none","raw_point_baseline","not_applicable","not_applicable","disabled",2022-12-25,2022-12-28,3,"","raw_glofas_transition_full7_p80","glofas_fit_recovery_transition_full7_20260808_fr09_persistence_innovation_p80","p80",1.3028278300968,0.739036637117992,0.739036637117992,0.739036637117992
"raw_glofas_transition_full7_p95","raw_glofas_fr09_authoritative","raw_glofas",0.95,1.51312766088714,2.22662362649429,1.51312766088714,,1.51312766088714,,"","raw_glofas_ensemble_quantile",0.3,"issued_glofas_only","ensemble_empirical_quantile","none","raw_point_baseline","not_applicable","not_applicable","disabled",2022-12-25,2022-12-28,3,"","raw_glofas_transition_full7_p95","glofas_fit_recovery_transition_full7_20260808_fr09_persistence_innovation_p95","p95",1.51312766088714,0.677821167326792,0.677821167326793,0.677821167326793
"raw_glofas_transition_full7_p05","raw_glofas_fr09_authoritative","raw_glofas",0.05,0.927167655587876,1.7553629240914,0.927167655587876,,0.927167655587876,,"","raw_glofas_ensemble_quantile",0.3,"issued_glofas_only","ensemble_empirical_quantile","none","raw_point_baseline","not_applicable","not_applicable","disabled",2022-12-25,2022-12-29,4,"","raw_glofas_transition_full7_p05","glofas_fit_recovery_transition_full7_20260808_fr09_persistence_innovation_p05","p05",0.927167655587876,0.0414097634251762,0.0414097634251762,0.0414097634251762
"raw_glofas_transition_full7_p15","raw_glofas_fr09_authoritative","raw_glofas",0.15,0.994408511138107,1.7553629240914,0.994408511138107,,0.994408511138107,,"","raw_glofas_ensemble_quantile",0.3,"issued_glofas_only","ensemble_empirical_quantile","none","raw_point_baseline","not_applicable","not_applicable","disabled",2022-12-25,2022-12-29,4,"","raw_glofas_transition_full7_p15","glofas_fit_recovery_transition_full7_20260808_fr09_persistence_innovation_p15","p15",0.994408511138107,0.114143161942994,0.114143161942994,0.114143161942994
"raw_glofas_transition_full7_p35","raw_glofas_fr09_authoritative","raw_glofas",0.35,1.09338691823406,1.7553629240914,1.09338691823406,,1.09338691823406,,"","raw_glofas_ensemble_quantile",0.3,"issued_glofas_only","ensemble_empirical_quantile","none","raw_point_baseline","not_applicable","not_applicable","disabled",2022-12-25,2022-12-29,4,"","raw_glofas_transition_full7_p35","glofas_fit_recovery_transition_full7_20260808_fr09_persistence_innovation_p35","p35",1.09338691823406,0.231691602050069,0.231691602050069,0.231691602050069
"raw_glofas_transition_full7_p50","raw_glofas_fr09_authoritative","raw_glofas",0.5,1.1738357099057,1.7553629240914,1.1738357099057,,1.1738357099057,,"","raw_glofas_ensemble_quantile",0.3,"issued_glofas_only","ensemble_empirical_quantile","none","raw_point_baseline","not_applicable","not_applicable","disabled",2022-12-25,2022-12-29,4,"","raw_glofas_transition_full7_p50","glofas_fit_recovery_transition_full7_20260808_fr09_persistence_innovation_p50","p50",1.1738357099057,0.29076360709285,0.29076360709285,0.29076360709285
"raw_glofas_transition_full7_p65","raw_glofas_fr09_authoritative","raw_glofas",0.65,1.26602811951966,1.7553629240914,1.26602811951966,,1.26602811951966,,"","raw_glofas_ensemble_quantile",0.3,"issued_glofas_only","ensemble_empirical_quantile","none","raw_point_baseline","not_applicable","not_applicable","disabled",2022-12-25,2022-12-29,4,"","raw_glofas_transition_full7_p65","glofas_fit_recovery_transition_full7_20260808_fr09_persistence_innovation_p65","p65",1.26602811951966,0.318067622971631,0.318067622971631,0.318067622971631
"raw_glofas_transition_full7_p80","raw_glofas_fr09_authoritative","raw_glofas",0.8,1.39794497833987,1.7553629240914,1.39794497833987,,1.39794497833987,,"","raw_glofas_ensemble_quantile",0.3,"issued_glofas_only","ensemble_empirical_quantile","none","raw_point_baseline","not_applicable","not_applicable","disabled",2022-12-25,2022-12-29,4,"","raw_glofas_transition_full7_p80","glofas_fit_recovery_transition_full7_20260808_fr09_persistence_innovation_p80","p80",1.39794497833987,0.285934356601224,0.285934356601224,0.285934356601224
"raw_glofas_transition_full7_p95","raw_glofas_fr09_authoritative","raw_glofas",0.95,1.54995705816708,1.7553629240914,1.54995705816708,,1.54995705816708,,"","raw_glofas_ensemble_quantile",0.3,"issued_glofas_only","ensemble_empirical_quantile","none","raw_point_baseline","not_applicable","not_applicable","disabled",2022-12-25,2022-12-29,4,"","raw_glofas_transition_full7_p95","glofas_fit_recovery_transition_full7_20260808_fr09_persistence_innovation_p95","p95",1.54995705816708,0.195135572628104,0.195135572628105,0.195135572628105
"raw_glofas_transition_full7_p05","raw_glofas_fr09_authoritative","raw_glofas",0.05,1.02132780309448,2.74437307549665,1.02132780309448,,1.02132780309448,,"","raw_glofas_ensemble_quantile",0.3,"issued_glofas_only","ensemble_empirical_quantile","none","raw_point_baseline","not_applicable","not_applicable","disabled",2022-12-25,2022-12-30,5,"","raw_glofas_transition_full7_p05","glofas_fit_recovery_transition_full7_20260808_fr09_persistence_innovation_p05","p05",1.02132780309448,0.0861522636201085,0.0861522636201085,0.0861522636201085
"raw_glofas_transition_full7_p15","raw_glofas_fr09_authoritative","raw_glofas",0.15,1.15923390682308,2.74437307549665,1.15923390682308,,1.15923390682308,,"","raw_glofas_ensemble_quantile",0.3,"issued_glofas_only","ensemble_empirical_quantile","none","raw_point_baseline","not_applicable","not_applicable","disabled",2022-12-25,2022-12-30,5,"","raw_glofas_transition_full7_p15","glofas_fit_recovery_transition_full7_20260808_fr09_persistence_innovation_p15","p15",1.15923390682308,0.237770875301036,0.237770875301036,0.237770875301036
"raw_glofas_transition_full7_p35","raw_glofas_fr09_authoritative","raw_glofas",0.35,1.22790031294312,2.74437307549665,1.22790031294312,,1.22790031294312,,"","raw_glofas_ensemble_quantile",0.3,"issued_glofas_only","ensemble_empirical_quantile","none","raw_point_baseline","not_applicable","not_applicable","disabled",2022-12-25,2022-12-30,5,"","raw_glofas_transition_full7_p35","glofas_fit_recovery_transition_full7_20260808_fr09_persistence_innovation_p35","p35",1.22790031294312,0.530765466893735,0.530765466893736,0.530765466893736
"raw_glofas_transition_full7_p50","raw_glofas_fr09_authoritative","raw_glofas",0.5,1.33005464279701,2.74437307549665,1.33005464279701,,1.33005464279701,,"","raw_glofas_ensemble_quantile",0.3,"issued_glofas_only","ensemble_empirical_quantile","none","raw_point_baseline","not_applicable","not_applicable","disabled",2022-12-25,2022-12-30,5,"","raw_glofas_transition_full7_p50","glofas_fit_recovery_transition_full7_20260808_fr09_persistence_innovation_p50","p50",1.33005464279701,0.70715921634982,0.70715921634982,0.70715921634982
"raw_glofas_transition_full7_p65","raw_glofas_fr09_authoritative","raw_glofas",0.65,1.46783469941767,2.74437307549665,1.46783469941767,,1.46783469941767,,"","raw_glofas_ensemble_quantile",0.3,"issued_glofas_only","ensemble_empirical_quantile","none","raw_point_baseline","not_applicable","not_applicable","disabled",2022-12-25,2022-12-30,5,"","raw_glofas_transition_full7_p65","glofas_fit_recovery_transition_full7_20260808_fr09_persistence_innovation_p65","p65",1.46783469941767,0.829749944451337,0.829749944451337,0.829749944451337
"raw_glofas_transition_full7_p80","raw_glofas_fr09_authoritative","raw_glofas",0.8,1.55319819411122,2.74437307549665,1.55319819411122,,1.55319819411122,,"","raw_glofas_ensemble_quantile",0.3,"issued_glofas_only","ensemble_empirical_quantile","none","raw_point_baseline","not_applicable","not_applicable","disabled",2022-12-25,2022-12-30,5,"","raw_glofas_transition_full7_p80","glofas_fit_recovery_transition_full7_20260808_fr09_persistence_innovation_p80","p80",1.55319819411122,0.952939905108344,0.952939905108344,0.952939905108344
"raw_glofas_transition_full7_p95","raw_glofas_fr09_authoritative","raw_glofas",0.95,1.69259842171405,2.74437307549665,1.69259842171405,,1.69259842171405,,"","raw_glofas_ensemble_quantile",0.3,"issued_glofas_only","ensemble_empirical_quantile","none","raw_point_baseline","not_applicable","not_applicable","disabled",2022-12-25,2022-12-30,5,"","raw_glofas_transition_full7_p95","glofas_fit_recovery_transition_full7_20260808_fr09_persistence_innovation_p95","p95",1.69259842171405,0.99918592109347,0.99918592109347,0.99918592109347
"raw_glofas_transition_full7_p05","raw_glofas_fr09_authoritative","raw_glofas",0.05,1.27729754004953,5.22981641170739,1.27729754004953,,1.27729754004953,,"","raw_glofas_ensemble_quantile",0.3,"issued_glofas_only","ensemble_empirical_quantile","none","raw_point_baseline","not_applicable","not_applicable","disabled",2022-12-25,2022-12-31,6,"","raw_glofas_transition_full7_p05","glofas_fit_recovery_transition_full7_20260808_fr09_persistence_innovation_p05","p05",1.27729754004953,0.197625943582893,0.197625943582893,0.197625943582893
"raw_glofas_transition_full7_p15","raw_glofas_fr09_authoritative","raw_glofas",0.15,1.42929052800564,5.22981641170739,1.42929052800564,,1.42929052800564,,"","raw_glofas_ensemble_quantile",0.3,"issued_glofas_only","ensemble_empirical_quantile","none","raw_point_baseline","not_applicable","not_applicable","disabled",2022-12-25,2022-12-31,6,"","raw_glofas_transition_full7_p15","glofas_fit_recovery_transition_full7_20260808_fr09_persistence_innovation_p15","p15",1.42929052800564,0.570078882555263,0.570078882555263,0.570078882555263
"raw_glofas_transition_full7_p35","raw_glofas_fr09_authoritative","raw_glofas",0.35,1.57768791338942,5.22981641170739,1.57768791338942,,1.57768791338942,,"","raw_glofas_ensemble_quantile",0.3,"issued_glofas_only","ensemble_empirical_quantile","none","raw_point_baseline","not_applicable","not_applicable","disabled",2022-12-25,2022-12-31,6,"","raw_glofas_transition_full7_p35","glofas_fit_recovery_transition_full7_20260808_fr09_persistence_innovation_p35","p35",1.57768791338942,1.27824497441129,1.27824497441129,1.27824497441129
"raw_glofas_transition_full7_p50","raw_glofas_fr09_authoritative","raw_glofas",0.5,1.6715320422299,5.22981641170739,1.6715320422299,,1.6715320422299,,"","raw_glofas_ensemble_quantile",0.3,"issued_glofas_only","ensemble_empirical_quantile","none","raw_point_baseline","not_applicable","not_applicable","disabled",2022-12-25,2022-12-31,6,"","raw_glofas_transition_full7_p50","glofas_fit_recovery_transition_full7_20260808_fr09_persistence_innovation_p50","p50",1.6715320422299,1.77914218473875,1.77914218473875,1.77914218473875
"raw_glofas_transition_full7_p65","raw_glofas_fr09_authoritative","raw_glofas",0.65,1.70828667742547,5.22981641170739,1.70828667742547,,1.70828667742547,,"","raw_glofas_ensemble_quantile",0.3,"issued_glofas_only","ensemble_empirical_quantile","none","raw_point_baseline","not_applicable","not_applicable","disabled",2022-12-25,2022-12-31,6,"","raw_glofas_transition_full7_p65","glofas_fit_recovery_transition_full7_20260808_fr09_persistence_innovation_p65","p65",1.70828667742547,2.28899432728325,2.28899432728325,2.28899432728325
"raw_glofas_transition_full7_p80","raw_glofas_fr09_authoritative","raw_glofas",0.8,1.82126770384804,5.22981641170739,1.82126770384804,,1.82126770384804,,"","raw_glofas_ensemble_quantile",0.3,"issued_glofas_only","ensemble_empirical_quantile","none","raw_point_baseline","not_applicable","not_applicable","disabled",2022-12-25,2022-12-31,6,"","raw_glofas_transition_full7_p80","glofas_fit_recovery_transition_full7_20260808_fr09_persistence_innovation_p80","p80",1.82126770384804,2.72683896628748,2.72683896628748,2.72683896628748
"raw_glofas_transition_full7_p95","raw_glofas_fr09_authoritative","raw_glofas",0.95,2.04920063203768,5.22981641170739,2.04920063203768,,2.04920063203768,,"","raw_glofas_ensemble_quantile",0.3,"issued_glofas_only","ensemble_empirical_quantile","none","raw_point_baseline","not_applicable","not_applicable","disabled",2022-12-25,2022-12-31,6,"","raw_glofas_transition_full7_p95","glofas_fit_recovery_transition_full7_20260808_fr09_persistence_innovation_p95","p95",2.04920063203768,3.02158499068622,3.02158499068622,3.02158499068622
"raw_glofas_transition_full7_p05","raw_glofas_fr09_authoritative","raw_glofas",0.05,1.50392666997048,3.81677670514748,1.50392666997048,,1.50392666997048,,"","raw_glofas_ensemble_quantile",0.3,"issued_glofas_only","ensemble_empirical_quantile","none","raw_point_baseline","not_applicable","not_applicable","disabled",2022-12-25,2023-01-01,7,"","raw_glofas_transition_full7_p05","glofas_fit_recovery_transition_full7_20260808_fr09_persistence_innovation_p05","p05",1.50392666997048,0.11564250175885,0.11564250175885,0.11564250175885
"raw_glofas_transition_full7_p15","raw_glofas_fr09_authoritative","raw_glofas",0.15,1.60708865204332,3.81677670514748,1.60708865204332,,1.60708865204332,,"","raw_glofas_ensemble_quantile",0.3,"issued_glofas_only","ensemble_empirical_quantile","none","raw_point_baseline","not_applicable","not_applicable","disabled",2022-12-25,2023-01-01,7,"","raw_glofas_transition_full7_p15","glofas_fit_recovery_transition_full7_20260808_fr09_persistence_innovation_p15","p15",1.60708865204332,0.331453207965624,0.331453207965624,0.331453207965624
"raw_glofas_transition_full7_p35","raw_glofas_fr09_authoritative","raw_glofas",0.35,1.82617813561359,3.81677670514748,1.82617813561359,,1.82617813561359,,"","raw_glofas_ensemble_quantile",0.3,"issued_glofas_only","ensemble_empirical_quantile","none","raw_point_baseline","not_applicable","not_applicable","disabled",2022-12-25,2023-01-01,7,"","raw_glofas_transition_full7_p35","glofas_fit_recovery_transition_full7_20260808_fr09_persistence_innovation_p35","p35",1.82617813561359,0.696709499336861,0.696709499336862,0.696709499336862
"raw_glofas_transition_full7_p50","raw_glofas_fr09_authoritative","raw_glofas",0.5,1.94031416355119,3.81677670514748,1.94031416355119,,1.94031416355119,,"","raw_glofas_ensemble_quantile",0.3,"issued_glofas_only","ensemble_empirical_quantile","none","raw_point_baseline","not_applicable","not_applicable","disabled",2022-12-25,2023-01-01,7,"","raw_glofas_transition_full7_p50","glofas_fit_recovery_transition_full7_20260808_fr09_persistence_innovation_p50","p50",1.94031416355119,0.938231270798145,0.938231270798145,0.938231270798145
"raw_glofas_transition_full7_p65","raw_glofas_fr09_authoritative","raw_glofas",0.65,2.0065209783999,3.81677670514748,2.0065209783999,,2.0065209783999,,"","raw_glofas_ensemble_quantile",0.3,"issued_glofas_only","ensemble_empirical_quantile","none","raw_point_baseline","not_applicable","not_applicable","disabled",2022-12-25,2023-01-01,7,"","raw_glofas_transition_full7_p65","glofas_fit_recovery_transition_full7_20260808_fr09_persistence_innovation_p65","p65",2.0065209783999,1.17666622238593,1.17666622238593,1.17666622238593
"raw_glofas_transition_full7_p80","raw_glofas_fr09_authoritative","raw_glofas",0.8,2.09302079980622,3.81677670514748,2.09302079980622,,2.09302079980622,,"","raw_glofas_ensemble_quantile",0.3,"issued_glofas_only","ensemble_empirical_quantile","none","raw_point_baseline","not_applicable","not_applicable","disabled",2022-12-25,2023-01-01,7,"","raw_glofas_transition_full7_p80","glofas_fit_recovery_transition_full7_20260808_fr09_persistence_innovation_p80","p80",2.09302079980622,1.37900472427301,1.37900472427301,1.37900472427301
"raw_glofas_transition_full7_p95","raw_glofas_fr09_authoritative","raw_glofas",0.95,2.29826164498126,3.81677670514748,2.29826164498126,,2.29826164498126,,"","raw_glofas_ensemble_quantile",0.3,"issued_glofas_only","ensemble_empirical_quantile","none","raw_point_baseline","not_applicable","not_applicable","disabled",2022-12-25,2023-01-01,7,"","raw_glofas_transition_full7_p95","glofas_fit_recovery_transition_full7_20260808_fr09_persistence_innovation_p95","p95",2.29826164498126,1.44258930715791,1.44258930715791,1.44258930715791
"raw_glofas_transition_full7_p05","raw_glofas_fr09_authoritative","raw_glofas",0.05,1.4140221660756,2.98006613573275,1.4140221660756,,1.4140221660756,,"","raw_glofas_ensemble_quantile",0.3,"issued_glofas_only","ensemble_empirical_quantile","none","raw_point_baseline","not_applicable","not_applicable","disabled",2022-12-25,2023-01-02,8,"","raw_glofas_transition_full7_p05","glofas_fit_recovery_transition_full7_20260808_fr09_persistence_innovation_p05","p05",1.4140221660756,0.0783021984828575,0.0783021984828575,0.0783021984828575
"raw_glofas_transition_full7_p15","raw_glofas_fr09_authoritative","raw_glofas",0.15,1.54322994066377,2.98006613573275,1.54322994066377,,1.54322994066377,,"","raw_glofas_ensemble_quantile",0.3,"issued_glofas_only","ensemble_empirical_quantile","none","raw_point_baseline","not_applicable","not_applicable","disabled",2022-12-25,2023-01-02,8,"","raw_glofas_transition_full7_p15","glofas_fit_recovery_transition_full7_20260808_fr09_persistence_innovation_p15","p15",1.54322994066377,0.215525429260347,0.215525429260347,0.215525429260347
"raw_glofas_transition_full7_p35","raw_glofas_fr09_authoritative","raw_glofas",0.35,1.82502464484329,2.98006613573275,1.82502464484329,,1.82502464484329,,"","raw_glofas_ensemble_quantile",0.3,"issued_glofas_only","ensemble_empirical_quantile","none","raw_point_baseline","not_applicable","not_applicable","disabled",2022-12-25,2023-01-02,8,"","raw_glofas_transition_full7_p35","glofas_fit_recovery_transition_full7_20260808_fr09_persistence_innovation_p35","p35",1.82502464484329,0.404264521811311,0.404264521811311,0.404264521811311
"raw_glofas_transition_full7_p50","raw_glofas_fr09_authoritative","raw_glofas",0.5,1.8955562629097,2.98006613573275,1.8955562629097,,1.8955562629097,,"","raw_glofas_ensemble_quantile",0.3,"issued_glofas_only","ensemble_empirical_quantile","none","raw_point_baseline","not_applicable","not_applicable","disabled",2022-12-25,2023-01-02,8,"","raw_glofas_transition_full7_p50","glofas_fit_recovery_transition_full7_20260808_fr09_persistence_innovation_p50","p50",1.8955562629097,0.542254936411525,0.542254936411525,0.542254936411525
"raw_glofas_transition_full7_p65","raw_glofas_fr09_authoritative","raw_glofas",0.65,1.98470239149622,2.98006613573275,1.98470239149622,,1.98470239149622,,"","raw_glofas_ensemble_quantile",0.3,"issued_glofas_only","ensemble_empirical_quantile","none","raw_point_baseline","not_applicable","not_applicable","disabled",2022-12-25,2023-01-02,8,"","raw_glofas_transition_full7_p65","glofas_fit_recovery_transition_full7_20260808_fr09_persistence_innovation_p65","p65",1.98470239149622,0.646986433753744,0.646986433753745,0.646986433753745
"raw_glofas_transition_full7_p80","raw_glofas_fr09_authoritative","raw_glofas",0.8,2.05071247323898,2.98006613573275,2.05071247323898,,2.05071247323898,,"","raw_glofas_ensemble_quantile",0.3,"issued_glofas_only","ensemble_empirical_quantile","none","raw_point_baseline","not_applicable","not_applicable","disabled",2022-12-25,2023-01-02,8,"","raw_glofas_transition_full7_p80","glofas_fit_recovery_transition_full7_20260808_fr09_persistence_innovation_p80","p80",2.05071247323898,0.743482929995016,0.743482929995016,0.743482929995016
"raw_glofas_transition_full7_p95","raw_glofas_fr09_authoritative","raw_glofas",0.95,2.25530766804234,2.98006613573275,2.25530766804234,,2.25530766804234,,"","raw_glofas_ensemble_quantile",0.3,"issued_glofas_only","ensemble_empirical_quantile","none","raw_point_baseline","not_applicable","not_applicable","disabled",2022-12-25,2023-01-02,8,"","raw_glofas_transition_full7_p95","glofas_fit_recovery_transition_full7_20260808_fr09_persistence_innovation_p95","p95",2.25530766804234,0.688520544305889,0.688520544305889,0.688520544305889
"raw_glofas_transition_full7_p05","raw_glofas_fr09_authoritative","raw_glofas",0.05,1.48024668428203,2.790618772341,1.48024668428203,,1.48024668428203,,"","raw_glofas_ensemble_quantile",0.3,"issued_glofas_only","ensemble_empirical_quantile","none","raw_point_baseline","not_applicable","not_applicable","disabled",2022-12-25,2023-01-03,9,"","raw_glofas_transition_full7_p05","glofas_fit_recovery_transition_full7_20260808_fr09_persistence_innovation_p05","p05",1.48024668428203,0.0655186044029485,0.0655186044029485,0.0655186044029485
"raw_glofas_transition_full7_p15","raw_glofas_fr09_authoritative","raw_glofas",0.15,1.60943669172949,2.790618772341,1.60943669172949,,1.60943669172949,,"","raw_glofas_ensemble_quantile",0.3,"issued_glofas_only","ensemble_empirical_quantile","none","raw_point_baseline","not_applicable","not_applicable","disabled",2022-12-25,2023-01-03,9,"","raw_glofas_transition_full7_p15","glofas_fit_recovery_transition_full7_20260808_fr09_persistence_innovation_p15","p15",1.60943669172949,0.177177312091726,0.177177312091726,0.177177312091726
"raw_glofas_transition_full7_p35","raw_glofas_fr09_authoritative","raw_glofas",0.35,1.8746299527491,2.790618772341,1.8746299527491,,1.8746299527491,,"","raw_glofas_ensemble_quantile",0.3,"issued_glofas_only","ensemble_empirical_quantile","none","raw_point_baseline","not_applicable","not_applicable","disabled",2022-12-25,2023-01-03,9,"","raw_glofas_transition_full7_p35","glofas_fit_recovery_transition_full7_20260808_fr09_persistence_innovation_p35","p35",1.8746299527491,0.320596086857165,0.320596086857165,0.320596086857165
"raw_glofas_transition_full7_p50","raw_glofas_fr09_authoritative","raw_glofas",0.5,2.0023242383354,2.790618772341,2.0023242383354,,2.0023242383354,,"","raw_glofas_ensemble_quantile",0.3,"issued_glofas_only","ensemble_empirical_quantile","none","raw_point_baseline","not_applicable","not_applicable","disabled",2022-12-25,2023-01-03,9,"","raw_glofas_transition_full7_p50","glofas_fit_recovery_transition_full7_20260808_fr09_persistence_innovation_p50","p50",2.0023242383354,0.3941472670028,0.3941472670028,0.3941472670028
"raw_glofas_transition_full7_p65","raw_glofas_fr09_authoritative","raw_glofas",0.65,2.0812858798981,2.790618772341,2.0812858798981,,2.0812858798981,,"","raw_glofas_ensemble_quantile",0.3,"issued_glofas_only","ensemble_empirical_quantile","none","raw_point_baseline","not_applicable","not_applicable","disabled",2022-12-25,2023-01-03,9,"","raw_glofas_transition_full7_p65","glofas_fit_recovery_transition_full7_20260808_fr09_persistence_innovation_p65","p65",2.0812858798981,0.461066380087885,0.461066380087885,0.461066380087885
"raw_glofas_transition_full7_p80","raw_glofas_fr09_authoritative","raw_glofas",0.8,2.27726728500976,2.790618772341,2.27726728500976,,2.27726728500976,,"","raw_glofas_ensemble_quantile",0.3,"issued_glofas_only","ensemble_empirical_quantile","none","raw_point_baseline","not_applicable","not_applicable","disabled",2022-12-25,2023-01-03,9,"","raw_glofas_transition_full7_p80","glofas_fit_recovery_transition_full7_20260808_fr09_persistence_innovation_p80","p80",2.27726728500976,0.410681189864992,0.410681189864992,0.410681189864992
"raw_glofas_transition_full7_p95","raw_glofas_fr09_authoritative","raw_glofas",0.95,2.52624400362176,2.790618772341,2.52624400362176,,2.52624400362176,,"","raw_glofas_ensemble_quantile",0.3,"issued_glofas_only","ensemble_empirical_quantile","none","raw_point_baseline","not_applicable","not_applicable","disabled",2022-12-25,2023-01-03,9,"","raw_glofas_transition_full7_p95","glofas_fit_recovery_transition_full7_20260808_fr09_persistence_innovation_p95","p95",2.52624400362176,0.251156030283278,0.251156030283277,0.251156030283277
"raw_glofas_transition_full7_p05","raw_glofas_fr09_authoritative","raw_glofas",0.05,1.54059760555945,3.42532687410412,1.54059760555945,,1.54059760555945,,"","raw_glofas_ensemble_quantile",0.3,"issued_glofas_only","ensemble_empirical_quantile","none","raw_point_baseline","not_applicable","not_applicable","disabled",2022-12-25,2023-01-04,10,"","raw_glofas_transition_full7_p05","glofas_fit_recovery_transition_full7_20260808_fr09_persistence_innovation_p05","p05",1.54059760555945,0.0942364634272335,0.0942364634272335,0.0942364634272335
"raw_glofas_transition_full7_p15","raw_glofas_fr09_authoritative","raw_glofas",0.15,1.75998818831309,3.42532687410412,1.75998818831309,,1.75998818831309,,"","raw_glofas_ensemble_quantile",0.3,"issued_glofas_only","ensemble_empirical_quantile","none","raw_point_baseline","not_applicable","not_applicable","disabled",2022-12-25,2023-01-04,10,"","raw_glofas_transition_full7_p15","glofas_fit_recovery_transition_full7_20260808_fr09_persistence_innovation_p15","p15",1.75998818831309,0.249800802868654,0.249800802868654,0.249800802868654
"raw_glofas_transition_full7_p35","raw_glofas_fr09_authoritative","raw_glofas",0.35,2.00967888363396,3.42532687410412,2.00967888363396,,2.00967888363396,,"","raw_glofas_ensemble_quantile",0.3,"issued_glofas_only","ensemble_empirical_quantile","none","raw_point_baseline","not_applicable","not_applicable","disabled",2022-12-25,2023-01-04,10,"","raw_glofas_transition_full7_p35","glofas_fit_recovery_transition_full7_20260808_fr09_persistence_innovation_p35","p35",2.00967888363396,0.495476796664556,0.495476796664556,0.495476796664556
"raw_glofas_transition_full7_p50","raw_glofas_fr09_authoritative","raw_glofas",0.5,2.0755276423587,3.42532687410412,2.0755276423587,,2.0755276423587,,"","raw_glofas_ensemble_quantile",0.3,"issued_glofas_only","ensemble_empirical_quantile","none","raw_point_baseline","not_applicable","not_applicable","disabled",2022-12-25,2023-01-04,10,"","raw_glofas_transition_full7_p50","glofas_fit_recovery_transition_full7_20260808_fr09_persistence_innovation_p50","p50",2.0755276423587,0.67489961587271,0.67489961587271,0.67489961587271
"raw_glofas_transition_full7_p65","raw_glofas_fr09_authoritative","raw_glofas",0.65,2.20023110879076,3.42532687410412,2.20023110879076,,2.20023110879076,,"","raw_glofas_ensemble_quantile",0.3,"issued_glofas_only","ensemble_empirical_quantile","none","raw_point_baseline","not_applicable","not_applicable","disabled",2022-12-25,2023-01-04,10,"","raw_glofas_transition_full7_p65","glofas_fit_recovery_transition_full7_20260808_fr09_persistence_innovation_p65","p65",2.20023110879076,0.796312247453684,0.796312247453684,0.796312247453684
"raw_glofas_transition_full7_p80","raw_glofas_fr09_authoritative","raw_glofas",0.8,2.32269404591676,3.42532687410412,2.32269404591676,,2.32269404591676,,"","raw_glofas_ensemble_quantile",0.3,"issued_glofas_only","ensemble_empirical_quantile","none","raw_point_baseline","not_applicable","not_applicable","disabled",2022-12-25,2023-01-04,10,"","raw_glofas_transition_full7_p80","glofas_fit_recovery_transition_full7_20260808_fr09_persistence_innovation_p80","p80",2.32269404591676,0.882106262549888,0.882106262549888,0.882106262549888
"raw_glofas_transition_full7_p95","raw_glofas_fr09_authoritative","raw_glofas",0.95,2.49898869741784,3.42532687410412,2.49898869741784,,2.49898869741784,,"","raw_glofas_ensemble_quantile",0.3,"issued_glofas_only","ensemble_empirical_quantile","none","raw_point_baseline","not_applicable","not_applicable","disabled",2022-12-25,2023-01-04,10,"","raw_glofas_transition_full7_p95","glofas_fit_recovery_transition_full7_20260808_fr09_persistence_innovation_p95","p95",2.49898869741784,0.880021267851966,0.880021267851966,0.880021267851966
"raw_glofas_transition_full7_p05","raw_glofas_fr09_authoritative","raw_glofas",0.05,1.66542714305715,4.25385619173112,1.66542714305715,,1.66542714305715,,"","raw_glofas_ensemble_quantile",0.3,"issued_glofas_only","ensemble_empirical_quantile","none","raw_point_baseline","not_applicable","not_applicable","disabled",2022-12-25,2023-01-05,11,"","raw_glofas_transition_full7_p05","glofas_fit_recovery_transition_full7_20260808_fr09_persistence_innovation_p05","p05",1.66542714305715,0.129421452433698,0.129421452433698,0.129421452433698
"raw_glofas_transition_full7_p15","raw_glofas_fr09_authoritative","raw_glofas",0.15,1.86971178328379,4.25385619173112,1.86971178328379,,1.86971178328379,,"","raw_glofas_ensemble_quantile",0.3,"issued_glofas_only","ensemble_empirical_quantile","none","raw_point_baseline","not_applicable","not_applicable","disabled",2022-12-25,2023-01-05,11,"","raw_glofas_transition_full7_p15","glofas_fit_recovery_transition_full7_20260808_fr09_persistence_innovation_p15","p15",1.86971178328379,0.357621661267099,0.357621661267099,0.357621661267099
"raw_glofas_transition_full7_p35","raw_glofas_fr09_authoritative","raw_glofas",0.35,2.07396811934772,4.25385619173112,2.07396811934772,,2.07396811934772,,"","raw_glofas_ensemble_quantile",0.3,"issued_glofas_only","ensemble_empirical_quantile","none","raw_point_baseline","not_applicable","not_applicable","disabled",2022-12-25,2023-01-05,11,"","raw_glofas_transition_full7_p35","glofas_fit_recovery_transition_full7_20260808_fr09_persistence_innovation_p35","p35",2.07396811934772,0.76296082533419,0.76296082533419,0.76296082533419
"raw_glofas_transition_full7_p50","raw_glofas_fr09_authoritative","raw_glofas",0.5,2.15737866878902,4.25385619173112,2.15737866878902,,2.15737866878902,,"","raw_glofas_ensemble_quantile",0.3,"issued_glofas_only","ensemble_empirical_quantile","none","raw_point_baseline","not_applicable","not_applicable","disabled",2022-12-25,2023-01-05,11,"","raw_glofas_transition_full7_p50","glofas_fit_recovery_transition_full7_20260808_fr09_persistence_innovation_p50","p50",2.15737866878902,1.04823876147105,1.04823876147105,1.04823876147105
"raw_glofas_transition_full7_p65","raw_glofas_fr09_authoritative","raw_glofas",0.65,2.25247997950697,4.25385619173112,2.25247997950697,,2.25247997950697,,"","raw_glofas_ensemble_quantile",0.3,"issued_glofas_only","ensemble_empirical_quantile","none","raw_point_baseline","not_applicable","not_applicable","disabled",2022-12-25,2023-01-05,11,"","raw_glofas_transition_full7_p65","glofas_fit_recovery_transition_full7_20260808_fr09_persistence_innovation_p65","p65",2.25247997950697,1.3008945379457,1.3008945379457,1.3008945379457
"raw_glofas_transition_full7_p80","raw_glofas_fr09_authoritative","raw_glofas",0.8,2.43141796483701,4.25385619173112,2.43141796483701,,2.43141796483701,,"","raw_glofas_ensemble_quantile",0.3,"issued_glofas_only","ensemble_empirical_quantile","none","raw_point_baseline","not_applicable","not_applicable","disabled",2022-12-25,2023-01-05,11,"","raw_glofas_transition_full7_p80","glofas_fit_recovery_transition_full7_20260808_fr09_persistence_innovation_p80","p80",2.43141796483701,1.45795058151529,1.45795058151529,1.45795058151529
"raw_glofas_transition_full7_p95","raw_glofas_fr09_authoritative","raw_glofas",0.95,2.77801348926031,4.25385619173112,2.77801348926031,,2.77801348926031,,"","raw_glofas_ensemble_quantile",0.3,"issued_glofas_only","ensemble_empirical_quantile","none","raw_point_baseline","not_applicable","not_applicable","disabled",2022-12-25,2023-01-05,11,"","raw_glofas_transition_full7_p95","glofas_fit_recovery_transition_full7_20260808_fr09_persistence_innovation_p95","p95",2.77801348926031,1.40205056734727,1.40205056734727,1.40205056734727
"raw_glofas_transition_full7_p05","raw_glofas_fr09_authoritative","raw_glofas",0.05,1.63100226594019,3.38777487031637,1.63100226594019,,1.63100226594019,,"","raw_glofas_ensemble_quantile",0.3,"issued_glofas_only","ensemble_empirical_quantile","none","raw_point_baseline","not_applicable","not_applicable","disabled",2022-12-25,2023-01-06,12,"","raw_glofas_transition_full7_p05","glofas_fit_recovery_transition_full7_20260808_fr09_persistence_innovation_p05","p05",1.63100226594019,0.087838630218809,0.087838630218809,0.087838630218809
"raw_glofas_transition_full7_p15","raw_glofas_fr09_authoritative","raw_glofas",0.15,1.95196194485295,3.38777487031637,1.95196194485295,,1.95196194485295,,"","raw_glofas_ensemble_quantile",0.3,"issued_glofas_only","ensemble_empirical_quantile","none","raw_point_baseline","not_applicable","not_applicable","disabled",2022-12-25,2023-01-06,12,"","raw_glofas_transition_full7_p15","glofas_fit_recovery_transition_full7_20260808_fr09_persistence_innovation_p15","p15",1.95196194485295,0.215371938819513,0.215371938819513,0.215371938819513
"raw_glofas_transition_full7_p35","raw_glofas_fr09_authoritative","raw_glofas",0.35,2.10436821886121,3.38777487031637,2.10436821886121,,2.10436821886121,,"","raw_glofas_ensemble_quantile",0.3,"issued_glofas_only","ensemble_empirical_quantile","none","raw_point_baseline","not_applicable","not_applicable","disabled",2022-12-25,2023-01-06,12,"","raw_glofas_transition_full7_p35","glofas_fit_recovery_transition_full7_20260808_fr09_persistence_innovation_p35","p35",2.10436821886121,0.449192328009306,0.449192328009306,0.449192328009306
"raw_glofas_transition_full7_p50","raw_glofas_fr09_authoritative","raw_glofas",0.5,2.20414502018079,3.38777487031637,2.20414502018079,,2.20414502018079,,"","raw_glofas_ensemble_quantile",0.3,"issued_glofas_only","ensemble_empirical_quantile","none","raw_point_baseline","not_applicable","not_applicable","disabled",2022-12-25,2023-01-06,12,"","raw_glofas_transition_full7_p50","glofas_fit_recovery_transition_full7_20260808_fr09_persistence_innovation_p50","p50",2.20414502018079,0.59181492506779,0.59181492506779,0.59181492506779
"raw_glofas_transition_full7_p65","raw_glofas_fr09_authoritative","raw_glofas",0.65,2.2832524912866,3.38777487031637,2.2832524912866,,2.2832524912866,,"","raw_glofas_ensemble_quantile",0.3,"issued_glofas_only","ensemble_empirical_quantile","none","raw_point_baseline","not_applicable","not_applicable","disabled",2022-12-25,2023-01-06,12,"","raw_glofas_transition_full7_p65","glofas_fit_recovery_transition_full7_20260808_fr09_persistence_innovation_p65","p65",2.2832524912866,0.717939546369351,0.717939546369351,0.717939546369351
"raw_glofas_transition_full7_p80","raw_glofas_fr09_authoritative","raw_glofas",0.8,2.575113869489,3.38777487031637,2.575113869489,,2.575113869489,,"","raw_glofas_ensemble_quantile",0.3,"issued_glofas_only","ensemble_empirical_quantile","none","raw_point_baseline","not_applicable","not_applicable","disabled",2022-12-25,2023-01-06,12,"","raw_glofas_transition_full7_p80","glofas_fit_recovery_transition_full7_20260808_fr09_persistence_innovation_p80","p80",2.575113869489,0.650128800661896,0.650128800661896,0.650128800661896
"raw_glofas_transition_full7_p95","raw_glofas_fr09_authoritative","raw_glofas",0.95,2.73702186825083,3.38777487031637,2.73702186825083,,2.73702186825083,,"","raw_glofas_ensemble_quantile",0.3,"issued_glofas_only","ensemble_empirical_quantile","none","raw_point_baseline","not_applicable","not_applicable","disabled",2022-12-25,2023-01-06,12,"","raw_glofas_transition_full7_p95","glofas_fit_recovery_transition_full7_20260808_fr09_persistence_innovation_p95","p95",2.73702186825083,0.618215351962263,0.618215351962263,0.618215351962263
"raw_glofas_transition_full7_p05","raw_glofas_fr09_authoritative","raw_glofas",0.05,1.66723448222577,3.04682109819703,1.66723448222577,,1.66723448222577,,"","raw_glofas_ensemble_quantile",0.3,"issued_glofas_only","ensemble_empirical_quantile","none","raw_point_baseline","not_applicable","not_applicable","disabled",2022-12-25,2023-01-07,13,"","raw_glofas_transition_full7_p05","glofas_fit_recovery_transition_full7_20260808_fr09_persistence_innovation_p05","p05",1.66723448222577,0.068979330798563,0.068979330798563,0.068979330798563
"raw_glofas_transition_full7_p15","raw_glofas_fr09_authoritative","raw_glofas",0.15,1.89084759062568,3.04682109819703,1.89084759062568,,1.89084759062568,,"","raw_glofas_ensemble_quantile",0.3,"issued_glofas_only","ensemble_empirical_quantile","none","raw_point_baseline","not_applicable","not_applicable","disabled",2022-12-25,2023-01-07,13,"","raw_glofas_transition_full7_p15","glofas_fit_recovery_transition_full7_20260808_fr09_persistence_innovation_p15","p15",1.89084759062568,0.173396026135702,0.173396026135703,0.173396026135703
"raw_glofas_transition_full7_p35","raw_glofas_fr09_authoritative","raw_glofas",0.35,2.11301396741624,3.04682109819703,2.11301396741624,,2.11301396741624,,"","raw_glofas_ensemble_quantile",0.3,"issued_glofas_only","ensemble_empirical_quantile","none","raw_point_baseline","not_applicable","not_applicable","disabled",2022-12-25,2023-01-07,13,"","raw_glofas_transition_full7_p35","glofas_fit_recovery_transition_full7_20260808_fr09_persistence_innovation_p35","p35",2.11301396741624,0.326832495773276,0.326832495773276,0.326832495773276
"raw_glofas_transition_full7_p50","raw_glofas_fr09_authoritative","raw_glofas",0.5,2.21187369755245,3.04682109819703,2.21187369755245,,2.21187369755245,,"","raw_glofas_ensemble_quantile",0.3,"issued_glofas_only","ensemble_empirical_quantile","none","raw_point_baseline","not_applicable","not_applicable","disabled",2022-12-25,2023-01-07,13,"","raw_glofas_transition_full7_p50","glofas_fit_recovery_transition_full7_20260808_fr09_persistence_innovation_p50","p50",2.21187369755245,0.41747370032229,0.41747370032229,0.41747370032229
"raw_glofas_transition_full7_p65","raw_glofas_fr09_authoritative","raw_glofas",0.65,2.32153242659425,3.04682109819703,2.32153242659425,,2.32153242659425,,"","raw_glofas_ensemble_quantile",0.3,"issued_glofas_only","ensemble_empirical_quantile","none","raw_point_baseline","not_applicable","not_applicable","disabled",2022-12-25,2023-01-07,13,"","raw_glofas_transition_full7_p65","glofas_fit_recovery_transition_full7_20260808_fr09_persistence_innovation_p65","p65",2.32153242659425,0.471437636541807,0.471437636541808,0.471437636541808
"raw_glofas_transition_full7_p80","raw_glofas_fr09_authoritative","raw_glofas",0.8,2.59163341919597,3.04682109819703,2.59163341919597,,2.59163341919597,,"","raw_glofas_ensemble_quantile",0.3,"issued_glofas_only","ensemble_empirical_quantile","none","raw_point_baseline","not_applicable","not_applicable","disabled",2022-12-25,2023-01-07,13,"","raw_glofas_transition_full7_p80","glofas_fit_recovery_transition_full7_20260808_fr09_persistence_innovation_p80","p80",2.59163341919597,0.364150143200848,0.364150143200848,0.364150143200848
"raw_glofas_transition_full7_p95","raw_glofas_fr09_authoritative","raw_glofas",0.95,2.7708844660674,3.04682109819703,2.7708844660674,,2.7708844660674,,"","raw_glofas_ensemble_quantile",0.3,"issued_glofas_only","ensemble_empirical_quantile","none","raw_point_baseline","not_applicable","not_applicable","disabled",2022-12-25,2023-01-07,13,"","raw_glofas_transition_full7_p95","glofas_fit_recovery_transition_full7_20260808_fr09_persistence_innovation_p95","p95",2.7708844660674,0.262139800523149,0.262139800523148,0.262139800523148
"raw_glofas_transition_full7_p05","raw_glofas_fr09_authoritative","raw_glofas",0.05,1.57919578702933,4.04918199321094,1.57919578702933,,1.57919578702933,,"","raw_glofas_ensemble_quantile",0.3,"issued_glofas_only","ensemble_empirical_quantile","none","raw_point_baseline","not_applicable","not_applicable","disabled",2022-12-25,2023-01-08,14,"","raw_glofas_transition_full7_p05","glofas_fit_recovery_transition_full7_20260808_fr09_persistence_innovation_p05","p05",1.57919578702933,0.123499310309081,0.123499310309081,0.123499310309081
"raw_glofas_transition_full7_p15","raw_glofas_fr09_authoritative","raw_glofas",0.15,1.79630451779796,4.04918199321094,1.79630451779796,,1.79630451779796,,"","raw_glofas_ensemble_quantile",0.3,"issued_glofas_only","ensemble_empirical_quantile","none","raw_point_baseline","not_applicable","not_applicable","disabled",2022-12-25,2023-01-08,14,"","raw_glofas_transition_full7_p15","glofas_fit_recovery_transition_full7_20260808_fr09_persistence_innovation_p15","p15",1.79630451779796,0.337931621311947,0.337931621311947,0.337931621311947
"raw_glofas_transition_full7_p35","raw_glofas_fr09_authoritative","raw_glofas",0.35,2.05775887287042,4.04918199321094,2.05775887287042,,2.05775887287042,,"","raw_glofas_ensemble_quantile",0.3,"issued_glofas_only","ensemble_empirical_quantile","none","raw_point_baseline","not_applicable","not_applicable","disabled",2022-12-25,2023-01-08,14,"","raw_glofas_transition_full7_p35","glofas_fit_recovery_transition_full7_20260808_fr09_persistence_innovation_p35","p35",2.05775887287042,0.696998092119182,0.696998092119182,0.696998092119182
"raw_glofas_transition_full7_p50","raw_glofas_fr09_authoritative","raw_glofas",0.5,2.19722457733622,4.04918199321094,2.19722457733622,,2.19722457733622,,"","raw_glofas_ensemble_quantile",0.3,"issued_glofas_only","ensemble_empirical_quantile","none","raw_point_baseline","not_applicable","not_applicable","disabled",2022-12-25,2023-01-08,14,"","raw_glofas_transition_full7_p50","glofas_fit_recovery_transition_full7_20260808_fr09_persistence_innovation_p50","p50",2.19722457733622,0.92597870793736,0.92597870793736,0.92597870793736
"raw_glofas_transition_full7_p65","raw_glofas_fr09_authoritative","raw_glofas",0.65,2.36394473873185,4.04918199321094,2.36394473873185,,2.36394473873185,,"","raw_glofas_ensemble_quantile",0.3,"issued_glofas_only","ensemble_empirical_quantile","none","raw_point_baseline","not_applicable","not_applicable","disabled",2022-12-25,2023-01-08,14,"","raw_glofas_transition_full7_p65","glofas_fit_recovery_transition_full7_20260808_fr09_persistence_innovation_p65","p65",2.36394473873185,1.09540421541141,1.09540421541141,1.09540421541141
"raw_glofas_transition_full7_p80","raw_glofas_fr09_authoritative","raw_glofas",0.8,2.4901014666651,4.04918199321094,2.4901014666651,,2.4901014666651,,"","raw_glofas_ensemble_quantile",0.3,"issued_glofas_only","ensemble_empirical_quantile","none","raw_point_baseline","not_applicable","not_applicable","disabled",2022-12-25,2023-01-08,14,"","raw_glofas_transition_full7_p80","glofas_fit_recovery_transition_full7_20260808_fr09_persistence_innovation_p80","p80",2.4901014666651,1.24726442123667,1.24726442123667,1.24726442123667
"raw_glofas_transition_full7_p95","raw_glofas_fr09_authoritative","raw_glofas",0.95,2.67931471976309,4.04918199321094,2.67931471976309,,2.67931471976309,,"","raw_glofas_ensemble_quantile",0.3,"issued_glofas_only","ensemble_empirical_quantile","none","raw_point_baseline","not_applicable","not_applicable","disabled",2022-12-25,2023-01-08,14,"","raw_glofas_transition_full7_p95","glofas_fit_recovery_transition_full7_20260808_fr09_persistence_innovation_p95","p95",2.67931471976309,1.30137390977546,1.30137390977546,1.30137390977546
"raw_glofas_transition_full7_p05","raw_glofas_fr09_authoritative","raw_glofas",0.05,1.49246444365106,5.36438371043544,1.49246444365106,,1.49246444365106,,"","raw_glofas_ensemble_quantile",0.3,"issued_glofas_only","ensemble_empirical_quantile","none","raw_point_baseline","not_applicable","not_applicable","disabled",2022-12-25,2023-01-09,15,"","raw_glofas_transition_full7_p05","glofas_fit_recovery_transition_full7_20260808_fr09_persistence_innovation_p05","p05",1.49246444365106,0.193595963339219,0.193595963339219,0.193595963339219
"raw_glofas_transition_full7_p15","raw_glofas_fr09_authoritative","raw_glofas",0.15,1.71603186640757,5.36438371043544,1.71603186640757,,1.71603186640757,,"","raw_glofas_ensemble_quantile",0.3,"issued_glofas_only","ensemble_empirical_quantile","none","raw_point_baseline","not_applicable","not_applicable","disabled",2022-12-25,2023-01-09,15,"","raw_glofas_transition_full7_p15","glofas_fit_recovery_transition_full7_20260808_fr09_persistence_innovation_p15","p15",1.71603186640757,0.547252776604181,0.547252776604181,0.547252776604181
"raw_glofas_transition_full7_p35","raw_glofas_fr09_authoritative","raw_glofas",0.35,1.99754910988846,5.36438371043544,1.99754910988846,,1.99754910988846,,"","raw_glofas_ensemble_quantile",0.3,"issued_glofas_only","ensemble_empirical_quantile","none","raw_point_baseline","not_applicable","not_applicable","disabled",2022-12-25,2023-01-09,15,"","raw_glofas_transition_full7_p35","glofas_fit_recovery_transition_full7_20260808_fr09_persistence_innovation_p35","p35",1.99754910988846,1.17839211019144,1.17839211019144,1.17839211019144
"raw_glofas_transition_full7_p50","raw_glofas_fr09_authoritative","raw_glofas",0.5,2.15828160338761,5.36438371043544,2.15828160338761,,2.15828160338761,,"","raw_glofas_ensemble_quantile",0.3,"issued_glofas_only","ensemble_empirical_quantile","none","raw_point_baseline","not_applicable","not_applicable","disabled",2022-12-25,2023-01-09,15,"","raw_glofas_transition_full7_p50","glofas_fit_recovery_transition_full7_20260808_fr09_persistence_innovation_p50","p50",2.15828160338761,1.60305105352392,1.60305105352391,1.60305105352391
"raw_glofas_transition_full7_p65","raw_glofas_fr09_authoritative","raw_glofas",0.65,2.35656760855262,5.36438371043544,2.35656760855262,,2.35656760855262,,"","raw_glofas_ensemble_quantile",0.3,"issued_glofas_only","ensemble_empirical_quantile","none","raw_point_baseline","not_applicable","not_applicable","disabled",2022-12-25,2023-01-09,15,"","raw_glofas_transition_full7_p65","glofas_fit_recovery_transition_full7_20260808_fr09_persistence_innovation_p65","p65",2.35656760855262,1.95508046622383,1.95508046622383,1.95508046622383
"raw_glofas_transition_full7_p80","raw_glofas_fr09_authoritative","raw_glofas",0.8,2.46518214444022,5.36438371043544,2.46518214444022,,2.46518214444022,,"","raw_glofas_ensemble_quantile",0.3,"issued_glofas_only","ensemble_empirical_quantile","none","raw_point_baseline","not_applicable","not_applicable","disabled",2022-12-25,2023-01-09,15,"","raw_glofas_transition_full7_p80","glofas_fit_recovery_transition_full7_20260808_fr09_persistence_innovation_p80","p80",2.46518214444022,2.31936125279618,2.31936125279618,2.31936125279618
"raw_glofas_transition_full7_p95","raw_glofas_fr09_authoritative","raw_glofas",0.95,2.73322179630416,5.36438371043544,2.73322179630416,,2.73322179630416,,"","raw_glofas_ensemble_quantile",0.3,"issued_glofas_only","ensemble_empirical_quantile","none","raw_point_baseline","not_applicable","not_applicable","disabled",2022-12-25,2023-01-09,15,"","raw_glofas_transition_full7_p95","glofas_fit_recovery_transition_full7_20260808_fr09_persistence_innovation_p95","p95",2.73322179630416,2.49960381842472,2.49960381842472,2.49960381842472
"raw_glofas_transition_full7_p05","raw_glofas_fr09_authoritative","raw_glofas",0.05,1.44292927524275,4.08792185509188,1.44292927524275,,1.44292927524275,,"","raw_glofas_ensemble_quantile",0.3,"issued_glofas_only","ensemble_empirical_quantile","none","raw_point_baseline","not_applicable","not_applicable","disabled",2022-12-25,2023-01-10,16,"","raw_glofas_transition_full7_p05","glofas_fit_recovery_transition_full7_20260808_fr09_persistence_innovation_p05","p05",1.44292927524275,0.132249628992456,0.132249628992456,0.132249628992456
"raw_glofas_transition_full7_p15","raw_glofas_fr09_authoritative","raw_glofas",0.15,1.73796502119994,4.08792185509188,1.73796502119994,,1.73796502119994,,"","raw_glofas_ensemble_quantile",0.3,"issued_glofas_only","ensemble_empirical_quantile","none","raw_point_baseline","not_applicable","not_applicable","disabled",2022-12-25,2023-01-10,16,"","raw_glofas_transition_full7_p15","glofas_fit_recovery_transition_full7_20260808_fr09_persistence_innovation_p15","p15",1.73796502119994,0.352493525083791,0.352493525083791,0.352493525083791
"raw_glofas_transition_full7_p35","raw_glofas_fr09_authoritative","raw_glofas",0.35,1.98205008609748,4.08792185509188,1.98205008609748,,1.98205008609748,,"","raw_glofas_ensemble_quantile",0.3,"issued_glofas_only","ensemble_empirical_quantile","none","raw_point_baseline","not_applicable","not_applicable","disabled",2022-12-25,2023-01-10,16,"","raw_glofas_transition_full7_p35","glofas_fit_recovery_transition_full7_20260808_fr09_persistence_innovation_p35","p35",1.98205008609748,0.73705511914804,0.73705511914804,0.73705511914804
"raw_glofas_transition_full7_p50","raw_glofas_fr09_authoritative","raw_glofas",0.5,2.18675327746892,4.08792185509188,2.18675327746892,,2.18675327746892,,"","raw_glofas_ensemble_quantile",0.3,"issued_glofas_only","ensemble_empirical_quantile","none","raw_point_baseline","not_applicable","not_applicable","disabled",2022-12-25,2023-01-10,16,"","raw_glofas_transition_full7_p50","glofas_fit_recovery_transition_full7_20260808_fr09_persistence_innovation_p50","p50",2.18675327746892,0.95058428881148,0.95058428881148,0.95058428881148
"raw_glofas_transition_full7_p65","raw_glofas_fr09_authoritative","raw_glofas",0.65,2.35100143282356,4.08792185509188,2.35100143282356,,2.35100143282356,,"","raw_glofas_ensemble_quantile",0.3,"issued_glofas_only","ensemble_empirical_quantile","none","raw_point_baseline","not_applicable","not_applicable","disabled",2022-12-25,2023-01-10,16,"","raw_glofas_transition_full7_p65","glofas_fit_recovery_transition_full7_20260808_fr09_persistence_innovation_p65","p65",2.35100143282356,1.12899827447441,1.12899827447441,1.12899827447441
"raw_glofas_transition_full7_p80","raw_glofas_fr09_authoritative","raw_glofas",0.8,2.427288571495,4.08792185509188,2.427288571495,,2.427288571495,,"","raw_glofas_ensemble_quantile",0.3,"issued_glofas_only","ensemble_empirical_quantile","none","raw_point_baseline","not_applicable","not_applicable","disabled",2022-12-25,2023-01-10,16,"","raw_glofas_transition_full7_p80","glofas_fit_recovery_transition_full7_20260808_fr09_persistence_innovation_p80","p80",2.427288571495,1.3285066268775,1.3285066268775,1.3285066268775
"raw_glofas_transition_full7_p95","raw_glofas_fr09_authoritative","raw_glofas",0.95,2.68111122367927,4.08792185509188,2.68111122367927,,2.68111122367927,,"","raw_glofas_ensemble_quantile",0.3,"issued_glofas_only","ensemble_empirical_quantile","none","raw_point_baseline","not_applicable","not_applicable","disabled",2022-12-25,2023-01-10,16,"","raw_glofas_transition_full7_p95","glofas_fit_recovery_transition_full7_20260808_fr09_persistence_innovation_p95","p95",2.68111122367927,1.33647009984198,1.33647009984198,1.33647009984198
"raw_glofas_transition_full7_p05","raw_glofas_fr09_authoritative","raw_glofas",0.05,1.35180255748735,3.99854633136357,1.35180255748735,,1.35180255748735,,"","raw_glofas_ensemble_quantile",0.3,"issued_glofas_only","ensemble_empirical_quantile","none","raw_point_baseline","not_applicable","not_applicable","disabled",2022-12-25,2023-01-11,17,"","raw_glofas_transition_full7_p05","glofas_fit_recovery_transition_full7_20260808_fr09_persistence_innovation_p05","p05",1.35180255748735,0.132337188693811,0.132337188693811,0.132337188693811
"raw_glofas_transition_full7_p15","raw_glofas_fr09_authoritative","raw_glofas",0.15,1.72578369919877,3.99854633136357,1.72578369919877,,1.72578369919877,,"","raw_glofas_ensemble_quantile",0.3,"issued_glofas_only","ensemble_empirical_quantile","none","raw_point_baseline","not_applicable","not_applicable","disabled",2022-12-25,2023-01-11,17,"","raw_glofas_transition_full7_p15","glofas_fit_recovery_transition_full7_20260808_fr09_persistence_innovation_p15","p15",1.72578369919877,0.34091439482472,0.34091439482472,0.34091439482472
"raw_glofas_transition_full7_p35","raw_glofas_fr09_authoritative","raw_glofas",0.35,1.99596599510943,3.99854633136357,1.99596599510943,,1.99596599510943,,"","raw_glofas_ensemble_quantile",0.3,"issued_glofas_only","ensemble_empirical_quantile","none","raw_point_baseline","not_applicable","not_applicable","disabled",2022-12-25,2023-01-11,17,"","raw_glofas_transition_full7_p35","glofas_fit_recovery_transition_full7_20260808_fr09_persistence_innovation_p35","p35",1.99596599510943,0.700903117688949,0.700903117688949,0.700903117688949
"raw_glofas_transition_full7_p50","raw_glofas_fr09_authoritative","raw_glofas",0.5,2.18675327746892,3.99854633136357,2.18675327746892,,2.18675327746892,,"","raw_glofas_ensemble_quantile",0.3,"issued_glofas_only","ensemble_empirical_quantile","none","raw_point_baseline","not_applicable","not_applicable","disabled",2022-12-25,2023-01-11,17,"","raw_glofas_transition_full7_p50","glofas_fit_recovery_transition_full7_20260808_fr09_persistence_innovation_p50","p50",2.18675327746892,0.905896526947325,0.905896526947325,0.905896526947325
"raw_glofas_transition_full7_p65","raw_glofas_fr09_authoritative","raw_glofas",0.65,2.28201766867916,3.99854633136357,2.28201766867916,,2.28201766867916,,"","raw_glofas_ensemble_quantile",0.3,"issued_glofas_only","ensemble_empirical_quantile","none","raw_point_baseline","not_applicable","not_applicable","disabled",2022-12-25,2023-01-11,17,"","raw_glofas_transition_full7_p65","glofas_fit_recovery_transition_full7_20260808_fr09_persistence_innovation_p65","p65",2.28201766867916,1.11574363074487,1.11574363074487,1.11574363074487
"raw_glofas_transition_full7_p80","raw_glofas_fr09_authoritative","raw_glofas",0.8,2.43689743060164,3.99854633136357,2.43689743060164,,2.43689743060164,,"","raw_glofas_ensemble_quantile",0.3,"issued_glofas_only","ensemble_empirical_quantile","none","raw_point_baseline","not_applicable","not_applicable","disabled",2022-12-25,2023-01-11,17,"","raw_glofas_transition_full7_p80","glofas_fit_recovery_transition_full7_20260808_fr09_persistence_innovation_p80","p80",2.43689743060164,1.24931912060954,1.24931912060954,1.24931912060954
"raw_glofas_transition_full7_p95","raw_glofas_fr09_authoritative","raw_glofas",0.95,2.65370581513791,3.99854633136357,2.65370581513791,,2.65370581513791,,"","raw_glofas_ensemble_quantile",0.3,"issued_glofas_only","ensemble_empirical_quantile","none","raw_point_baseline","not_applicable","not_applicable","disabled",2022-12-25,2023-01-11,17,"","raw_glofas_transition_full7_p95","glofas_fit_recovery_transition_full7_20260808_fr09_persistence_innovation_p95","p95",2.65370581513791,1.27759849041438,1.27759849041438,1.27759849041438
"raw_glofas_transition_full7_p05","raw_glofas_fr09_authoritative","raw_glofas",0.05,1.26113281185909,3.87720656271899,1.26113281185909,,1.26113281185909,,"","raw_glofas_ensemble_quantile",0.3,"issued_glofas_only","ensemble_empirical_quantile","none","raw_point_baseline","not_applicable","not_applicable","disabled",2022-12-25,2023-01-12,18,"","raw_glofas_transition_full7_p05","glofas_fit_recovery_transition_full7_20260808_fr09_persistence_innovation_p05","p05",1.26113281185909,0.130803687542995,0.130803687542995,0.130803687542995
"raw_glofas_transition_full7_p15","raw_glofas_fr09_authoritative","raw_glofas",0.15,1.66098407255729,3.87720656271899,1.66098407255729,,1.66098407255729,,"","raw_glofas_ensemble_quantile",0.3,"issued_glofas_only","ensemble_empirical_quantile","none","raw_point_baseline","not_applicable","not_applicable","disabled",2022-12-25,2023-01-12,18,"","raw_glofas_transition_full7_p15","glofas_fit_recovery_transition_full7_20260808_fr09_persistence_innovation_p15","p15",1.66098407255729,0.332433373524255,0.332433373524255,0.332433373524255
"raw_glofas_transition_full7_p35","raw_glofas_fr09_authoritative","raw_glofas",0.35,1.99373868912762,3.87720656271899,1.99373868912762,,1.99373868912762,,"","raw_glofas_ensemble_quantile",0.3,"issued_glofas_only","ensemble_empirical_quantile","none","raw_point_baseline","not_applicable","not_applicable","disabled",2022-12-25,2023-01-12,18,"","raw_glofas_transition_full7_p35","glofas_fit_recovery_transition_full7_20260808_fr09_persistence_innovation_p35","p35",1.99373868912762,0.659213755756979,0.659213755756979,0.659213755756979
"raw_glofas_transition_full7_p50","raw_glofas_fr09_authoritative","raw_glofas",0.5,2.12525107771113,3.87720656271899,2.12525107771113,,2.12525107771113,,"","raw_glofas_ensemble_quantile",0.3,"issued_glofas_only","ensemble_empirical_quantile","none","raw_point_baseline","not_applicable","not_applicable","disabled",2022-12-25,2023-01-12,18,"","raw_glofas_transition_full7_p50","glofas_fit_recovery_transition_full7_20260808_fr09_persistence_innovation_p50","p50",2.12525107771113,0.87597774250393,0.87597774250393,0.87597774250393
"raw_glofas_transition_full7_p65","raw_glofas_fr09_authoritative","raw_glofas",0.65,2.18142022775905,3.87720656271899,2.18142022775905,,2.18142022775905,,"","raw_glofas_ensemble_quantile",0.3,"issued_glofas_only","ensemble_empirical_quantile","none","raw_point_baseline","not_applicable","not_applicable","disabled",2022-12-25,2023-01-12,18,"","raw_glofas_transition_full7_p65","glofas_fit_recovery_transition_full7_20260808_fr09_persistence_innovation_p65","p65",2.18142022775905,1.10226111772396,1.10226111772396,1.10226111772396
"raw_glofas_transition_full7_p80","raw_glofas_fr09_authoritative","raw_glofas",0.8,2.39789527279837,3.87720656271899,2.39789527279837,,2.39789527279837,,"","raw_glofas_ensemble_quantile",0.3,"issued_glofas_only","ensemble_empirical_quantile","none","raw_point_baseline","not_applicable","not_applicable","disabled",2022-12-25,2023-01-12,18,"","raw_glofas_transition_full7_p80","glofas_fit_recovery_transition_full7_20260808_fr09_persistence_innovation_p80","p80",2.39789527279837,1.1834490319365,1.1834490319365,1.1834490319365
"raw_glofas_transition_full7_p95","raw_glofas_fr09_authoritative","raw_glofas",0.95,2.72098051579226,3.87720656271899,2.72098051579226,,2.72098051579226,,"","raw_glofas_ensemble_quantile",0.3,"issued_glofas_only","ensemble_empirical_quantile","none","raw_point_baseline","not_applicable","not_applicable","disabled",2022-12-25,2023-01-12,18,"","raw_glofas_transition_full7_p95","glofas_fit_recovery_transition_full7_20260808_fr09_persistence_innovation_p95","p95",2.72098051579226,1.09841474458039,1.09841474458039,1.09841474458039
"raw_glofas_transition_full7_p05","raw_glofas_fr09_authoritative","raw_glofas",0.05,1.17715033074629,3.97755165266655,1.17715033074629,,1.17715033074629,,"","raw_glofas_ensemble_quantile",0.3,"issued_glofas_only","ensemble_empirical_quantile","none","raw_point_baseline","not_applicable","not_applicable","disabled",2022-12-25,2023-01-13,19,"","raw_glofas_transition_full7_p05","glofas_fit_recovery_transition_full7_20260808_fr09_persistence_innovation_p05","p05",1.17715033074629,0.140020066096013,0.140020066096013,0.140020066096013
"raw_glofas_transition_full7_p15","raw_glofas_fr09_authoritative","raw_glofas",0.15,1.60781418504511,3.97755165266655,1.60781418504511,,1.60781418504511,,"","raw_glofas_ensemble_quantile",0.3,"issued_glofas_only","ensemble_empirical_quantile","none","raw_point_baseline","not_applicable","not_applicable","disabled",2022-12-25,2023-01-13,19,"","raw_glofas_transition_full7_p15","glofas_fit_recovery_transition_full7_20260808_fr09_persistence_innovation_p15","p15",1.60781418504511,0.355460620143216,0.355460620143216,0.355460620143216
"raw_glofas_transition_full7_p35","raw_glofas_fr09_authoritative","raw_glofas",0.35,1.92664525665161,3.97755165266655,1.92664525665161,,1.92664525665161,,"","raw_glofas_ensemble_quantile",0.3,"issued_glofas_only","ensemble_empirical_quantile","none","raw_point_baseline","not_applicable","not_applicable","disabled",2022-12-25,2023-01-13,19,"","raw_glofas_transition_full7_p35","glofas_fit_recovery_transition_full7_20260808_fr09_persistence_innovation_p35","p35",1.92664525665161,0.717817238605229,0.717817238605229,0.717817238605229
"raw_glofas_transition_full7_p50","raw_glofas_fr09_authoritative","raw_glofas",0.5,2.035522307745,3.97755165266655,2.035522307745,,2.035522307745,,"","raw_glofas_ensemble_quantile",0.3,"issued_glofas_only","ensemble_empirical_quantile","none","raw_point_baseline","not_applicable","not_applicable","disabled",2022-12-25,2023-01-13,19,"","raw_glofas_transition_full7_p50","glofas_fit_recovery_transition_full7_20260808_fr09_persistence_innovation_p50","p50",2.035522307745,0.971014672460775,0.971014672460775,0.971014672460775
"raw_glofas_transition_full7_p65","raw_glofas_fr09_authoritative","raw_glofas",0.65,2.12525107771113,3.97755165266655,2.12525107771113,,2.12525107771113,,"","raw_glofas_ensemble_quantile",0.3,"issued_glofas_only","ensemble_empirical_quantile","none","raw_point_baseline","not_applicable","not_applicable","disabled",2022-12-25,2023-01-13,19,"","raw_glofas_transition_full7_p65","glofas_fit_recovery_transition_full7_20260808_fr09_persistence_innovation_p65","p65",2.12525107771113,1.20399537372102,1.20399537372102,1.20399537372102
"raw_glofas_transition_full7_p80","raw_glofas_fr09_authoritative","raw_glofas",0.8,2.29316587107755,3.97755165266655,2.29316587107755,,2.29316587107755,,"","raw_glofas_ensemble_quantile",0.3,"issued_glofas_only","ensemble_empirical_quantile","none","raw_point_baseline","not_applicable","not_applicable","disabled",2022-12-25,2023-01-13,19,"","raw_glofas_transition_full7_p80","glofas_fit_recovery_transition_full7_20260808_fr09_persistence_innovation_p80","p80",2.29316587107755,1.3475086252712,1.3475086252712,1.3475086252712
"raw_glofas_transition_full7_p95","raw_glofas_fr09_authoritative","raw_glofas",0.95,2.6411282303708,3.97755165266655,2.6411282303708,,2.6411282303708,,"","raw_glofas_ensemble_quantile",0.3,"issued_glofas_only","ensemble_empirical_quantile","none","raw_point_baseline","not_applicable","not_applicable","disabled",2022-12-25,2023-01-13,19,"","raw_glofas_transition_full7_p95","glofas_fit_recovery_transition_full7_20260808_fr09_persistence_innovation_p95","p95",2.6411282303708,1.26960225118096,1.26960225118096,1.26960225118096
"raw_glofas_transition_full7_p05","raw_glofas_fr09_authoritative","raw_glofas",0.05,1.22091869732743,5.11080665260834,1.22091869732743,,1.22091869732743,,"","raw_glofas_ensemble_quantile",0.3,"issued_glofas_only","ensemble_empirical_quantile","none","raw_point_baseline","not_applicable","not_applicable","disabled",2022-12-25,2023-01-14,20,"","raw_glofas_transition_full7_p05","glofas_fit_recovery_transition_full7_20260808_fr09_persistence_innovation_p05","p05",1.22091869732743,0.194494397764046,0.194494397764046,0.194494397764046
"raw_glofas_transition_full7_p15","raw_glofas_fr09_authoritative","raw_glofas",0.15,1.51438704037764,5.11080665260834,1.51438704037764,,1.51438704037764,,"","raw_glofas_ensemble_quantile",0.3,"issued_glofas_only","ensemble_empirical_quantile","none","raw_point_baseline","not_applicable","not_applicable","disabled",2022-12-25,2023-01-14,20,"","raw_glofas_transition_full7_p15","glofas_fit_recovery_transition_full7_20260808_fr09_persistence_innovation_p15","p15",1.51438704037764,0.539462941834605,0.539462941834605,0.539462941834605
"raw_glofas_transition_full7_p35","raw_glofas_fr09_authoritative","raw_glofas",0.35,1.83487930059636,5.11080665260834,1.83487930059636,,1.83487930059636,,"","raw_glofas_ensemble_quantile",0.3,"issued_glofas_only","ensemble_empirical_quantile","none","raw_point_baseline","not_applicable","not_applicable","disabled",2022-12-25,2023-01-14,20,"","raw_glofas_transition_full7_p35","glofas_fit_recovery_transition_full7_20260808_fr09_persistence_innovation_p35","p35",1.83487930059636,1.14657457320419,1.14657457320419,1.14657457320419
"raw_glofas_transition_full7_p50","raw_glofas_fr09_authoritative","raw_glofas",0.5,1.95700904212336,5.11080665260834,1.95700904212336,,1.95700904212336,,"","raw_glofas_ensemble_quantile",0.3,"issued_glofas_only","ensemble_empirical_quantile","none","raw_point_baseline","not_applicable","not_applicable","disabled",2022-12-25,2023-01-14,20,"","raw_glofas_transition_full7_p50","glofas_fit_recovery_transition_full7_20260808_fr09_persistence_innovation_p50","p50",1.95700904212336,1.57689880524249,1.57689880524249,1.57689880524249
"raw_glofas_transition_full7_p65","raw_glofas_fr09_authoritative","raw_glofas",0.65,2.06266068830533,5.11080665260834,2.06266068830533,,2.06266068830533,,"","raw_glofas_ensemble_quantile",0.3,"issued_glofas_only","ensemble_empirical_quantile","none","raw_point_baseline","not_applicable","not_applicable","disabled",2022-12-25,2023-01-14,20,"","raw_glofas_transition_full7_p65","glofas_fit_recovery_transition_full7_20260808_fr09_persistence_innovation_p65","p65",2.06266068830533,1.98129487679696,1.98129487679696,1.98129487679696
"raw_glofas_transition_full7_p80","raw_glofas_fr09_authoritative","raw_glofas",0.8,2.23804657185647,5.11080665260834,2.23804657185647,,2.23804657185647,,"","raw_glofas_ensemble_quantile",0.3,"issued_glofas_only","ensemble_empirical_quantile","none","raw_point_baseline","not_applicable","not_applicable","disabled",2022-12-25,2023-01-14,20,"","raw_glofas_transition_full7_p80","glofas_fit_recovery_transition_full7_20260808_fr09_persistence_innovation_p80","p80",2.23804657185647,2.2982080646015,2.2982080646015,2.2982080646015
"raw_glofas_transition_full7_p95","raw_glofas_fr09_authoritative","raw_glofas",0.95,2.56372064505241,5.11080665260834,2.56372064505241,,2.56372064505241,,"","raw_glofas_ensemble_quantile",0.3,"issued_glofas_only","ensemble_empirical_quantile","none","raw_point_baseline","not_applicable","not_applicable","disabled",2022-12-25,2023-01-14,20,"","raw_glofas_transition_full7_p95","glofas_fit_recovery_transition_full7_20260808_fr09_persistence_innovation_p95","p95",2.56372064505241,2.41973170717813,2.41973170717813,2.41973170717813
"raw_glofas_transition_full7_p05","raw_glofas_fr09_authoritative","raw_glofas",0.05,1.17134403954484,4.24577636694165,1.17134403954484,,1.17134403954484,,"","raw_glofas_ensemble_quantile",0.3,"issued_glofas_only","ensemble_empirical_quantile","none","raw_point_baseline","not_applicable","not_applicable","disabled",2022-12-25,2023-01-15,21,"","raw_glofas_transition_full7_p05","glofas_fit_recovery_transition_full7_20260808_fr09_persistence_innovation_p05","p05",1.17134403954484,0.15372161636984,0.15372161636984,0.15372161636984
"raw_glofas_transition_full7_p15","raw_glofas_fr09_authoritative","raw_glofas",0.15,1.42268742298464,4.24577636694165,1.42268742298464,,1.42268742298464,,"","raw_glofas_ensemble_quantile",0.3,"issued_glofas_only","ensemble_empirical_quantile","none","raw_point_baseline","not_applicable","not_applicable","disabled",2022-12-25,2023-01-15,21,"","raw_glofas_transition_full7_p15","glofas_fit_recovery_transition_full7_20260808_fr09_persistence_innovation_p15","p15",1.42268742298464,0.423463341593551,0.423463341593551,0.423463341593551
"raw_glofas_transition_full7_p35","raw_glofas_fr09_authoritative","raw_glofas",0.35,1.75146903620089,4.24577636694165,1.75146903620089,,1.75146903620089,,"","raw_glofas_ensemble_quantile",0.3,"issued_glofas_only","ensemble_empirical_quantile","none","raw_point_baseline","not_applicable","not_applicable","disabled",2022-12-25,2023-01-15,21,"","raw_glofas_transition_full7_p35","glofas_fit_recovery_transition_full7_20260808_fr09_persistence_innovation_p35","p35",1.75146903620089,0.873007565759266,0.873007565759266,0.873007565759266
"raw_glofas_transition_full7_p50","raw_glofas_fr09_authoritative","raw_glofas",0.5,1.89085037187229,4.24577636694165,1.89085037187229,,1.89085037187229,,"","raw_glofas_ensemble_quantile",0.3,"issued_glofas_only","ensemble_empirical_quantile","none","raw_point_baseline","not_applicable","not_applicable","disabled",2022-12-25,2023-01-15,21,"","raw_glofas_transition_full7_p50","glofas_fit_recovery_transition_full7_20260808_fr09_persistence_innovation_p50","p50",1.89085037187229,1.17746299753468,1.17746299753468,1.17746299753468
"raw_glofas_transition_full7_p65","raw_glofas_fr09_authoritative","raw_glofas",0.65,2.05824266584479,4.24577636694165,2.05824266584479,,2.05824266584479,,"","raw_glofas_ensemble_quantile",0.3,"issued_glofas_only","ensemble_empirical_quantile","none","raw_point_baseline","not_applicable","not_applicable","disabled",2022-12-25,2023-01-15,21,"","raw_glofas_transition_full7_p65","glofas_fit_recovery_transition_full7_20260808_fr09_persistence_innovation_p65","p65",2.05824266584479,1.42189690571296,1.42189690571296,1.42189690571296
"raw_glofas_transition_full7_p80","raw_glofas_fr09_authoritative","raw_glofas",0.8,2.24303411336751,4.24577636694165,2.24303411336751,,2.24303411336751,,"","raw_glofas_ensemble_quantile",0.3,"issued_glofas_only","ensemble_empirical_quantile","none","raw_point_baseline","not_applicable","not_applicable","disabled",2022-12-25,2023-01-15,21,"","raw_glofas_transition_full7_p80","glofas_fit_recovery_transition_full7_20260808_fr09_persistence_innovation_p80","p80",2.24303411336751,1.60219380285931,1.60219380285931,1.60219380285931
"raw_glofas_transition_full7_p95","raw_glofas_fr09_authoritative","raw_glofas",0.95,2.57475968015442,4.24577636694165,2.57475968015442,,2.57475968015442,,"","raw_glofas_ensemble_quantile",0.3,"issued_glofas_only","ensemble_empirical_quantile","none","raw_point_baseline","not_applicable","not_applicable","disabled",2022-12-25,2023-01-15,21,"","raw_glofas_transition_full7_p95","glofas_fit_recovery_transition_full7_20260808_fr09_persistence_innovation_p95","p95",2.57475968015442,1.58746585244787,1.58746585244787,1.58746585244787
"raw_glofas_transition_full7_p05","raw_glofas_fr09_authoritative","raw_glofas",0.05,1.11573122198973,4.46686414041667,1.11573122198973,,1.11573122198973,,"","raw_glofas_ensemble_quantile",0.3,"issued_glofas_only","ensemble_empirical_quantile","none","raw_point_baseline","not_applicable","not_applicable","disabled",2022-12-25,2023-01-16,22,"","raw_glofas_transition_full7_p05","glofas_fit_recovery_transition_full7_20260808_fr09_persistence_innovation_p05","p05",1.11573122198973,0.167556645921347,0.167556645921347,0.167556645921347
"raw_glofas_transition_full7_p15","raw_glofas_fr09_authoritative","raw_glofas",0.15,1.33206548358369,4.46686414041667,1.33206548358369,,1.33206548358369,,"","raw_glofas_ensemble_quantile",0.3,"issued_glofas_only","ensemble_empirical_quantile","none","raw_point_baseline","not_applicable","not_applicable","disabled",2022-12-25,2023-01-16,22,"","raw_glofas_transition_full7_p15","glofas_fit_recovery_transition_full7_20260808_fr09_persistence_innovation_p15","p15",1.33206548358369,0.470219798524947,0.470219798524947,0.470219798524947
"raw_glofas_transition_full7_p35","raw_glofas_fr09_authoritative","raw_glofas",0.35,1.65633781583936,4.46686414041667,1.65633781583936,,1.65633781583936,,"","raw_glofas_ensemble_quantile",0.3,"issued_glofas_only","ensemble_empirical_quantile","none","raw_point_baseline","not_applicable","not_applicable","disabled",2022-12-25,2023-01-16,22,"","raw_glofas_transition_full7_p35","glofas_fit_recovery_transition_full7_20260808_fr09_persistence_innovation_p35","p35",1.65633781583936,0.983684213602058,0.983684213602058,0.983684213602058
"raw_glofas_transition_full7_p50","raw_glofas_fr09_authoritative","raw_glofas",0.5,1.84747007624206,4.46686414041667,1.84747007624206,,1.84747007624206,,"","raw_glofas_ensemble_quantile",0.3,"issued_glofas_only","ensemble_empirical_quantile","none","raw_point_baseline","not_applicable","not_applicable","disabled",2022-12-25,2023-01-16,22,"","raw_glofas_transition_full7_p50","glofas_fit_recovery_transition_full7_20260808_fr09_persistence_innovation_p50","p50",1.84747007624206,1.3096970320873,1.3096970320873,1.3096970320873
"raw_glofas_transition_full7_p65","raw_glofas_fr09_authoritative","raw_glofas",0.65,1.99065244882229,4.46686414041667,1.99065244882229,,1.99065244882229,,"","raw_glofas_ensemble_quantile",0.3,"issued_glofas_only","ensemble_empirical_quantile","none","raw_point_baseline","not_applicable","not_applicable","disabled",2022-12-25,2023-01-16,22,"","raw_glofas_transition_full7_p65","glofas_fit_recovery_transition_full7_20260808_fr09_persistence_innovation_p65","p65",1.99065244882229,1.60953759953635,1.60953759953635,1.60953759953635
"raw_glofas_transition_full7_p80","raw_glofas_fr09_authoritative","raw_glofas",0.8,2.14739220358834,4.46686414041667,2.14739220358834,,2.14739220358834,,"","raw_glofas_ensemble_quantile",0.3,"issued_glofas_only","ensemble_empirical_quantile","none","raw_point_baseline","not_applicable","not_applicable","disabled",2022-12-25,2023-01-16,22,"","raw_glofas_transition_full7_p80","glofas_fit_recovery_transition_full7_20260808_fr09_persistence_innovation_p80","p80",2.14739220358834,1.85557754946266,1.85557754946266,1.85557754946266
"raw_glofas_transition_full7_p95","raw_glofas_fr09_authoritative","raw_glofas",0.95,2.60017027424235,4.46686414041667,2.60017027424235,,2.60017027424235,,"","raw_glofas_ensemble_quantile",0.3,"issued_glofas_only","ensemble_empirical_quantile","none","raw_point_baseline","not_applicable","not_applicable","disabled",2022-12-25,2023-01-16,22,"","raw_glofas_transition_full7_p95","glofas_fit_recovery_transition_full7_20260808_fr09_persistence_innovation_p95","p95",2.60017027424235,1.7733591728656,1.7733591728656,1.7733591728656
"raw_glofas_transition_full7_p05","raw_glofas_fr09_authoritative","raw_glofas",0.05,1.03041846347435,3.81052791373946,1.03041846347435,,1.03041846347435,,"","raw_glofas_ensemble_quantile",0.3,"issued_glofas_only","ensemble_empirical_quantile","none","raw_point_baseline","not_applicable","not_applicable","disabled",2022-12-25,2023-01-17,23,"","raw_glofas_transition_full7_p05","glofas_fit_recovery_transition_full7_20260808_fr09_persistence_innovation_p05","p05",1.03041846347435,0.139005472513256,0.139005472513256,0.139005472513256
"raw_glofas_transition_full7_p15","raw_glofas_fr09_authoritative","raw_glofas",0.15,1.29960571053403,3.81052791373946,1.29960571053403,,1.29960571053403,,"","raw_glofas_ensemble_quantile",0.3,"issued_glofas_only","ensemble_empirical_quantile","none","raw_point_baseline","not_applicable","not_applicable","disabled",2022-12-25,2023-01-17,23,"","raw_glofas_transition_full7_p15","glofas_fit_recovery_transition_full7_20260808_fr09_persistence_innovation_p15","p15",1.29960571053403,0.376638330480815,0.376638330480815,0.376638330480815
"raw_glofas_transition_full7_p35","raw_glofas_fr09_authoritative","raw_glofas",0.35,1.58086330108124,3.81052791373946,1.58086330108124,,1.58086330108124,,"","raw_glofas_ensemble_quantile",0.3,"issued_glofas_only","ensemble_empirical_quantile","none","raw_point_baseline","not_applicable","not_applicable","disabled",2022-12-25,2023-01-17,23,"","raw_glofas_transition_full7_p35","glofas_fit_recovery_transition_full7_20260808_fr09_persistence_innovation_p35","p35",1.58086330108124,0.780382614430377,0.780382614430377,0.780382614430377
"raw_glofas_transition_full7_p50","raw_glofas_fr09_authoritative","raw_glofas",0.5,1.77070606003022,3.81052791373946,1.77070606003022,,1.77070606003022,,"","raw_glofas_ensemble_quantile",0.3,"issued_glofas_only","ensemble_empirical_quantile","none","raw_point_baseline","not_applicable","not_applicable","disabled",2022-12-25,2023-01-17,23,"","raw_glofas_transition_full7_p50","glofas_fit_recovery_transition_full7_20260808_fr09_persistence_innovation_p50","p50",1.77070606003022,1.01991092685462,1.01991092685462,1.01991092685462
"raw_glofas_transition_full7_p65","raw_glofas_fr09_authoritative","raw_glofas",0.65,1.91859079564734,3.81052791373946,1.91859079564734,,1.91859079564734,,"","raw_glofas_ensemble_quantile",0.3,"issued_glofas_only","ensemble_empirical_quantile","none","raw_point_baseline","not_applicable","not_applicable","disabled",2022-12-25,2023-01-17,23,"","raw_glofas_transition_full7_p65","glofas_fit_recovery_transition_full7_20260808_fr09_persistence_innovation_p65","p65",1.91859079564734,1.22975912675988,1.22975912675988,1.22975912675988
"raw_glofas_transition_full7_p80","raw_glofas_fr09_authoritative","raw_glofas",0.8,2.23804657185647,3.81052791373946,2.23804657185647,,2.23804657185647,,"","raw_glofas_ensemble_quantile",0.3,"issued_glofas_only","ensemble_empirical_quantile","none","raw_point_baseline","not_applicable","not_applicable","disabled",2022-12-25,2023-01-17,23,"","raw_glofas_transition_full7_p80","glofas_fit_recovery_transition_full7_20260808_fr09_persistence_innovation_p80","p80",2.23804657185647,1.25798507350639,1.25798507350639,1.25798507350639
"raw_glofas_transition_full7_p95","raw_glofas_fr09_authoritative","raw_glofas",0.95,2.52828460025134,3.81052791373946,2.52828460025134,,2.52828460025134,,"","raw_glofas_ensemble_quantile",0.3,"issued_glofas_only","ensemble_empirical_quantile","none","raw_point_baseline","not_applicable","not_applicable","disabled",2022-12-25,2023-01-17,23,"","raw_glofas_transition_full7_p95","glofas_fit_recovery_transition_full7_20260808_fr09_persistence_innovation_p95","p95",2.52828460025134,1.21813114781371,1.21813114781371,1.21813114781371
"raw_glofas_transition_full7_p05","raw_glofas_fr09_authoritative","raw_glofas",0.05,0.952214814999333,3.43449860260206,0.952214814999333,,0.952214814999333,,"","raw_glofas_ensemble_quantile",0.3,"issued_glofas_only","ensemble_empirical_quantile","none","raw_point_baseline","not_applicable","not_applicable","disabled",2022-12-25,2023-01-18,24,"","raw_glofas_transition_full7_p05","glofas_fit_recovery_transition_full7_20260808_fr09_persistence_innovation_p05","p05",0.952214814999333,0.124114189380136,0.124114189380136,0.124114189380136
"raw_glofas_transition_full7_p15","raw_glofas_fr09_authoritative","raw_glofas",0.15,1.21067210731174,3.43449860260206,1.21067210731174,,1.21067210731174,,"","raw_glofas_ensemble_quantile",0.3,"issued_glofas_only","ensemble_empirical_quantile","none","raw_point_baseline","not_applicable","not_applicable","disabled",2022-12-25,2023-01-18,24,"","raw_glofas_transition_full7_p15","glofas_fit_recovery_transition_full7_20260808_fr09_persistence_innovation_p15","p15",1.21067210731174,0.333573974293548,0.333573974293548,0.333573974293548
"raw_glofas_transition_full7_p35","raw_glofas_fr09_authoritative","raw_glofas",0.35,1.49535741218458,3.43449860260206,1.49535741218458,,1.49535741218458,,"","raw_glofas_ensemble_quantile",0.3,"issued_glofas_only","ensemble_empirical_quantile","none","raw_point_baseline","not_applicable","not_applicable","disabled",2022-12-25,2023-01-18,24,"","raw_glofas_transition_full7_p35","glofas_fit_recovery_transition_full7_20260808_fr09_persistence_innovation_p35","p35",1.49535741218458,0.678699416646118,0.678699416646118,0.678699416646118
"raw_glofas_transition_full7_p50","raw_glofas_fr09_authoritative","raw_glofas",0.5,1.68755569169805,3.43449860260206,1.68755569169805,,1.68755569169805,,"","raw_glofas_ensemble_quantile",0.3,"issued_glofas_only","ensemble_empirical_quantile","none","raw_point_baseline","not_applicable","not_applicable","disabled",2022-12-25,2023-01-18,24,"","raw_glofas_transition_full7_p50","glofas_fit_recovery_transition_full7_20260808_fr09_persistence_innovation_p50","p50",1.68755569169805,0.873471455452005,0.873471455452005,0.873471455452005
"raw_glofas_transition_full7_p65","raw_glofas_fr09_authoritative","raw_glofas",0.65,1.8350659060586,3.43449860260206,1.8350659060586,,1.8350659060586,,"","raw_glofas_ensemble_quantile",0.3,"issued_glofas_only","ensemble_empirical_quantile","none","raw_point_baseline","not_applicable","not_applicable","disabled",2022-12-25,2023-01-18,24,"","raw_glofas_transition_full7_p65","glofas_fit_recovery_transition_full7_20260808_fr09_persistence_innovation_p65","p65",1.8350659060586,1.03963125275325,1.03963125275325,1.03963125275325
"raw_glofas_transition_full7_p80","raw_glofas_fr09_authoritative","raw_glofas",0.8,2.15285172579324,3.43449860260206,2.15285172579324,,2.15285172579324,,"","raw_glofas_ensemble_quantile",0.3,"issued_glofas_only","ensemble_empirical_quantile","none","raw_point_baseline","not_applicable","not_applicable","disabled",2022-12-25,2023-01-18,24,"","raw_glofas_transition_full7_p80","glofas_fit_recovery_transition_full7_20260808_fr09_persistence_innovation_p80","p80",2.15285172579324,1.02531750144706,1.02531750144706,1.02531750144706
"raw_glofas_transition_full7_p95","raw_glofas_fr09_authoritative","raw_glofas",0.95,2.48943657741557,3.43449860260206,2.48943657741557,,2.48943657741557,,"","raw_glofas_ensemble_quantile",0.3,"issued_glofas_only","ensemble_empirical_quantile","none","raw_point_baseline","not_applicable","not_applicable","disabled",2022-12-25,2023-01-18,24,"","raw_glofas_transition_full7_p95","glofas_fit_recovery_transition_full7_20260808_fr09_persistence_innovation_p95","p95",2.48943657741557,0.897808923927165,0.897808923927164,0.897808923927164
"raw_glofas_transition_full7_p05","raw_glofas_fr09_authoritative","raw_glofas",0.05,0.87050713511141,3.24066494844799,0.87050713511141,,0.87050713511141,,"","raw_glofas_ensemble_quantile",0.3,"issued_glofas_only","ensemble_empirical_quantile","none","raw_point_baseline","not_applicable","not_applicable","disabled",2022-12-25,2023-01-19,25,"","raw_glofas_transition_full7_p05","glofas_fit_recovery_transition_full7_20260808_fr09_persistence_innovation_p05","p05",0.87050713511141,0.118507890666829,0.118507890666829,0.118507890666829
"raw_glofas_transition_full7_p15","raw_glofas_fr09_authoritative","raw_glofas",0.15,1.12569729468799,3.24066494844799,1.12569729468799,,1.12569729468799,,"","raw_glofas_ensemble_quantile",0.3,"issued_glofas_only","ensemble_empirical_quantile","none","raw_point_baseline","not_applicable","not_applicable","disabled",2022-12-25,2023-01-19,25,"","raw_glofas_transition_full7_p15","glofas_fit_recovery_transition_full7_20260808_fr09_persistence_innovation_p15","p15",1.12569729468799,0.317245148064,0.317245148064,0.317245148064
"raw_glofas_transition_full7_p35","raw_glofas_fr09_authoritative","raw_glofas",0.35,1.43538587339534,3.24066494844799,1.43538587339534,,1.43538587339534,,"","raw_glofas_ensemble_quantile",0.3,"issued_glofas_only","ensemble_empirical_quantile","none","raw_point_baseline","not_applicable","not_applicable","disabled",2022-12-25,2023-01-19,25,"","raw_glofas_transition_full7_p35","glofas_fit_recovery_transition_full7_20260808_fr09_persistence_innovation_p35","p35",1.43538587339534,0.631847676268428,0.631847676268428,0.631847676268428
"raw_glofas_transition_full7_p50","raw_glofas_fr09_authoritative","raw_glofas",0.5,1.64323529201739,3.24066494844799,1.64323529201739,,1.64323529201739,,"","raw_glofas_ensemble_quantile",0.3,"issued_glofas_only","ensemble_empirical_quantile","none","raw_point_baseline","not_applicable","not_applicable","disabled",2022-12-25,2023-01-19,25,"","raw_glofas_transition_full7_p50","glofas_fit_recovery_transition_full7_20260808_fr09_persistence_innovation_p50","p50",1.64323529201739,0.7987148282153,0.7987148282153,0.7987148282153
"raw_glofas_transition_full7_p65","raw_glofas_fr09_authoritative","raw_glofas",0.65,1.84370676821572,3.24066494844799,1.84370676821572,,1.84370676821572,,"","raw_glofas_ensemble_quantile",0.3,"issued_glofas_only","ensemble_empirical_quantile","none","raw_point_baseline","not_applicable","not_applicable","disabled",2022-12-25,2023-01-19,25,"","raw_glofas_transition_full7_p65","glofas_fit_recovery_transition_full7_20260808_fr09_persistence_innovation_p65","p65",1.84370676821572,0.908022817150976,0.908022817150975,0.908022817150975
"raw_glofas_transition_full7_p80","raw_glofas_fr09_authoritative","raw_glofas",0.8,2.0755276423587,3.24066494844799,2.0755276423587,,2.0755276423587,,"","raw_glofas_ensemble_quantile",0.3,"issued_glofas_only","ensemble_empirical_quantile","none","raw_point_baseline","not_applicable","not_applicable","disabled",2022-12-25,2023-01-19,25,"","raw_glofas_transition_full7_p80","glofas_fit_recovery_transition_full7_20260808_fr09_persistence_innovation_p80","p80",2.0755276423587,0.932109844871432,0.932109844871432,0.932109844871432
"raw_glofas_transition_full7_p95","raw_glofas_fr09_authoritative","raw_glofas",0.95,2.43397376309287,3.24066494844799,2.43397376309287,,2.43397376309287,,"","raw_glofas_ensemble_quantile",0.3,"issued_glofas_only","ensemble_empirical_quantile","none","raw_point_baseline","not_applicable","not_applicable","disabled",2022-12-25,2023-01-19,25,"","raw_glofas_transition_full7_p95","glofas_fit_recovery_transition_full7_20260808_fr09_persistence_innovation_p95","p95",2.43397376309287,0.766356626087364,0.766356626087364,0.766356626087364
"raw_glofas_transition_full7_p05","raw_glofas_fr09_authoritative","raw_glofas",0.05,0.840629406262924,3.03191192892286,0.840629406262924,,0.840629406262924,,"","raw_glofas_ensemble_quantile",0.3,"issued_glofas_only","ensemble_empirical_quantile","none","raw_point_baseline","not_applicable","not_applicable","disabled",2022-12-25,2023-01-20,26,"","raw_glofas_transition_full7_p05","glofas_fit_recovery_transition_full7_20260808_fr09_persistence_innovation_p05","p05",0.840629406262924,0.109564126132997,0.109564126132997,0.109564126132997
"raw_glofas_transition_full7_p15","raw_glofas_fr09_authoritative","raw_glofas",0.15,1.10896179037464,3.03191192892286,1.10896179037464,,1.10896179037464,,"","raw_glofas_ensemble_quantile",0.3,"issued_glofas_only","ensemble_empirical_quantile","none","raw_point_baseline","not_applicable","not_applicable","disabled",2022-12-25,2023-01-20,26,"","raw_glofas_transition_full7_p15","glofas_fit_recovery_transition_full7_20260808_fr09_persistence_innovation_p15","p15",1.10896179037464,0.288442520782233,0.288442520782233,0.288442520782233
"raw_glofas_transition_full7_p35","raw_glofas_fr09_authoritative","raw_glofas",0.35,1.39208950472731,3.03191192892286,1.39208950472731,,1.39208950472731,,"","raw_glofas_ensemble_quantile",0.3,"issued_glofas_only","ensemble_empirical_quantile","none","raw_point_baseline","not_applicable","not_applicable","disabled",2022-12-25,2023-01-20,26,"","raw_glofas_transition_full7_p35","glofas_fit_recovery_transition_full7_20260808_fr09_persistence_innovation_p35","p35",1.39208950472731,0.573937848468442,0.573937848468443,0.573937848468443
"raw_glofas_transition_full7_p50","raw_glofas_fr09_authoritative","raw_glofas",0.5,1.6031682994205,3.03191192892286,1.6031682994205,,1.6031682994205,,"","raw_glofas_ensemble_quantile",0.3,"issued_glofas_only","ensemble_empirical_quantile","none","raw_point_baseline","not_applicable","not_applicable","disabled",2022-12-25,2023-01-20,26,"","raw_glofas_transition_full7_p50","glofas_fit_recovery_transition_full7_20260808_fr09_persistence_innovation_p50","p50",1.6031682994205,0.71437181475118,0.71437181475118,0.71437181475118
"raw_glofas_transition_full7_p65","raw_glofas_fr09_authoritative","raw_glofas",0.65,1.79295838874339,3.03191192892286,1.79295838874339,,1.79295838874339,,"","raw_glofas_ensemble_quantile",0.3,"issued_glofas_only","ensemble_empirical_quantile","none","raw_point_baseline","not_applicable","not_applicable","disabled",2022-12-25,2023-01-20,26,"","raw_glofas_transition_full7_p65","glofas_fit_recovery_transition_full7_20260808_fr09_persistence_innovation_p65","p65",1.79295838874339,0.805319801116656,0.805319801116656,0.805319801116656
"raw_glofas_transition_full7_p80","raw_glofas_fr09_authoritative","raw_glofas",0.8,1.97668180772207,3.03191192892286,1.97668180772207,,1.97668180772207,,"","raw_glofas_ensemble_quantile",0.3,"issued_glofas_only","ensemble_empirical_quantile","none","raw_point_baseline","not_applicable","not_applicable","disabled",2022-12-25,2023-01-20,26,"","raw_glofas_transition_full7_p80","glofas_fit_recovery_transition_full7_20260808_fr09_persistence_innovation_p80","p80",1.97668180772207,0.844184096960632,0.844184096960631,0.844184096960631
"raw_glofas_transition_full7_p95","raw_glofas_fr09_authoritative","raw_glofas",0.95,2.42106209128785,3.03191192892286,2.42106209128785,,2.42106209128785,,"","raw_glofas_ensemble_quantile",0.3,"issued_glofas_only","ensemble_empirical_quantile","none","raw_point_baseline","not_applicable","not_applicable","disabled",2022-12-25,2023-01-20,26,"","raw_glofas_transition_full7_p95","glofas_fit_recovery_transition_full7_20260808_fr09_persistence_innovation_p95","p95",2.42106209128785,0.580307345753259,0.580307345753258,0.580307345753258
"raw_glofas_transition_full7_p05","raw_glofas_fr09_authoritative","raw_glofas",0.05,0.906866534263927,2.86914749462559,0.906866534263927,,0.906866534263927,,"","raw_glofas_ensemble_quantile",0.3,"issued_glofas_only","ensemble_empirical_quantile","none","raw_point_baseline","not_applicable","not_applicable","disabled",2022-12-25,2023-01-21,27,"","raw_glofas_transition_full7_p05","glofas_fit_recovery_transition_full7_20260808_fr09_persistence_innovation_p05","p05",0.906866534263927,0.0981140480180832,0.0981140480180832,0.0981140480180832
"raw_glofas_transition_full7_p15","raw_glofas_fr09_authoritative","raw_glofas",0.15,1.03405833519362,2.86914749462559,1.03405833519362,,1.03405833519362,,"","raw_glofas_ensemble_quantile",0.3,"issued_glofas_only","ensemble_empirical_quantile","none","raw_point_baseline","not_applicable","not_applicable","disabled",2022-12-25,2023-01-21,27,"","raw_glofas_transition_full7_p15","glofas_fit_recovery_transition_full7_20260808_fr09_persistence_innovation_p15","p15",1.03405833519362,0.275263373914796,0.275263373914796,0.275263373914796
"raw_glofas_transition_full7_p35","raw_glofas_fr09_authoritative","raw_glofas",0.35,1.30277148025892,2.86914749462559,1.30277148025892,,1.30277148025892,,"","raw_glofas_ensemble_quantile",0.3,"issued_glofas_only","ensemble_empirical_quantile","none","raw_point_baseline","not_applicable","not_applicable","disabled",2022-12-25,2023-01-21,27,"","raw_glofas_transition_full7_p35","glofas_fit_recovery_transition_full7_20260808_fr09_persistence_innovation_p35","p35",1.30277148025892,0.548231605028334,0.548231605028334,0.548231605028334
"raw_glofas_transition_full7_p50","raw_glofas_fr09_authoritative","raw_glofas",0.5,1.51099783962085,2.86914749462559,1.51099783962085,,1.51099783962085,,"","raw_glofas_ensemble_quantile",0.3,"issued_glofas_only","ensemble_empirical_quantile","none","raw_point_baseline","not_applicable","not_applicable","disabled",2022-12-25,2023-01-21,27,"","raw_glofas_transition_full7_p50","glofas_fit_recovery_transition_full7_20260808_fr09_persistence_innovation_p50","p50",1.51099783962085,0.67907482750237,0.67907482750237,0.67907482750237
"raw_glofas_transition_full7_p65","raw_glofas_fr09_authoritative","raw_glofas",0.65,1.75859241236256,2.86914749462559,1.75859241236256,,1.75859241236256,,"","raw_glofas_ensemble_quantile",0.3,"issued_glofas_only","ensemble_empirical_quantile","none","raw_point_baseline","not_applicable","not_applicable","disabled",2022-12-25,2023-01-21,27,"","raw_glofas_transition_full7_p65","glofas_fit_recovery_transition_full7_20260808_fr09_persistence_innovation_p65","p65",1.75859241236256,0.72186080347097,0.721860803470969,0.721860803470969
"raw_glofas_transition_full7_p80","raw_glofas_fr09_authoritative","raw_glofas",0.8,1.93016179208717,2.86914749462559,1.93016179208717,,1.93016179208717,,"","raw_glofas_ensemble_quantile",0.3,"issued_glofas_only","ensemble_empirical_quantile","none","raw_point_baseline","not_applicable","not_applicable","disabled",2022-12-25,2023-01-21,27,"","raw_glofas_transition_full7_p80","glofas_fit_recovery_transition_full7_20260808_fr09_persistence_innovation_p80","p80",1.93016179208717,0.751188562030736,0.751188562030736,0.751188562030736
"raw_glofas_transition_full7_p95","raw_glofas_fr09_authoritative","raw_glofas",0.95,2.37962625205187,2.86914749462559,2.37962625205187,,2.37962625205187,,"","raw_glofas_ensemble_quantile",0.3,"issued_glofas_only","ensemble_empirical_quantile","none","raw_point_baseline","not_applicable","not_applicable","disabled",2022-12-25,2023-01-21,27,"","raw_glofas_transition_full7_p95","glofas_fit_recovery_transition_full7_20260808_fr09_persistence_innovation_p95","p95",2.37962625205187,0.465045180445034,0.465045180445033,0.465045180445033
"raw_glofas_transition_full7_p05","raw_glofas_fr09_authoritative","raw_glofas",0.05,0.831549503419064,2.74981956702523,0.831549503419064,,0.831549503419064,,"","raw_glofas_ensemble_quantile",0.3,"issued_glofas_only","ensemble_empirical_quantile","none","raw_point_baseline","not_applicable","not_applicable","disabled",2022-12-25,2023-01-22,28,"","raw_glofas_transition_full7_p05","glofas_fit_recovery_transition_full7_20260808_fr09_persistence_innovation_p05","p05",0.831549503419064,0.0959135031803083,0.0959135031803083,0.0959135031803083
"raw_glofas_transition_full7_p15","raw_glofas_fr09_authoritative","raw_glofas",0.15,0.959110729057083,2.74981956702523,0.959110729057083,,0.959110729057083,,"","raw_glofas_ensemble_quantile",0.3,"issued_glofas_only","ensemble_empirical_quantile","none","raw_point_baseline","not_applicable","not_applicable","disabled",2022-12-25,2023-01-22,28,"","raw_glofas_transition_full7_p15","glofas_fit_recovery_transition_full7_20260808_fr09_persistence_innovation_p15","p15",0.959110729057083,0.268606325695222,0.268606325695222,0.268606325695222
"raw_glofas_transition_full7_p35","raw_glofas_fr09_authoritative","raw_glofas",0.35,1.31966815427708,2.74981956702523,1.31966815427708,,1.31966815427708,,"","raw_glofas_ensemble_quantile",0.3,"issued_glofas_only","ensemble_empirical_quantile","none","raw_point_baseline","not_applicable","not_applicable","disabled",2022-12-25,2023-01-22,28,"","raw_glofas_transition_full7_p35","glofas_fit_recovery_transition_full7_20260808_fr09_persistence_innovation_p35","p35",1.31966815427708,0.500552994461852,0.500552994461853,0.500552994461853
"raw_glofas_transition_full7_p50","raw_glofas_fr09_authoritative","raw_glofas",0.5,1.5212895256574,2.74981956702523,1.5212895256574,,1.5212895256574,,"","raw_glofas_ensemble_quantile",0.3,"issued_glofas_only","ensemble_empirical_quantile","none","raw_point_baseline","not_applicable","not_applicable","disabled",2022-12-25,2023-01-22,28,"","raw_glofas_transition_full7_p50","glofas_fit_recovery_transition_full7_20260808_fr09_persistence_innovation_p50","p50",1.5212895256574,0.614265020683915,0.614265020683915,0.614265020683915
"raw_glofas_transition_full7_p65","raw_glofas_fr09_authoritative","raw_glofas",0.65,1.7599782516458,2.74981956702523,1.7599782516458,,1.7599782516458,,"","raw_glofas_ensemble_quantile",0.3,"issued_glofas_only","ensemble_empirical_quantile","none","raw_point_baseline","not_applicable","not_applicable","disabled",2022-12-25,2023-01-22,28,"","raw_glofas_transition_full7_p65","glofas_fit_recovery_transition_full7_20260808_fr09_persistence_innovation_p65","p65",1.7599782516458,0.643396854996629,0.643396854996629,0.643396854996629
"raw_glofas_transition_full7_p80","raw_glofas_fr09_authoritative","raw_glofas",0.8,1.94143586866039,2.74981956702523,1.94143586866039,,1.94143586866039,,"","raw_glofas_ensemble_quantile",0.3,"issued_glofas_only","ensemble_empirical_quantile","none","raw_point_baseline","not_applicable","not_applicable","disabled",2022-12-25,2023-01-22,28,"","raw_glofas_transition_full7_p80","glofas_fit_recovery_transition_full7_20260808_fr09_persistence_innovation_p80","p80",1.94143586866039,0.646706958691872,0.646706958691872,0.646706958691872
"raw_glofas_transition_full7_p95","raw_glofas_fr09_authoritative","raw_glofas",0.95,2.28097484373632,2.74981956702523,2.28097484373632,,2.28097484373632,,"","raw_glofas_ensemble_quantile",0.3,"issued_glofas_only","ensemble_empirical_quantile","none","raw_point_baseline","not_applicable","not_applicable","disabled",2022-12-25,2023-01-22,28,"","raw_glofas_transition_full7_p95","glofas_fit_recovery_transition_full7_20260808_fr09_persistence_innovation_p95","p95",2.28097484373632,0.445402487124464,0.445402487124464,0.445402487124464
"qdesn_transition_full7_fr09_persistence_innovation_p05","qdesn_glofas_discrepancy_fr09_authoritative","qdesn_glofas_discrepancy",0.05,0.528441205312744,0.564683774756493,0.225918044979448,-0.302523160333296,0.271933715483642,-0.302523160333296,"2022-12-26","posterior_draw_glofas_quantile_minus_discrepancy",0.3,"issued_glofas_only","posterior_model_quantile","recursive_latent_path","posterior_draw","q_y_draw_equals_q_g_draw_minus_d_g_draw","disabled","disabled",2022-12-25,2022-12-26,1,"posterior_draw_mean","qdesn_transition_full7_fr09_persistence_innovation_p05","glofas_fit_recovery_transition_full7_20260808_fr09_persistence_innovation_p05","p05",0.528441205312744,0.00181212847218745,0.00181212847218745,0.00181212847218745
"qdesn_transition_full7_fr09_persistence_innovation_p15","qdesn_glofas_discrepancy_fr09_authoritative","qdesn_glofas_discrepancy",0.15,0.543846327612101,0.564683774756493,0.248616241040941,-0.29523008657116,0.271933715483642,-0.29523008657116,"2022-12-26","posterior_draw_glofas_quantile_minus_discrepancy",0.3,"issued_glofas_only","posterior_model_quantile","recursive_latent_path","posterior_draw","q_y_draw_equals_q_g_draw_minus_d_g_draw","disabled","disabled",2022-12-25,2022-12-26,1,"posterior_draw_mean","qdesn_transition_full7_fr09_persistence_innovation_p15","glofas_fit_recovery_transition_full7_20260808_fr09_persistence_innovation_p15","p15",0.532527421233148,0.00312561707165879,0.00482345302850182,0.00482345302850182
"qdesn_transition_full7_fr09_persistence_innovation_p35","qdesn_glofas_discrepancy_fr09_authoritative","qdesn_glofas_discrepancy",0.35,0.554892404934717,0.564683774756493,0.271958258681851,-0.282934146252866,0.271933715483642,-0.282934146252866,"2022-12-26","posterior_draw_glofas_quantile_minus_discrepancy",0.3,"issued_glofas_only","posterior_model_quantile","recursive_latent_path","posterior_draw","q_y_draw_equals_q_g_draw_minus_d_g_draw","disabled","disabled",2022-12-25,2022-12-26,1,"posterior_draw_mean","qdesn_transition_full7_fr09_persistence_innovation_p35","glofas_fit_recovery_transition_full7_20260808_fr09_persistence_innovation_p35","p35",0.532527421233148,0.00342697943762159,0.0112547237331709,0.0112547237331709
"qdesn_transition_full7_fr09_persistence_innovation_p50","qdesn_glofas_discrepancy_fr09_authoritative","qdesn_glofas_discrepancy",0.5,0.547927550748562,0.564683774756493,0.27245175413764,-0.275475796610922,0.271933715483642,-0.275475796610922,"2022-12-26","posterior_draw_glofas_quantile_minus_discrepancy",0.3,"issued_glofas_only","posterior_model_quantile","recursive_latent_path","posterior_draw","q_y_draw_equals_q_g_draw_minus_d_g_draw","disabled","disabled",2022-12-25,2022-12-26,1,"posterior_draw_mean","qdesn_transition_full7_fr09_persistence_innovation_p50","glofas_fit_recovery_transition_full7_20260808_fr09_persistence_innovation_p50","p50",0.532527421233148,0.00837811200396549,0.0160781767616727,0.0160781767616727
"qdesn_transition_full7_fr09_persistence_innovation_p65","qdesn_glofas_discrepancy_fr09_authoritative","qdesn_glofas_discrepancy",0.65,0.554546015347668,0.564683774756493,0.276774300711903,-0.277771714635765,0.271933715483642,-0.277771714635765,"2022-12-26","posterior_draw_glofas_quantile_minus_discrepancy",0.3,"issued_glofas_only","posterior_model_quantile","recursive_latent_path","posterior_draw","q_y_draw_equals_q_g_draw_minus_d_g_draw","disabled","disabled",2022-12-25,2022-12-26,1,"posterior_draw_mean","qdesn_transition_full7_fr09_persistence_innovation_p65","glofas_fit_recovery_transition_full7_20260808_fr09_persistence_innovation_p65","p65",0.532527421233148,0.00658954361573625,0.0209016297901745,0.0209016297901745
"qdesn_transition_full7_fr09_persistence_innovation_p80","qdesn_glofas_discrepancy_fr09_authoritative","qdesn_glofas_discrepancy",0.8,0.523249725459401,0.564683774756493,0.291770127390585,-0.231479598068815,0.271933715483642,-0.231479598068815,"2022-12-26","posterior_draw_glofas_quantile_minus_discrepancy",0.3,"issued_glofas_only","posterior_model_quantile","recursive_latent_path","posterior_draw","q_y_draw_equals_q_g_draw_minus_d_g_draw","disabled","disabled",2022-12-25,2022-12-26,1,"posterior_draw_mean","qdesn_transition_full7_fr09_persistence_innovation_p80","glofas_fit_recovery_transition_full7_20260808_fr09_persistence_innovation_p80","p80",0.532527421233148,0.0331472394376736,0.0257250828186764,0.0257250828186764
"qdesn_transition_full7_fr09_persistence_innovation_p95","qdesn_glofas_discrepancy_fr09_authoritative","qdesn_glofas_discrepancy",0.95,0.470702503296437,0.564683774756493,0.305018659663317,-0.165683843633121,0.271933715483642,-0.165683843633121,"2022-12-26","posterior_draw_glofas_quantile_minus_discrepancy",0.3,"issued_glofas_only","posterior_model_quantile","recursive_latent_path","posterior_draw","q_y_draw_equals_q_g_draw_minus_d_g_draw","disabled","disabled",2022-12-25,2022-12-26,1,"posterior_draw_mean","qdesn_transition_full7_fr09_persistence_innovation_p95","glofas_fit_recovery_transition_full7_20260808_fr09_persistence_innovation_p95","p95",0.532527421233148,0.0892822078870532,0.0305485358471782,0.0305485358471782
"qdesn_transition_full7_fr09_persistence_innovation_p05","qdesn_glofas_discrepancy_fr09_authoritative","qdesn_glofas_discrepancy",0.05,0.705311917979813,3.15146636258413,0.273992161527876,-0.431319756451937,0.277868451003456,-0.431319756451937,"2022-12-27","posterior_draw_glofas_quantile_minus_discrepancy",0.3,"issued_glofas_only","posterior_model_quantile","recursive_latent_path","posterior_draw","q_y_draw_equals_q_g_draw_minus_d_g_draw","disabled","disabled",2022-12-25,2022-12-27,2,"posterior_draw_mean","qdesn_transition_full7_fr09_persistence_innovation_p05","glofas_fit_recovery_transition_full7_20260808_fr09_persistence_innovation_p05","p05",0.705311917979813,0.122307722230216,0.122307722230216,0.122307722230216
"qdesn_transition_full7_fr09_persistence_innovation_p15","qdesn_glofas_discrepancy_fr09_authoritative","qdesn_glofas_discrepancy",0.15,0.921086916965785,3.15146636258413,0.277655192033573,-0.643431724932211,0.277868451003456,-0.643431724932211,"2022-12-27","posterior_draw_glofas_quantile_minus_discrepancy",0.3,"issued_glofas_only","posterior_model_quantile","recursive_latent_path","posterior_draw","q_y_draw_equals_q_g_draw_minus_d_g_draw","disabled","disabled",2022-12-25,2022-12-27,2,"posterior_draw_mean","qdesn_transition_full7_fr09_persistence_innovation_p15","glofas_fit_recovery_transition_full7_20260808_fr09_persistence_innovation_p15","p15",0.921086916965785,0.334556916842752,0.334556916842752,0.334556916842752
"qdesn_transition_full7_fr09_persistence_innovation_p35","qdesn_glofas_discrepancy_fr09_authoritative","qdesn_glofas_discrepancy",0.35,1.27158455932175,3.15146636258413,0.282344516731486,-0.989240042590267,0.283768173130645,-0.989240042590267,"2022-12-27","posterior_draw_glofas_quantile_minus_discrepancy",0.3,"issued_glofas_only","posterior_model_quantile","recursive_latent_path","posterior_draw","q_y_draw_equals_q_g_draw_minus_d_g_draw","disabled","disabled",2022-12-25,2022-12-27,2,"posterior_draw_mean","qdesn_transition_full7_fr09_persistence_innovation_p35","glofas_fit_recovery_transition_full7_20260808_fr09_persistence_innovation_p35","p35",1.27158455932175,0.657958631141833,0.657958631141833,0.657958631141833
"qdesn_transition_full7_fr09_persistence_innovation_p50","qdesn_glofas_discrepancy_fr09_authoritative","qdesn_glofas_discrepancy",0.5,1.53119419651784,3.15146636258413,0.284546646446808,-1.24664755007104,0.283768173130645,-1.24664755007104,"2022-12-27","posterior_draw_glofas_quantile_minus_discrepancy",0.3,"issued_glofas_only","posterior_model_quantile","recursive_latent_path","posterior_draw","q_y_draw_equals_q_g_draw_minus_d_g_draw","disabled","disabled",2022-12-25,2022-12-27,2,"posterior_draw_mean","qdesn_transition_full7_fr09_persistence_innovation_p50","glofas_fit_recovery_transition_full7_20260808_fr09_persistence_innovation_p50","p50",1.53119419651784,0.810136083033145,0.810136083033145,0.810136083033145
"qdesn_transition_full7_fr09_persistence_innovation_p65","qdesn_glofas_discrepancy_fr09_authoritative","qdesn_glofas_discrepancy",0.65,1.98869646433768,3.15146636258413,0.289759466399474,-1.6989369979382,0.286700732856844,-1.6989369979382,"2022-12-27","posterior_draw_glofas_quantile_minus_discrepancy",0.3,"issued_glofas_only","posterior_model_quantile","recursive_latent_path","posterior_draw","q_y_draw_equals_q_g_draw_minus_d_g_draw","disabled","disabled",2022-12-25,2022-12-27,2,"posterior_draw_mean","qdesn_transition_full7_fr09_persistence_innovation_p65","glofas_fit_recovery_transition_full7_20260808_fr09_persistence_innovation_p65","p65",1.98869646433768,0.755800433860192,0.755800433860192,0.755800433860192
"qdesn_transition_full7_fr09_persistence_innovation_p80","qdesn_glofas_discrepancy_fr09_authoritative","qdesn_glofas_discrepancy",0.8,2.48687410994614,3.15146636258413,0.331987558022213,-2.15488655192393,0.329753286372468,-2.15488655192393,"2022-12-27","posterior_draw_glofas_quantile_minus_discrepancy",0.3,"issued_glofas_only","posterior_model_quantile","recursive_latent_path","posterior_draw","q_y_draw_equals_q_g_draw_minus_d_g_draw","disabled","disabled",2022-12-25,2022-12-27,2,"posterior_draw_mean","qdesn_transition_full7_fr09_persistence_innovation_p80","glofas_fit_recovery_transition_full7_20260808_fr09_persistence_innovation_p80","p80",2.48687410994614,0.531673802110392,0.531673802110392,0.531673802110392
"qdesn_transition_full7_fr09_persistence_innovation_p95","qdesn_glofas_discrepancy_fr09_authoritative","qdesn_glofas_discrepancy",0.95,3.65374982932945,3.15146636258413,0.643735769789167,-3.01001405954029,0.641767313581061,-3.01001405954029,"2022-12-27","posterior_draw_glofas_quantile_minus_discrepancy",0.3,"issued_glofas_only","posterior_model_quantile","recursive_latent_path","posterior_draw","q_y_draw_equals_q_g_draw_minus_d_g_draw","disabled","disabled",2022-12-25,2022-12-27,2,"posterior_draw_mean","qdesn_transition_full7_fr09_persistence_innovation_p95","glofas_fit_recovery_transition_full7_20260808_fr09_persistence_innovation_p95","p95",3.65374982932945,0.025114173337266,0.025114173337266,0.025114173337266
"qdesn_transition_full7_fr09_persistence_innovation_p05","qdesn_glofas_discrepancy_fr09_authoritative","qdesn_glofas_discrepancy",0.05,0.241945312933073,2.22662362649429,0.818339847487529,0.576394534554456,0.83646532994508,0.576394534554456,"2022-12-28","posterior_draw_glofas_quantile_minus_discrepancy",0.3,"issued_glofas_only","posterior_model_quantile","recursive_latent_path","posterior_draw","q_y_draw_equals_q_g_draw_minus_d_g_draw","disabled","disabled",2022-12-25,2022-12-28,3,"posterior_draw_mean","qdesn_transition_full7_fr09_persistence_innovation_p05","glofas_fit_recovery_transition_full7_20260808_fr09_persistence_innovation_p05","p05",0.241945312933073,0.0992339156780608,0.0992339156780608,0.0992339156780608
"qdesn_transition_full7_fr09_persistence_innovation_p15","qdesn_glofas_discrepancy_fr09_authoritative","qdesn_glofas_discrepancy",0.15,0.40788343012589,2.22662362649429,0.953202526752989,0.545319096627098,0.959070388945095,0.545319096627098,"2022-12-28","posterior_draw_glofas_quantile_minus_discrepancy",0.3,"issued_glofas_only","posterior_model_quantile","recursive_latent_path","posterior_draw","q_y_draw_equals_q_g_draw_minus_d_g_draw","disabled","disabled",2022-12-25,2022-12-28,3,"posterior_draw_mean","qdesn_transition_full7_fr09_persistence_innovation_p15","glofas_fit_recovery_transition_full7_20260808_fr09_persistence_innovation_p15","p15",0.40788343012589,0.27281102945526,0.27281102945526,0.27281102945526
"qdesn_transition_full7_fr09_persistence_innovation_p35","qdesn_glofas_discrepancy_fr09_authoritative","qdesn_glofas_discrepancy",0.35,0.680273956493076,2.22662362649429,1.05361359481321,0.373339638320131,1.04923507957231,0.373339638320131,"2022-12-28","posterior_draw_glofas_quantile_minus_discrepancy",0.3,"issued_glofas_only","posterior_model_quantile","recursive_latent_path","posterior_draw","q_y_draw_equals_q_g_draw_minus_d_g_draw","disabled","disabled",2022-12-25,2022-12-28,3,"posterior_draw_mean","qdesn_transition_full7_fr09_persistence_innovation_p35","glofas_fit_recovery_transition_full7_20260808_fr09_persistence_innovation_p35","p35",0.680273956493076,0.541222384500425,0.541222384500425,0.541222384500425
"qdesn_transition_full7_fr09_persistence_innovation_p50","qdesn_glofas_discrepancy_fr09_authoritative","qdesn_glofas_discrepancy",0.5,0.832870320970268,2.22662362649429,1.14117886356682,0.308308542596553,1.1268555009815,0.308308542596553,"2022-12-28","posterior_draw_glofas_quantile_minus_discrepancy",0.3,"issued_glofas_only","posterior_model_quantile","recursive_latent_path","posterior_draw","q_y_draw_equals_q_g_draw_minus_d_g_draw","disabled","disabled",2022-12-25,2022-12-28,3,"posterior_draw_mean","qdesn_transition_full7_fr09_persistence_innovation_p50","glofas_fit_recovery_transition_full7_20260808_fr09_persistence_innovation_p50","p50",0.832870320970268,0.696876652762011,0.696876652762011,0.696876652762011
"qdesn_transition_full7_fr09_persistence_innovation_p65","qdesn_glofas_discrepancy_fr09_authoritative","qdesn_glofas_discrepancy",0.65,1.03897690987014,2.22662362649429,1.24219996730833,0.203223057438187,1.22079920556516,0.203223057438187,"2022-12-28","posterior_draw_glofas_quantile_minus_discrepancy",0.3,"issued_glofas_only","posterior_model_quantile","recursive_latent_path","posterior_draw","q_y_draw_equals_q_g_draw_minus_d_g_draw","disabled","disabled",2022-12-25,2022-12-28,3,"posterior_draw_mean","qdesn_transition_full7_fr09_persistence_innovation_p65","glofas_fit_recovery_transition_full7_20260808_fr09_persistence_innovation_p65","p65",1.03897690987014,0.771970365805697,0.771970365805697,0.771970365805697
"qdesn_transition_full7_fr09_persistence_innovation_p80","qdesn_glofas_discrepancy_fr09_authoritative","qdesn_glofas_discrepancy",0.8,1.30495508249626,2.22662362649429,1.31033276164255,0.00537767914628745,1.3028278300968,0.00537767914628745,"2022-12-28","posterior_draw_glofas_quantile_minus_discrepancy",0.3,"issued_glofas_only","posterior_model_quantile","recursive_latent_path","posterior_draw","q_y_draw_equals_q_g_draw_minus_d_g_draw","disabled","disabled",2022-12-25,2022-12-28,3,"posterior_draw_mean","qdesn_transition_full7_fr09_persistence_innovation_p80","glofas_fit_recovery_transition_full7_20260808_fr09_persistence_innovation_p80","p80",1.30495508249626,0.737334835198424,0.737334835198424,0.737334835198424
"qdesn_transition_full7_fr09_persistence_innovation_p95","qdesn_glofas_discrepancy_fr09_authoritative","qdesn_glofas_discrepancy",0.95,1.97379016266456,2.22662362649429,1.54257243786418,-0.431217724800373,1.51312766088714,-0.431217724800373,"2022-12-28","posterior_draw_glofas_quantile_minus_discrepancy",0.3,"issued_glofas_only","posterior_model_quantile","recursive_latent_path","posterior_draw","q_y_draw_equals_q_g_draw_minus_d_g_draw","disabled","disabled",2022-12-25,2022-12-28,3,"posterior_draw_mean","qdesn_transition_full7_fr09_persistence_innovation_p95","glofas_fit_recovery_transition_full7_20260808_fr09_persistence_innovation_p95","p95",1.97379016266456,0.240191790638243,0.240191790638243,0.240191790638243
"qdesn_transition_full7_fr09_persistence_innovation_p05","qdesn_glofas_discrepancy_fr09_authoritative","qdesn_glofas_discrepancy",0.05,0.508737585107099,1.7553629240914,0.923856755454063,0.415119170346964,0.927167655587876,0.415119170346964,"2022-12-29","posterior_draw_glofas_quantile_minus_discrepancy",0.3,"issued_glofas_only","posterior_model_quantile","recursive_latent_path","posterior_draw","q_y_draw_equals_q_g_draw_minus_d_g_draw","disabled","disabled",2022-12-25,2022-12-29,4,"posterior_draw_mean","qdesn_transition_full7_fr09_persistence_innovation_p05","glofas_fit_recovery_transition_full7_20260808_fr09_persistence_innovation_p05","p05",0.508737585107099,0.0623312669492151,0.0623312669492151,0.0623312669492151
"qdesn_transition_full7_fr09_persistence_innovation_p15","qdesn_glofas_discrepancy_fr09_authoritative","qdesn_glofas_discrepancy",0.15,0.630094656588438,1.7553629240914,0.992742471011494,0.362647814423056,0.994408511138107,0.362647814423056,"2022-12-29","posterior_draw_glofas_quantile_minus_discrepancy",0.3,"issued_glofas_only","posterior_model_quantile","recursive_latent_path","posterior_draw","q_y_draw_equals_q_g_draw_minus_d_g_draw","disabled","disabled",2022-12-25,2022-12-29,4,"posterior_draw_mean","qdesn_transition_full7_fr09_persistence_innovation_p15","glofas_fit_recovery_transition_full7_20260808_fr09_persistence_innovation_p15","p15",0.630094656588438,0.168790240125444,0.168790240125444,0.168790240125444
"qdesn_transition_full7_fr09_persistence_innovation_p35","qdesn_glofas_discrepancy_fr09_authoritative","qdesn_glofas_discrepancy",0.35,0.85963249497435,1.7553629240914,1.09021137877394,0.230578883799589,1.09338691823406,0.230578883799589,"2022-12-29","posterior_draw_glofas_quantile_minus_discrepancy",0.3,"issued_glofas_only","posterior_model_quantile","recursive_latent_path","posterior_draw","q_y_draw_equals_q_g_draw_minus_d_g_draw","disabled","disabled",2022-12-25,2022-12-29,4,"posterior_draw_mean","qdesn_transition_full7_fr09_persistence_innovation_p35","glofas_fit_recovery_transition_full7_20260808_fr09_persistence_innovation_p35","p35",0.85963249497435,0.313505650190967,0.313505650190967,0.313505650190967
"qdesn_transition_full7_fr09_persistence_innovation_p50","qdesn_glofas_discrepancy_fr09_authoritative","qdesn_glofas_discrepancy",0.5,0.996192424902426,1.7553629240914,1.17618974541049,0.179997320508067,1.1738357099057,0.179997320508067,"2022-12-29","posterior_draw_glofas_quantile_minus_discrepancy",0.3,"issued_glofas_only","posterior_model_quantile","recursive_latent_path","posterior_draw","q_y_draw_equals_q_g_draw_minus_d_g_draw","disabled","disabled",2022-12-25,2022-12-29,4,"posterior_draw_mean","qdesn_transition_full7_fr09_persistence_innovation_p50","glofas_fit_recovery_transition_full7_20260808_fr09_persistence_innovation_p50","p50",0.996192424902426,0.379585249594487,0.379585249594487,0.379585249594487
"qdesn_transition_full7_fr09_persistence_innovation_p65","qdesn_glofas_discrepancy_fr09_authoritative","qdesn_glofas_discrepancy",0.65,1.18602760987558,1.7553629240914,1.27017085893948,0.084143249063897,1.26602811951966,0.084143249063897,"2022-12-29","posterior_draw_glofas_quantile_minus_discrepancy",0.3,"issued_glofas_only","posterior_model_quantile","recursive_latent_path","posterior_draw","q_y_draw_equals_q_g_draw_minus_d_g_draw","disabled","disabled",2022-12-25,2022-12-29,4,"posterior_draw_mean","qdesn_transition_full7_fr09_persistence_innovation_p65","glofas_fit_recovery_transition_full7_20260808_fr09_persistence_innovation_p65","p65",1.18602760987558,0.370067954240283,0.370067954240283,0.370067954240283
"qdesn_transition_full7_fr09_persistence_innovation_p80","qdesn_glofas_discrepancy_fr09_authoritative","qdesn_glofas_discrepancy",0.8,1.38493183835306,1.7553629240914,1.40153764755896,0.0166058092059061,1.39794497833987,0.0166058092059061,"2022-12-29","posterior_draw_glofas_quantile_minus_discrepancy",0.3,"issued_glofas_only","posterior_model_quantile","recursive_latent_path","posterior_draw","q_y_draw_equals_q_g_draw_minus_d_g_draw","disabled","disabled",2022-12-25,2022-12-29,4,"posterior_draw_mean","qdesn_transition_full7_fr09_persistence_innovation_p80","glofas_fit_recovery_transition_full7_20260808_fr09_persistence_innovation_p80","p80",1.38493183835306,0.296344868590672,0.296344868590672,0.296344868590672
"qdesn_transition_full7_fr09_persistence_innovation_p95","qdesn_glofas_discrepancy_fr09_authoritative","qdesn_glofas_discrepancy",0.95,2.09604252996996,1.7553629240914,1.60565441029225,-0.490388119677709,1.54995705816708,-0.490388119677709,"2022-12-29","posterior_draw_glofas_quantile_minus_discrepancy",0.3,"issued_glofas_only","posterior_model_quantile","recursive_latent_path","posterior_draw","q_y_draw_equals_q_g_draw_minus_d_g_draw","disabled","disabled",2022-12-25,2022-12-29,4,"posterior_draw_mean","qdesn_transition_full7_fr09_persistence_innovation_p95","glofas_fit_recovery_transition_full7_20260808_fr09_persistence_innovation_p95","p95",2.09604252996996,0.017033980293928,0.017033980293928,0.017033980293928
"qdesn_transition_full7_fr09_persistence_innovation_p05","qdesn_glofas_discrepancy_fr09_authoritative","qdesn_glofas_discrepancy",0.05,0.912466980749044,2.74437307549665,1.00351651266255,0.0910495319135039,1.02132780309448,0.0910495319135039,"2022-12-30","posterior_draw_glofas_quantile_minus_discrepancy",0.3,"issued_glofas_only","posterior_model_quantile","recursive_latent_path","posterior_draw","q_y_draw_equals_q_g_draw_minus_d_g_draw","disabled","disabled",2022-12-25,2022-12-30,5,"posterior_draw_mean","qdesn_transition_full7_fr09_persistence_innovation_p05","glofas_fit_recovery_transition_full7_20260808_fr09_persistence_innovation_p05","p05",0.912466980749044,0.0915953047373803,0.0915953047373803,0.0915953047373803
"qdesn_transition_full7_fr09_persistence_innovation_p15","qdesn_glofas_discrepancy_fr09_authoritative","qdesn_glofas_discrepancy",0.15,1.28721981288049,2.74437307549665,1.1557521439658,-0.131467668914693,1.15923390682308,-0.131467668914693,"2022-12-30","posterior_draw_glofas_quantile_minus_discrepancy",0.3,"issued_glofas_only","posterior_model_quantile","recursive_latent_path","posterior_draw","q_y_draw_equals_q_g_draw_minus_d_g_draw","disabled","disabled",2022-12-25,2022-12-30,5,"posterior_draw_mean","qdesn_transition_full7_fr09_persistence_innovation_p15","glofas_fit_recovery_transition_full7_20260808_fr09_persistence_innovation_p15","p15",1.28721981288049,0.218572989392424,0.218572989392424,0.218572989392424
"qdesn_transition_full7_fr09_persistence_innovation_p35","qdesn_glofas_discrepancy_fr09_authoritative","qdesn_glofas_discrepancy",0.35,1.60767592589668,2.74437307549665,1.22984529301286,-0.37783063288382,1.22790031294312,-0.37783063288382,"2022-12-30","posterior_draw_glofas_quantile_minus_discrepancy",0.3,"issued_glofas_only","posterior_model_quantile","recursive_latent_path","posterior_draw","q_y_draw_equals_q_g_draw_minus_d_g_draw","disabled","disabled",2022-12-25,2022-12-30,5,"posterior_draw_mean","qdesn_transition_full7_fr09_persistence_innovation_p35","glofas_fit_recovery_transition_full7_20260808_fr09_persistence_innovation_p35","p35",1.60767592589668,0.39784400235999,0.39784400235999,0.39784400235999
"qdesn_transition_full7_fr09_persistence_innovation_p50","qdesn_glofas_discrepancy_fr09_authoritative","qdesn_glofas_discrepancy",0.5,1.84434894194509,2.74437307549665,1.31587386701417,-0.528475074930916,1.33005464279701,-0.528475074930916,"2022-12-30","posterior_draw_glofas_quantile_minus_discrepancy",0.3,"issued_glofas_only","posterior_model_quantile","recursive_latent_path","posterior_draw","q_y_draw_equals_q_g_draw_minus_d_g_draw","disabled","disabled",2022-12-25,2022-12-30,5,"posterior_draw_mean","qdesn_transition_full7_fr09_persistence_innovation_p50","glofas_fit_recovery_transition_full7_20260808_fr09_persistence_innovation_p50","p50",1.84434894194509,0.45001206677578,0.45001206677578,0.45001206677578
"qdesn_transition_full7_fr09_persistence_innovation_p65","qdesn_glofas_discrepancy_fr09_authoritative","qdesn_glofas_discrepancy",0.65,2.31685593487322,2.74437307549665,1.46639560120284,-0.850460333670378,1.46783469941767,-0.850460333670378,"2022-12-30","posterior_draw_glofas_quantile_minus_discrepancy",0.3,"issued_glofas_only","posterior_model_quantile","recursive_latent_path","posterior_draw","q_y_draw_equals_q_g_draw_minus_d_g_draw","disabled","disabled",2022-12-25,2022-12-30,5,"posterior_draw_mean","qdesn_transition_full7_fr09_persistence_innovation_p65","glofas_fit_recovery_transition_full7_20260808_fr09_persistence_innovation_p65","p65",2.31685593487322,0.27788614140523,0.27788614140523,0.27788614140523
"qdesn_transition_full7_fr09_persistence_innovation_p80","qdesn_glofas_discrepancy_fr09_authoritative","qdesn_glofas_discrepancy",0.8,2.6498867916831,2.74437307549665,1.55047836178113,-1.09940842990197,1.55319819411122,-1.09940842990197,"2022-12-30","posterior_draw_glofas_quantile_minus_discrepancy",0.3,"issued_glofas_only","posterior_model_quantile","recursive_latent_path","posterior_draw","q_y_draw_equals_q_g_draw_minus_d_g_draw","disabled","disabled",2022-12-25,2022-12-30,5,"posterior_draw_mean","qdesn_transition_full7_fr09_persistence_innovation_p80","glofas_fit_recovery_transition_full7_20260808_fr09_persistence_innovation_p80","p80",2.6498867916831,0.0755890270508402,0.0755890270508402,0.0755890270508402
"qdesn_transition_full7_fr09_persistence_innovation_p95","qdesn_glofas_discrepancy_fr09_authoritative","qdesn_glofas_discrepancy",0.95,3.38338034026666,2.74437307549665,1.69587695615081,-1.68750338411584,1.69259842171405,-1.68750338411584,"2022-12-30","posterior_draw_glofas_quantile_minus_discrepancy",0.3,"issued_glofas_only","posterior_model_quantile","recursive_latent_path","posterior_draw","q_y_draw_equals_q_g_draw_minus_d_g_draw","disabled","disabled",2022-12-25,2022-12-30,5,"posterior_draw_mean","qdesn_transition_full7_fr09_persistence_innovation_p95","glofas_fit_recovery_transition_full7_20260808_fr09_persistence_innovation_p95","p95",3.38338034026666,0.0319503632385005,0.0319503632385005,0.0319503632385005
"qdesn_transition_full7_fr09_persistence_innovation_p05","qdesn_glofas_discrepancy_fr09_authoritative","qdesn_glofas_discrepancy",0.05,0.857895817529781,5.22981641170739,1.23786465179886,0.379968834269078,1.27729754004953,0.379968834269078,"2022-12-31","posterior_draw_glofas_quantile_minus_discrepancy",0.3,"issued_glofas_only","posterior_model_quantile","recursive_latent_path","posterior_draw","q_y_draw_equals_q_g_draw_minus_d_g_draw","disabled","disabled",2022-12-25,2022-12-31,6,"posterior_draw_mean","qdesn_transition_full7_fr09_persistence_innovation_p05","glofas_fit_recovery_transition_full7_20260808_fr09_persistence_innovation_p05","p05",0.857895817529781,0.21859602970888,0.21859602970888,0.21859602970888
"qdesn_transition_full7_fr09_persistence_innovation_p15","qdesn_glofas_discrepancy_fr09_authoritative","qdesn_glofas_discrepancy",0.15,1.29179446095314,5.22981641170739,1.42510181343384,0.133307352480701,1.42929052800564,0.133307352480701,"2022-12-31","posterior_draw_glofas_quantile_minus_discrepancy",0.3,"issued_glofas_only","posterior_model_quantile","recursive_latent_path","posterior_draw","q_y_draw_equals_q_g_draw_minus_d_g_draw","disabled","disabled",2022-12-25,2022-12-31,6,"posterior_draw_mean","qdesn_transition_full7_fr09_persistence_innovation_p15","glofas_fit_recovery_transition_full7_20260808_fr09_persistence_innovation_p15","p15",1.29179446095314,0.590703292613138,0.590703292613138,0.590703292613138
"qdesn_transition_full7_fr09_persistence_innovation_p35","qdesn_glofas_discrepancy_fr09_authoritative","qdesn_glofas_discrepancy",0.35,1.78145608143687,5.22981641170739,1.57715086879648,-0.204305212640385,1.57768791338942,-0.204305212640385,"2022-12-31","posterior_draw_glofas_quantile_minus_discrepancy",0.3,"issued_glofas_only","posterior_model_quantile","recursive_latent_path","posterior_draw","q_y_draw_equals_q_g_draw_minus_d_g_draw","disabled","disabled",2022-12-25,2022-12-31,6,"posterior_draw_mean","qdesn_transition_full7_fr09_persistence_innovation_p35","glofas_fit_recovery_transition_full7_20260808_fr09_persistence_innovation_p35","p35",1.78145608143687,1.20692611559468,1.20692611559468,1.20692611559468
"qdesn_transition_full7_fr09_persistence_innovation_p50","qdesn_glofas_discrepancy_fr09_authoritative","qdesn_glofas_discrepancy",0.5,2.06718020336797,5.22981641170739,1.66935591494497,-0.397824288422992,1.6715320422299,-0.397824288422992,"2022-12-31","posterior_draw_glofas_quantile_minus_discrepancy",0.3,"issued_glofas_only","posterior_model_quantile","recursive_latent_path","posterior_draw","q_y_draw_equals_q_g_draw_minus_d_g_draw","disabled","disabled",2022-12-25,2022-12-31,6,"posterior_draw_mean","qdesn_transition_full7_fr09_persistence_innovation_p50","glofas_fit_recovery_transition_full7_20260808_fr09_persistence_innovation_p50","p50",2.06718020336797,1.58131810416971,1.58131810416971,1.58131810416971
"qdesn_transition_full7_fr09_persistence_innovation_p65","qdesn_glofas_discrepancy_fr09_authoritative","qdesn_glofas_discrepancy",0.65,2.47596310350252,5.22981641170739,1.71206074094068,-0.763902362561848,1.70828667742547,-0.763902362561848,"2022-12-31","posterior_draw_glofas_quantile_minus_discrepancy",0.3,"issued_glofas_only","posterior_model_quantile","recursive_latent_path","posterior_draw","q_y_draw_equals_q_g_draw_minus_d_g_draw","disabled","disabled",2022-12-25,2022-12-31,6,"posterior_draw_mean","qdesn_transition_full7_fr09_persistence_innovation_p65","glofas_fit_recovery_transition_full7_20260808_fr09_persistence_innovation_p65","p65",2.47596310350252,1.79000465033317,1.79000465033317,1.79000465033317
"qdesn_transition_full7_fr09_persistence_innovation_p80","qdesn_glofas_discrepancy_fr09_authoritative","qdesn_glofas_discrepancy",0.8,2.9275794549562,5.22981641170739,1.82162974773419,-1.10594970722201,1.82126770384804,-1.10594970722201,"2022-12-31","posterior_draw_glofas_quantile_minus_discrepancy",0.3,"issued_glofas_only","posterior_model_quantile","recursive_latent_path","posterior_draw","q_y_draw_equals_q_g_draw_minus_d_g_draw","disabled","disabled",2022-12-25,2022-12-31,6,"posterior_draw_mean","qdesn_transition_full7_fr09_persistence_innovation_p80","glofas_fit_recovery_transition_full7_20260808_fr09_persistence_innovation_p80","p80",2.9275794549562,1.84178956540095,1.84178956540095,1.84178956540095
"qdesn_transition_full7_fr09_persistence_innovation_p95","qdesn_glofas_discrepancy_fr09_authoritative","qdesn_glofas_discrepancy",0.95,3.7380947161728,5.22981641170739,2.05315043960925,-1.68494427656355,2.04920063203768,-1.68494427656355,"2022-12-31","posterior_draw_glofas_quantile_minus_discrepancy",0.3,"issued_glofas_only","posterior_model_quantile","recursive_latent_path","posterior_draw","q_y_draw_equals_q_g_draw_minus_d_g_draw","disabled","disabled",2022-12-25,2022-12-31,6,"posterior_draw_mean","qdesn_transition_full7_fr09_persistence_innovation_p95","glofas_fit_recovery_transition_full7_20260808_fr09_persistence_innovation_p95","p95",3.7380947161728,1.41713561075786,1.41713561075786,1.41713561075786
"qdesn_transition_full7_fr09_persistence_innovation_p05","qdesn_glofas_discrepancy_fr09_authoritative","qdesn_glofas_discrepancy",0.05,0.761971830887453,3.81677670514748,1.48798861826809,0.726016787380642,1.50392666997048,0.726016787380642,"2023-01-01","posterior_draw_glofas_quantile_minus_discrepancy",0.3,"issued_glofas_only","posterior_model_quantile","recursive_latent_path","posterior_draw","q_y_draw_equals_q_g_draw_minus_d_g_draw","disabled","disabled",2022-12-25,2023-01-01,7,"posterior_draw_mean","qdesn_transition_full7_fr09_persistence_innovation_p05","glofas_fit_recovery_transition_full7_20260808_fr09_persistence_innovation_p05","p05",0.761971830887453,0.152740243713001,0.152740243713001,0.152740243713001
"qdesn_transition_full7_fr09_persistence_innovation_p15","qdesn_glofas_discrepancy_fr09_authoritative","qdesn_glofas_discrepancy",0.15,1.14399680006172,3.81677670514748,1.60335075580082,0.459353955739105,1.60708865204332,0.459353955739105,"2023-01-01","posterior_draw_glofas_quantile_minus_discrepancy",0.3,"issued_glofas_only","posterior_model_quantile","recursive_latent_path","posterior_draw","q_y_draw_equals_q_g_draw_minus_d_g_draw","disabled","disabled",2022-12-25,2023-01-01,7,"posterior_draw_mean","qdesn_transition_full7_fr09_persistence_innovation_p15","glofas_fit_recovery_transition_full7_20260808_fr09_persistence_innovation_p15","p15",1.14399680006172,0.400916985762864,0.400916985762864,0.400916985762864
"qdesn_transition_full7_fr09_persistence_innovation_p35","qdesn_glofas_discrepancy_fr09_authoritative","qdesn_glofas_discrepancy",0.35,1.7931591942357,3.81677670514748,1.81601714623602,0.0228579520003269,1.82617813561359,0.0228579520003269,"2023-01-01","posterior_draw_glofas_quantile_minus_discrepancy",0.3,"issued_glofas_only","posterior_model_quantile","recursive_latent_path","posterior_draw","q_y_draw_equals_q_g_draw_minus_d_g_draw","disabled","disabled",2022-12-25,2023-01-01,7,"posterior_draw_mean","qdesn_transition_full7_fr09_persistence_innovation_p35","glofas_fit_recovery_transition_full7_20260808_fr09_persistence_innovation_p35","p35",1.7931591942357,0.708266128819123,0.708266128819123,0.708266128819123
"qdesn_transition_full7_fr09_persistence_innovation_p50","qdesn_glofas_discrepancy_fr09_authoritative","qdesn_glofas_discrepancy",0.5,2.14343517686995,3.81677670514748,1.93738142349471,-0.206053753375239,1.94031416355119,-0.206053753375239,"2023-01-01","posterior_draw_glofas_quantile_minus_discrepancy",0.3,"issued_glofas_only","posterior_model_quantile","recursive_latent_path","posterior_draw","q_y_draw_equals_q_g_draw_minus_d_g_draw","disabled","disabled",2022-12-25,2023-01-01,7,"posterior_draw_mean","qdesn_transition_full7_fr09_persistence_innovation_p50","glofas_fit_recovery_transition_full7_20260808_fr09_persistence_innovation_p50","p50",2.14343517686995,0.836670764138765,0.836670764138765,0.836670764138765
"qdesn_transition_full7_fr09_persistence_innovation_p65","qdesn_glofas_discrepancy_fr09_authoritative","qdesn_glofas_discrepancy",0.65,2.62762635310415,3.81677670514748,2.00925557270033,-0.618370780403819,2.0065209783999,-0.618370780403819,"2023-01-01","posterior_draw_glofas_quantile_minus_discrepancy",0.3,"issued_glofas_only","posterior_model_quantile","recursive_latent_path","posterior_draw","q_y_draw_equals_q_g_draw_minus_d_g_draw","disabled","disabled",2022-12-25,2023-01-01,7,"posterior_draw_mean","qdesn_transition_full7_fr09_persistence_innovation_p65","glofas_fit_recovery_transition_full7_20260808_fr09_persistence_innovation_p65","p65",2.62762635310415,0.772947728828164,0.772947728828164,0.772947728828164
"qdesn_transition_full7_fr09_persistence_innovation_p80","qdesn_glofas_discrepancy_fr09_authoritative","qdesn_glofas_discrepancy",0.8,3.06793406902056,3.81677670514748,2.09416510669584,-0.973768962324722,2.09302079980622,-0.973768962324722,"2023-01-01","posterior_draw_glofas_quantile_minus_discrepancy",0.3,"issued_glofas_only","posterior_model_quantile","recursive_latent_path","posterior_draw","q_y_draw_equals_q_g_draw_minus_d_g_draw","disabled","disabled",2022-12-25,2023-01-01,7,"posterior_draw_mean","qdesn_transition_full7_fr09_persistence_innovation_p80","glofas_fit_recovery_transition_full7_20260808_fr09_persistence_innovation_p80","p80",3.06793406902056,0.599074108901536,0.599074108901535,0.599074108901535
"qdesn_transition_full7_fr09_persistence_innovation_p95","qdesn_glofas_discrepancy_fr09_authoritative","qdesn_glofas_discrepancy",0.95,3.91163081949637,3.81677670514748,2.30443791323973,-1.60719290625663,2.29826164498126,-1.60719290625663,"2023-01-01","posterior_draw_glofas_quantile_minus_discrepancy",0.3,"issued_glofas_only","posterior_model_quantile","recursive_latent_path","posterior_draw","q_y_draw_equals_q_g_draw_minus_d_g_draw","disabled","disabled",2022-12-25,2023-01-01,7,"posterior_draw_mean","qdesn_transition_full7_fr09_persistence_innovation_p95","glofas_fit_recovery_transition_full7_20260808_fr09_persistence_innovation_p95","p95",3.91163081949637,0.00474270571744451,0.00474270571744451,0.00474270571744451
"qdesn_transition_full7_fr09_persistence_innovation_p05","qdesn_glofas_discrepancy_fr09_authoritative","qdesn_glofas_discrepancy",0.05,0.313952845410697,2.98006613573275,1.39755061507783,1.08359776966713,1.4140221660756,1.08359776966713,"2023-01-02","posterior_draw_glofas_quantile_minus_discrepancy",0.3,"issued_glofas_only","posterior_model_quantile","recursive_latent_path","posterior_draw","q_y_draw_equals_q_g_draw_minus_d_g_draw","disabled","disabled",2022-12-25,2023-01-02,8,"posterior_draw_mean","qdesn_transition_full7_fr09_persistence_innovation_p05","glofas_fit_recovery_transition_full7_20260808_fr09_persistence_innovation_p05","p05",0.313952845410697,0.133305664516103,0.133305664516103,0.133305664516103
"qdesn_transition_full7_fr09_persistence_innovation_p15","qdesn_glofas_discrepancy_fr09_authoritative","qdesn_glofas_discrepancy",0.15,0.558154568771432,2.98006613573275,1.53940144547654,0.981246876705111,1.54322994066377,0.981246876705111,"2023-01-02","posterior_draw_glofas_quantile_minus_discrepancy",0.3,"issued_glofas_only","posterior_model_quantile","recursive_latent_path","posterior_draw","q_y_draw_equals_q_g_draw_minus_d_g_draw","disabled","disabled",2022-12-25,2023-01-02,8,"posterior_draw_mean","qdesn_transition_full7_fr09_persistence_innovation_p15","glofas_fit_recovery_transition_full7_20260808_fr09_persistence_innovation_p15","p15",0.558154568771432,0.363286735044198,0.363286735044198,0.363286735044198
"qdesn_transition_full7_fr09_persistence_innovation_p35","qdesn_glofas_discrepancy_fr09_authoritative","qdesn_glofas_discrepancy",0.35,1.01003895848744,2.98006613573275,1.81923346203424,0.809194503546807,1.82502464484329,0.809194503546807,"2023-01-02","posterior_draw_glofas_quantile_minus_discrepancy",0.3,"issued_glofas_only","posterior_model_quantile","recursive_latent_path","posterior_draw","q_y_draw_equals_q_g_draw_minus_d_g_draw","disabled","disabled",2022-12-25,2023-01-02,8,"posterior_draw_mean","qdesn_transition_full7_fr09_persistence_innovation_p35","glofas_fit_recovery_transition_full7_20260808_fr09_persistence_innovation_p35","p35",1.01003895848744,0.689509512035858,0.689509512035858,0.689509512035858
"qdesn_transition_full7_fr09_persistence_innovation_p50","qdesn_glofas_discrepancy_fr09_authoritative","qdesn_glofas_discrepancy",0.5,1.16716281007902,2.98006613573275,1.90031452952813,0.733151719449111,1.8955562629097,0.733151719449111,"2023-01-02","posterior_draw_glofas_quantile_minus_discrepancy",0.3,"issued_glofas_only","posterior_model_quantile","recursive_latent_path","posterior_draw","q_y_draw_equals_q_g_draw_minus_d_g_draw","disabled","disabled",2022-12-25,2023-01-02,8,"posterior_draw_mean","qdesn_transition_full7_fr09_persistence_innovation_p50","glofas_fit_recovery_transition_full7_20260808_fr09_persistence_innovation_p50","p50",1.16716281007902,0.906451662826865,0.906451662826865,0.906451662826865
"qdesn_transition_full7_fr09_persistence_innovation_p65","qdesn_glofas_discrepancy_fr09_authoritative","qdesn_glofas_discrepancy",0.65,1.28873286802855,2.98006613573275,1.99587926922999,0.70714640120144,1.98470239149622,0.70714640120144,"2023-01-02","posterior_draw_glofas_quantile_minus_discrepancy",0.3,"issued_glofas_only","posterior_model_quantile","recursive_latent_path","posterior_draw","q_y_draw_equals_q_g_draw_minus_d_g_draw","disabled","disabled",2022-12-25,2023-01-02,8,"posterior_draw_mean","qdesn_transition_full7_fr09_persistence_innovation_p65","glofas_fit_recovery_transition_full7_20260808_fr09_persistence_innovation_p65","p65",1.28873286802855,1.09936662400773,1.09936662400773,1.09936662400773
"qdesn_transition_full7_fr09_persistence_innovation_p80","qdesn_glofas_discrepancy_fr09_authoritative","qdesn_glofas_discrepancy",0.8,1.53478748967881,2.98006613573275,2.05883843344714,0.524050943768327,2.05071247323898,0.524050943768327,"2023-01-02","posterior_draw_glofas_quantile_minus_discrepancy",0.3,"issued_glofas_only","posterior_model_quantile","recursive_latent_path","posterior_draw","q_y_draw_equals_q_g_draw_minus_d_g_draw","disabled","disabled",2022-12-25,2023-01-02,8,"posterior_draw_mean","qdesn_transition_full7_fr09_persistence_innovation_p80","glofas_fit_recovery_transition_full7_20260808_fr09_persistence_innovation_p80","p80",1.53478748967881,1.15622291684315,1.15622291684315,1.15622291684315
"qdesn_transition_full7_fr09_persistence_innovation_p95","qdesn_glofas_discrepancy_fr09_authoritative","qdesn_glofas_discrepancy",0.95,2.47611489173055,2.98006613573275,2.30831181187414,-0.167803079856412,2.25530766804234,-0.167803079856412,"2023-01-02","posterior_draw_glofas_quantile_minus_discrepancy",0.3,"issued_glofas_only","posterior_model_quantile","recursive_latent_path","posterior_draw","q_y_draw_equals_q_g_draw_minus_d_g_draw","disabled","disabled",2022-12-25,2023-01-02,8,"posterior_draw_mean","qdesn_transition_full7_fr09_persistence_innovation_p95","glofas_fit_recovery_transition_full7_20260808_fr09_persistence_innovation_p95","p95",2.47611489173055,0.47875368180209,0.478753681802089,0.478753681802089
"qdesn_transition_full7_fr09_persistence_innovation_p05","qdesn_glofas_discrepancy_fr09_authoritative","qdesn_glofas_discrepancy",0.05,1.07121523648406,2.790618772341,1.46537214704735,0.394156910563299,1.48024668428203,0.394156910563299,"2023-01-03","posterior_draw_glofas_quantile_minus_discrepancy",0.3,"issued_glofas_only","posterior_model_quantile","recursive_latent_path","posterior_draw","q_y_draw_equals_q_g_draw_minus_d_g_draw","disabled","disabled",2022-12-25,2023-01-03,9,"posterior_draw_mean","qdesn_transition_full7_fr09_persistence_innovation_p05","glofas_fit_recovery_transition_full7_20260808_fr09_persistence_innovation_p05","p05",1.07121523648406,0.085970176792847,0.085970176792847,0.085970176792847
"qdesn_transition_full7_fr09_persistence_innovation_p15","qdesn_glofas_discrepancy_fr09_authoritative","qdesn_glofas_discrepancy",0.15,1.44392625254653,2.790618772341,1.60570238290577,0.16177613035924,1.60943669172949,0.16177613035924,"2023-01-03","posterior_draw_glofas_quantile_minus_discrepancy",0.3,"issued_glofas_only","posterior_model_quantile","recursive_latent_path","posterior_draw","q_y_draw_equals_q_g_draw_minus_d_g_draw","disabled","disabled",2022-12-25,2023-01-03,9,"posterior_draw_mean","qdesn_transition_full7_fr09_persistence_innovation_p15","glofas_fit_recovery_transition_full7_20260808_fr09_persistence_innovation_p15","p15",1.44392625254653,0.20200387796917,0.20200387796917,0.20200387796917
"qdesn_transition_full7_fr09_persistence_innovation_p35","qdesn_glofas_discrepancy_fr09_authoritative","qdesn_glofas_discrepancy",0.35,1.90767193406956,2.790618772341,1.86684070984788,-0.0408312242216854,1.8746299527491,-0.0408312242216854,"2023-01-03","posterior_draw_glofas_quantile_minus_discrepancy",0.3,"issued_glofas_only","posterior_model_quantile","recursive_latent_path","posterior_draw","q_y_draw_equals_q_g_draw_minus_d_g_draw","disabled","disabled",2022-12-25,2023-01-03,9,"posterior_draw_mean","qdesn_transition_full7_fr09_persistence_innovation_p35","glofas_fit_recovery_transition_full7_20260808_fr09_persistence_innovation_p35","p35",1.90767193406956,0.309031393395004,0.309031393395004,0.309031393395004
"qdesn_transition_full7_fr09_persistence_innovation_p50","qdesn_glofas_discrepancy_fr09_authoritative","qdesn_glofas_discrepancy",0.5,2.15966864536099,2.790618772341,1.99901368044195,-0.160654964919046,2.0023242383354,-0.160654964919046,"2023-01-03","posterior_draw_glofas_quantile_minus_discrepancy",0.3,"issued_glofas_only","posterior_model_quantile","recursive_latent_path","posterior_draw","q_y_draw_equals_q_g_draw_minus_d_g_draw","disabled","disabled",2022-12-25,2023-01-03,9,"posterior_draw_mean","qdesn_transition_full7_fr09_persistence_innovation_p50","glofas_fit_recovery_transition_full7_20260808_fr09_persistence_innovation_p50","p50",2.15966864536099,0.315475063490005,0.315475063490005,0.315475063490005
"qdesn_transition_full7_fr09_persistence_innovation_p65","qdesn_glofas_discrepancy_fr09_authoritative","qdesn_glofas_discrepancy",0.65,2.47105116801923,2.790618772341,2.08419208354029,-0.386859084478947,2.0812858798981,-0.386859084478947,"2023-01-03","posterior_draw_glofas_quantile_minus_discrepancy",0.3,"issued_glofas_only","posterior_model_quantile","recursive_latent_path","posterior_draw","q_y_draw_equals_q_g_draw_minus_d_g_draw","disabled","disabled",2022-12-25,2023-01-03,9,"posterior_draw_mean","qdesn_transition_full7_fr09_persistence_innovation_p65","glofas_fit_recovery_transition_full7_20260808_fr09_persistence_innovation_p65","p65",2.47105116801923,0.20771894280915,0.207718942809151,0.207718942809151
"qdesn_transition_full7_fr09_persistence_innovation_p80","qdesn_glofas_discrepancy_fr09_authoritative","qdesn_glofas_discrepancy",0.8,2.74961511909609,2.790618772341,2.27137693472224,-0.478238184373851,2.27726728500976,-0.478238184373851,"2023-01-03","posterior_draw_glofas_quantile_minus_discrepancy",0.3,"issued_glofas_only","posterior_model_quantile","recursive_latent_path","posterior_draw","q_y_draw_equals_q_g_draw_minus_d_g_draw","disabled","disabled",2022-12-25,2023-01-03,9,"posterior_draw_mean","qdesn_transition_full7_fr09_persistence_innovation_p80","glofas_fit_recovery_transition_full7_20260808_fr09_persistence_innovation_p80","p80",2.74961511909609,0.0328029225959281,0.0328029225959281,0.0328029225959281
"qdesn_transition_full7_fr09_persistence_innovation_p95","qdesn_glofas_discrepancy_fr09_authoritative","qdesn_glofas_discrepancy",0.95,3.6291927315116,2.790618772341,2.5324441624899,-1.0967485690217,2.52624400362176,-1.0967485690217,"2023-01-03","posterior_draw_glofas_quantile_minus_discrepancy",0.3,"issued_glofas_only","posterior_model_quantile","recursive_latent_path","posterior_draw","q_y_draw_equals_q_g_draw_minus_d_g_draw","disabled","disabled",2022-12-25,2023-01-03,9,"posterior_draw_mean","qdesn_transition_full7_fr09_persistence_innovation_p95","glofas_fit_recovery_transition_full7_20260808_fr09_persistence_innovation_p95","p95",3.6291927315116,0.04192869795853,0.04192869795853,0.04192869795853
"qdesn_transition_full7_fr09_persistence_innovation_p05","qdesn_glofas_discrepancy_fr09_authoritative","qdesn_glofas_discrepancy",0.05,1.22119947569562,3.42532687410412,1.5249136205295,0.303714144833877,1.54059760555945,0.303714144833877,"2023-01-04","posterior_draw_glofas_quantile_minus_discrepancy",0.3,"issued_glofas_only","posterior_model_quantile","recursive_latent_path","posterior_draw","q_y_draw_equals_q_g_draw_minus_d_g_draw","disabled","disabled",2022-12-25,2023-01-04,10,"posterior_draw_mean","qdesn_transition_full7_fr09_persistence_innovation_p05","glofas_fit_recovery_transition_full7_20260808_fr09_persistence_innovation_p05","p05",1.22119947569562,0.110206369920425,0.110206369920425,0.110206369920425
"qdesn_transition_full7_fr09_persistence_innovation_p15","qdesn_glofas_discrepancy_fr09_authoritative","qdesn_glofas_discrepancy",0.15,1.62768053473143,3.42532687410412,1.75373069790924,0.126050163177814,1.75998818831309,0.126050163177814,"2023-01-04","posterior_draw_glofas_quantile_minus_discrepancy",0.3,"issued_glofas_only","posterior_model_quantile","recursive_latent_path","posterior_draw","q_y_draw_equals_q_g_draw_minus_d_g_draw","disabled","disabled",2022-12-25,2023-01-04,10,"posterior_draw_mean","qdesn_transition_full7_fr09_persistence_innovation_p15","glofas_fit_recovery_transition_full7_20260808_fr09_persistence_innovation_p15","p15",1.62768053473143,0.269646950905903,0.269646950905904,0.269646950905904
"qdesn_transition_full7_fr09_persistence_innovation_p35","qdesn_glofas_discrepancy_fr09_authoritative","qdesn_glofas_discrepancy",0.35,2.02918605336749,3.42532687410412,2.00553435461318,-0.0236516987543128,2.00967888363396,-0.0236516987543128,"2023-01-04","posterior_draw_glofas_quantile_minus_discrepancy",0.3,"issued_glofas_only","posterior_model_quantile","recursive_latent_path","posterior_draw","q_y_draw_equals_q_g_draw_minus_d_g_draw","disabled","disabled",2022-12-25,2023-01-04,10,"posterior_draw_mean","qdesn_transition_full7_fr09_persistence_innovation_p35","glofas_fit_recovery_transition_full7_20260808_fr09_persistence_innovation_p35","p35",2.02918605336749,0.48864928725782,0.48864928725782,0.48864928725782
"qdesn_transition_full7_fr09_persistence_innovation_p50","qdesn_glofas_discrepancy_fr09_authoritative","qdesn_glofas_discrepancy",0.5,2.19339794157996,3.42532687410412,2.07379114059488,-0.119606800985084,2.0755276423587,-0.119606800985084,"2023-01-04","posterior_draw_glofas_quantile_minus_discrepancy",0.3,"issued_glofas_only","posterior_model_quantile","recursive_latent_path","posterior_draw","q_y_draw_equals_q_g_draw_minus_d_g_draw","disabled","disabled",2022-12-25,2023-01-04,10,"posterior_draw_mean","qdesn_transition_full7_fr09_persistence_innovation_p50","glofas_fit_recovery_transition_full7_20260808_fr09_persistence_innovation_p50","p50",2.19339794157996,0.61596446626208,0.61596446626208,0.61596446626208
"qdesn_transition_full7_fr09_persistence_innovation_p65","qdesn_glofas_discrepancy_fr09_authoritative","qdesn_glofas_discrepancy",0.65,2.47628144936962,3.42532687410412,2.2034657374231,-0.272815711946523,2.20023110879076,-0.272815711946523,"2023-01-04","posterior_draw_glofas_quantile_minus_discrepancy",0.3,"issued_glofas_only","posterior_model_quantile","recursive_latent_path","posterior_draw","q_y_draw_equals_q_g_draw_minus_d_g_draw","disabled","disabled",2022-12-25,2023-01-04,10,"posterior_draw_mean","qdesn_transition_full7_fr09_persistence_innovation_p65","glofas_fit_recovery_transition_full7_20260808_fr09_persistence_innovation_p65","p65",2.47628144936962,0.616879526077425,0.616879526077424,0.616879526077424
"qdesn_transition_full7_fr09_persistence_innovation_p80","qdesn_glofas_discrepancy_fr09_authoritative","qdesn_glofas_discrepancy",0.8,2.69407831477502,3.42532687410412,2.32529803260906,-0.368780282165956,2.32269404591676,-0.368780282165956,"2023-01-04","posterior_draw_glofas_quantile_minus_discrepancy",0.3,"issued_glofas_only","posterior_model_quantile","recursive_latent_path","posterior_draw","q_y_draw_equals_q_g_draw_minus_d_g_draw","disabled","disabled",2022-12-25,2023-01-04,10,"posterior_draw_mean","qdesn_transition_full7_fr09_persistence_innovation_p80","glofas_fit_recovery_transition_full7_20260808_fr09_persistence_innovation_p80","p80",2.69407831477502,0.58499884746328,0.58499884746328,0.58499884746328
"qdesn_transition_full7_fr09_persistence_innovation_p95","qdesn_glofas_discrepancy_fr09_authoritative","qdesn_glofas_discrepancy",0.95,3.00123057728117,3.42532687410412,2.51496350257504,-0.486267074706125,2.49898869741784,-0.486267074706125,"2023-01-04","posterior_draw_glofas_quantile_minus_discrepancy",0.3,"issued_glofas_only","posterior_model_quantile","recursive_latent_path","posterior_draw","q_y_draw_equals_q_g_draw_minus_d_g_draw","disabled","disabled",2022-12-25,2023-01-04,10,"posterior_draw_mean","qdesn_transition_full7_fr09_persistence_innovation_p95","glofas_fit_recovery_transition_full7_20260808_fr09_persistence_innovation_p95","p95",3.00123057728117,0.402891481981802,0.402891481981802,0.402891481981802
"qdesn_transition_full7_fr09_persistence_innovation_p05","qdesn_glofas_discrepancy_fr09_authoritative","qdesn_glofas_discrepancy",0.05,1.42482002439123,4.25385619173112,1.64524341841753,0.220423394026297,1.66542714305715,0.220423394026297,"2023-01-05","posterior_draw_glofas_quantile_minus_discrepancy",0.3,"issued_glofas_only","posterior_model_quantile","recursive_latent_path","posterior_draw","q_y_draw_equals_q_g_draw_minus_d_g_draw","disabled","disabled",2022-12-25,2023-01-05,11,"posterior_draw_mean","qdesn_transition_full7_fr09_persistence_innovation_p05","glofas_fit_recovery_transition_full7_20260808_fr09_persistence_innovation_p05","p05",1.42482002439123,0.141451808366995,0.141451808366995,0.141451808366995
"qdesn_transition_full7_fr09_persistence_innovation_p15","qdesn_glofas_discrepancy_fr09_authoritative","qdesn_glofas_discrepancy",0.15,1.83232240204187,4.25385619173112,1.83051225951274,-0.0018101425291359,1.86971178328379,-0.0018101425291359,"2023-01-05","posterior_draw_glofas_quantile_minus_discrepancy",0.3,"issued_glofas_only","posterior_model_quantile","recursive_latent_path","posterior_draw","q_y_draw_equals_q_g_draw_minus_d_g_draw","disabled","disabled",2022-12-25,2023-01-05,11,"posterior_draw_mean","qdesn_transition_full7_fr09_persistence_innovation_p15","glofas_fit_recovery_transition_full7_20260808_fr09_persistence_innovation_p15","p15",1.83232240204187,0.363230068453387,0.363230068453387,0.363230068453387
"qdesn_transition_full7_fr09_persistence_innovation_p35","qdesn_glofas_discrepancy_fr09_authoritative","qdesn_glofas_discrepancy",0.35,2.32355699592883,4.25385619173112,2.06180359596717,-0.26175339996166,2.07396811934772,-0.26175339996166,"2023-01-05","posterior_draw_glofas_quantile_minus_discrepancy",0.3,"issued_glofas_only","posterior_model_quantile","recursive_latent_path","posterior_draw","q_y_draw_equals_q_g_draw_minus_d_g_draw","disabled","disabled",2022-12-25,2023-01-05,11,"posterior_draw_mean","qdesn_transition_full7_fr09_persistence_innovation_p35","glofas_fit_recovery_transition_full7_20260808_fr09_persistence_innovation_p35","p35",2.32355699592883,0.675604718530801,0.675604718530802,0.675604718530802
"qdesn_transition_full7_fr09_persistence_innovation_p50","qdesn_glofas_discrepancy_fr09_authoritative","qdesn_glofas_discrepancy",0.5,2.58243471046435,4.25385619173112,2.14791162602234,-0.434523084442005,2.15737866878902,-0.434523084442005,"2023-01-05","posterior_draw_glofas_quantile_minus_discrepancy",0.3,"issued_glofas_only","posterior_model_quantile","recursive_latent_path","posterior_draw","q_y_draw_equals_q_g_draw_minus_d_g_draw","disabled","disabled",2022-12-25,2023-01-05,11,"posterior_draw_mean","qdesn_transition_full7_fr09_persistence_innovation_p50","glofas_fit_recovery_transition_full7_20260808_fr09_persistence_innovation_p50","p50",2.58243471046435,0.835710740633385,0.835710740633385,0.835710740633385
"qdesn_transition_full7_fr09_persistence_innovation_p65","qdesn_glofas_discrepancy_fr09_authoritative","qdesn_glofas_discrepancy",0.65,2.96377352494202,4.25385619173112,2.24651638136175,-0.71725714358027,2.25247997950697,-0.71725714358027,"2023-01-05","posterior_draw_glofas_quantile_minus_discrepancy",0.3,"issued_glofas_only","posterior_model_quantile","recursive_latent_path","posterior_draw","q_y_draw_equals_q_g_draw_minus_d_g_draw","disabled","disabled",2022-12-25,2023-01-05,11,"posterior_draw_mean","qdesn_transition_full7_fr09_persistence_innovation_p65","glofas_fit_recovery_transition_full7_20260808_fr09_persistence_innovation_p65","p65",2.96377352494202,0.838553733412915,0.838553733412915,0.838553733412915
"qdesn_transition_full7_fr09_persistence_innovation_p80","qdesn_glofas_discrepancy_fr09_authoritative","qdesn_glofas_discrepancy",0.8,3.42025660202859,4.25385619173112,2.43693909503501,-0.983317506993581,2.43141796483701,-0.983317506993581,"2023-01-05","posterior_draw_glofas_quantile_minus_discrepancy",0.3,"issued_glofas_only","posterior_model_quantile","recursive_latent_path","posterior_draw","q_y_draw_equals_q_g_draw_minus_d_g_draw","disabled","disabled",2022-12-25,2023-01-05,11,"posterior_draw_mean","qdesn_transition_full7_fr09_persistence_innovation_p80","glofas_fit_recovery_transition_full7_20260808_fr09_persistence_innovation_p80","p80",3.42025660202859,0.666879671762024,0.666879671762023,0.666879671762023
"qdesn_transition_full7_fr09_persistence_innovation_p95","qdesn_glofas_discrepancy_fr09_authoritative","qdesn_glofas_discrepancy",0.95,4.28479355374357,4.25385619173112,2.79596358721685,-1.48882996652672,2.77801348926031,-1.48882996652672,"2023-01-05","posterior_draw_glofas_quantile_minus_discrepancy",0.3,"issued_glofas_only","posterior_model_quantile","recursive_latent_path","posterior_draw","q_y_draw_equals_q_g_draw_minus_d_g_draw","disabled","disabled",2022-12-25,2023-01-05,11,"posterior_draw_mean","qdesn_transition_full7_fr09_persistence_innovation_p95","glofas_fit_recovery_transition_full7_20260808_fr09_persistence_innovation_p95","p95",4.28479355374357,0.0015468681006225,0.00154686810062246,0.00154686810062246
"qdesn_transition_full7_fr09_persistence_innovation_p05","qdesn_glofas_discrepancy_fr09_authoritative","qdesn_glofas_discrepancy",0.05,1.19352528956798,3.38777487031637,1.61938937914733,0.425864089579351,1.63100226594019,0.425864089579351,"2023-01-06","posterior_draw_glofas_quantile_minus_discrepancy",0.3,"issued_glofas_only","posterior_model_quantile","recursive_latent_path","posterior_draw","q_y_draw_equals_q_g_draw_minus_d_g_draw","disabled","disabled",2022-12-25,2023-01-06,12,"posterior_draw_mean","qdesn_transition_full7_fr09_persistence_innovation_p05","glofas_fit_recovery_transition_full7_20260808_fr09_persistence_innovation_p05","p05",1.19352528956798,0.109712479037419,0.109712479037419,0.109712479037419
"qdesn_transition_full7_fr09_persistence_innovation_p15","qdesn_glofas_discrepancy_fr09_authoritative","qdesn_glofas_discrepancy",0.15,1.73073621014441,3.38777487031637,1.941776348463,0.211040138318594,1.95196194485295,0.211040138318594,"2023-01-06","posterior_draw_glofas_quantile_minus_discrepancy",0.3,"issued_glofas_only","posterior_model_quantile","recursive_latent_path","posterior_draw","q_y_draw_equals_q_g_draw_minus_d_g_draw","disabled","disabled",2022-12-25,2023-01-06,12,"posterior_draw_mean","qdesn_transition_full7_fr09_persistence_innovation_p15","glofas_fit_recovery_transition_full7_20260808_fr09_persistence_innovation_p15","p15",1.73073621014441,0.248555799025794,0.248555799025794,0.248555799025794
"qdesn_transition_full7_fr09_persistence_innovation_p35","qdesn_glofas_discrepancy_fr09_authoritative","qdesn_glofas_discrepancy",0.35,2.23291336318783,3.38777487031637,2.11696911651845,-0.115944246669382,2.10436821886121,-0.115944246669382,"2023-01-06","posterior_draw_glofas_quantile_minus_discrepancy",0.3,"issued_glofas_only","posterior_model_quantile","recursive_latent_path","posterior_draw","q_y_draw_equals_q_g_draw_minus_d_g_draw","disabled","disabled",2022-12-25,2023-01-06,12,"posterior_draw_mean","qdesn_transition_full7_fr09_persistence_innovation_p35","glofas_fit_recovery_transition_full7_20260808_fr09_persistence_innovation_p35","p35",2.23291336318783,0.404201527494989,0.404201527494989,0.404201527494989
"qdesn_transition_full7_fr09_persistence_innovation_p50","qdesn_glofas_discrepancy_fr09_authoritative","qdesn_glofas_discrepancy",0.5,2.47944086075078,3.38777487031637,2.20037539276791,-0.279065467982876,2.20414502018079,-0.279065467982876,"2023-01-06","posterior_draw_glofas_quantile_minus_discrepancy",0.3,"issued_glofas_only","posterior_model_quantile","recursive_latent_path","posterior_draw","q_y_draw_equals_q_g_draw_minus_d_g_draw","disabled","disabled",2022-12-25,2023-01-06,12,"posterior_draw_mean","qdesn_transition_full7_fr09_persistence_innovation_p50","glofas_fit_recovery_transition_full7_20260808_fr09_persistence_innovation_p50","p50",2.47944086075078,0.454167004782795,0.454167004782795,0.454167004782795
"qdesn_transition_full7_fr09_persistence_innovation_p65","qdesn_glofas_discrepancy_fr09_authoritative","qdesn_glofas_discrepancy",0.65,2.8888043418137,3.38777487031637,2.2856421137132,-0.603162228100505,2.2832524912866,-0.603162228100505,"2023-01-06","posterior_draw_glofas_quantile_minus_discrepancy",0.3,"issued_glofas_only","posterior_model_quantile","recursive_latent_path","posterior_draw","q_y_draw_equals_q_g_draw_minus_d_g_draw","disabled","disabled",2022-12-25,2023-01-06,12,"posterior_draw_mean","qdesn_transition_full7_fr09_persistence_innovation_p65","glofas_fit_recovery_transition_full7_20260808_fr09_persistence_innovation_p65","p65",2.8888043418137,0.324330843526736,0.324330843526736,0.324330843526736
"qdesn_transition_full7_fr09_persistence_innovation_p80","qdesn_glofas_discrepancy_fr09_authoritative","qdesn_glofas_discrepancy",0.8,3.42416349170865,3.38777487031637,2.57739082848946,-0.846772663219188,2.575113869489,-0.846772663219188,"2023-01-06","posterior_draw_glofas_quantile_minus_discrepancy",0.3,"issued_glofas_only","posterior_model_quantile","recursive_latent_path","posterior_draw","q_y_draw_equals_q_g_draw_minus_d_g_draw","disabled","disabled",2022-12-25,2023-01-06,12,"posterior_draw_mean","qdesn_transition_full7_fr09_persistence_innovation_p80","glofas_fit_recovery_transition_full7_20260808_fr09_persistence_innovation_p80","p80",3.42416349170865,0.00727772427845599,0.00727772427845581,0.00727772427845581
"qdesn_transition_full7_fr09_persistence_innovation_p95","qdesn_glofas_discrepancy_fr09_authoritative","qdesn_glofas_discrepancy",0.95,4.04897875986826,3.38777487031637,2.74516852877739,-1.30381023109087,2.73702186825083,-1.30381023109087,"2023-01-06","posterior_draw_glofas_quantile_minus_discrepancy",0.3,"issued_glofas_only","posterior_model_quantile","recursive_latent_path","posterior_draw","q_y_draw_equals_q_g_draw_minus_d_g_draw","disabled","disabled",2022-12-25,2023-01-06,12,"posterior_draw_mean","qdesn_transition_full7_fr09_persistence_innovation_p95","glofas_fit_recovery_transition_full7_20260808_fr09_persistence_innovation_p95","p95",4.04897875986826,0.0330601944775945,0.0330601944775945,0.0330601944775945
"qdesn_transition_full7_fr09_persistence_innovation_p05","qdesn_glofas_discrepancy_fr09_authoritative","qdesn_glofas_discrepancy",0.05,0.864542911278561,3.04682109819703,1.5753169800608,0.710774068782242,1.66723448222577,0.710774068782242,"2023-01-07","posterior_draw_glofas_quantile_minus_discrepancy",0.3,"issued_glofas_only","posterior_model_quantile","recursive_latent_path","posterior_draw","q_y_draw_equals_q_g_draw_minus_d_g_draw","disabled","disabled",2022-12-25,2023-01-07,13,"posterior_draw_mean","qdesn_transition_full7_fr09_persistence_innovation_p05","glofas_fit_recovery_transition_full7_20260808_fr09_persistence_innovation_p05","p05",0.864542911278561,0.109113909345923,0.109113909345923,0.109113909345923
"qdesn_transition_full7_fr09_persistence_innovation_p15","qdesn_glofas_discrepancy_fr09_authoritative","qdesn_glofas_discrepancy",0.15,1.23757102988596,3.04682109819703,1.8882649368677,0.650693906981736,1.89084759062568,0.650693906981736,"2023-01-07","posterior_draw_glofas_quantile_minus_discrepancy",0.3,"issued_glofas_only","posterior_model_quantile","recursive_latent_path","posterior_draw","q_y_draw_equals_q_g_draw_minus_d_g_draw","disabled","disabled",2022-12-25,2023-01-07,13,"posterior_draw_mean","qdesn_transition_full7_fr09_persistence_innovation_p15","glofas_fit_recovery_transition_full7_20260808_fr09_persistence_innovation_p15","p15",1.23757102988596,0.271387510246661,0.271387510246661,0.271387510246661
"qdesn_transition_full7_fr09_persistence_innovation_p35","qdesn_glofas_discrepancy_fr09_authoritative","qdesn_glofas_discrepancy",0.35,1.56569714375338,3.04682109819703,2.11060003436601,0.544902890612631,2.11301396741624,0.544902890612631,"2023-01-07","posterior_draw_glofas_quantile_minus_discrepancy",0.3,"issued_glofas_only","posterior_model_quantile","recursive_latent_path","posterior_draw","q_y_draw_equals_q_g_draw_minus_d_g_draw","disabled","disabled",2022-12-25,2023-01-07,13,"posterior_draw_mean","qdesn_transition_full7_fr09_persistence_innovation_p35","glofas_fit_recovery_transition_full7_20260808_fr09_persistence_innovation_p35","p35",1.56569714375338,0.518393384055277,0.518393384055277,0.518393384055277
"qdesn_transition_full7_fr09_persistence_innovation_p50","qdesn_glofas_discrepancy_fr09_authoritative","qdesn_glofas_discrepancy",0.5,1.74111066149683,3.04682109819703,2.22102143394559,0.479910772448759,2.21187369755245,0.479910772448759,"2023-01-07","posterior_draw_glofas_quantile_minus_discrepancy",0.3,"issued_glofas_only","posterior_model_quantile","recursive_latent_path","posterior_draw","q_y_draw_equals_q_g_draw_minus_d_g_draw","disabled","disabled",2022-12-25,2023-01-07,13,"posterior_draw_mean","qdesn_transition_full7_fr09_persistence_innovation_p50","glofas_fit_recovery_transition_full7_20260808_fr09_persistence_innovation_p50","p50",1.74111066149683,0.6528552183501,0.6528552183501,0.6528552183501
"qdesn_transition_full7_fr09_persistence_innovation_p65","qdesn_glofas_discrepancy_fr09_authoritative","qdesn_glofas_discrepancy",0.65,1.86192288942978,3.04682109819703,2.33468798086068,0.472765091430899,2.32153242659425,0.472765091430899,"2023-01-07","posterior_draw_glofas_quantile_minus_discrepancy",0.3,"issued_glofas_only","posterior_model_quantile","recursive_latent_path","posterior_draw","q_y_draw_equals_q_g_draw_minus_d_g_draw","disabled","disabled",2022-12-25,2023-01-07,13,"posterior_draw_mean","qdesn_transition_full7_fr09_persistence_innovation_p65","glofas_fit_recovery_transition_full7_20260808_fr09_persistence_innovation_p65","p65",1.86192288942978,0.770183835698713,0.770183835698713,0.770183835698713
"qdesn_transition_full7_fr09_persistence_innovation_p80","qdesn_glofas_discrepancy_fr09_authoritative","qdesn_glofas_discrepancy",0.8,2.19181885571979,3.04682109819703,2.59756669150774,0.405747835787955,2.59163341919597,0.405747835787955,"2023-01-07","posterior_draw_glofas_quantile_minus_discrepancy",0.3,"issued_glofas_only","posterior_model_quantile","recursive_latent_path","posterior_draw","q_y_draw_equals_q_g_draw_minus_d_g_draw","disabled","disabled",2022-12-25,2023-01-07,13,"posterior_draw_mean","qdesn_transition_full7_fr09_persistence_innovation_p80","glofas_fit_recovery_transition_full7_20260808_fr09_persistence_innovation_p80","p80",2.19181885571979,0.684001793981792,0.684001793981792,0.684001793981792
"qdesn_transition_full7_fr09_persistence_innovation_p95","qdesn_glofas_discrepancy_fr09_authoritative","qdesn_glofas_discrepancy",0.95,2.65718877036943,3.04682109819703,2.81966787227585,0.162479101906426,2.7708844660674,0.162479101906426,"2023-01-07","posterior_draw_glofas_quantile_minus_discrepancy",0.3,"issued_glofas_only","posterior_model_quantile","recursive_latent_path","posterior_draw","q_y_draw_equals_q_g_draw_minus_d_g_draw","disabled","disabled",2022-12-25,2023-01-07,13,"posterior_draw_mean","qdesn_transition_full7_fr09_persistence_innovation_p95","glofas_fit_recovery_transition_full7_20260808_fr09_persistence_innovation_p95","p95",2.65718877036943,0.37015071143622,0.37015071143622,0.37015071143622
"qdesn_transition_full7_fr09_persistence_innovation_p05","qdesn_glofas_discrepancy_fr09_authoritative","qdesn_glofas_discrepancy",0.05,1.30461101393534,4.04918199321094,1.48902673118145,0.184415717246106,1.57919578702933,0.184415717246106,"2023-01-08","posterior_draw_glofas_quantile_minus_discrepancy",0.3,"issued_glofas_only","posterior_model_quantile","recursive_latent_path","posterior_draw","q_y_draw_equals_q_g_draw_minus_d_g_draw","disabled","disabled",2022-12-25,2023-01-08,14,"posterior_draw_mean","qdesn_transition_full7_fr09_persistence_innovation_p05","glofas_fit_recovery_transition_full7_20260808_fr09_persistence_innovation_p05","p05",1.30461101393534,0.13722854896378,0.13722854896378,0.13722854896378
"qdesn_transition_full7_fr09_persistence_innovation_p15","qdesn_glofas_discrepancy_fr09_authoritative","qdesn_glofas_discrepancy",0.15,1.80192631810412,4.04918199321094,1.79359828743583,-0.00832803066828237,1.79630451779796,-0.00832803066828237,"2023-01-08","posterior_draw_glofas_quantile_minus_discrepancy",0.3,"issued_glofas_only","posterior_model_quantile","recursive_latent_path","posterior_draw","q_y_draw_equals_q_g_draw_minus_d_g_draw","disabled","disabled",2022-12-25,2023-01-08,14,"posterior_draw_mean","qdesn_transition_full7_fr09_persistence_innovation_p15","glofas_fit_recovery_transition_full7_20260808_fr09_persistence_innovation_p15","p15",1.80192631810412,0.337088351266023,0.337088351266023,0.337088351266023
"qdesn_transition_full7_fr09_persistence_innovation_p35","qdesn_glofas_discrepancy_fr09_authoritative","qdesn_glofas_discrepancy",0.35,2.24634139826374,4.04918199321094,2.02638588521041,-0.219955513053334,2.05775887287042,-0.219955513053334,"2023-01-08","posterior_draw_glofas_quantile_minus_discrepancy",0.3,"issued_glofas_only","posterior_model_quantile","recursive_latent_path","posterior_draw","q_y_draw_equals_q_g_draw_minus_d_g_draw","disabled","disabled",2022-12-25,2023-01-08,14,"posterior_draw_mean","qdesn_transition_full7_fr09_persistence_innovation_p35","glofas_fit_recovery_transition_full7_20260808_fr09_persistence_innovation_p35","p35",2.24634139826374,0.63099420823152,0.63099420823152,0.63099420823152
"qdesn_transition_full7_fr09_persistence_innovation_p50","qdesn_glofas_discrepancy_fr09_authoritative","qdesn_glofas_discrepancy",0.5,2.57956129550187,4.04918199321094,2.19238462418367,-0.387176671318208,2.19722457733622,-0.387176671318208,"2023-01-08","posterior_draw_glofas_quantile_minus_discrepancy",0.3,"issued_glofas_only","posterior_model_quantile","recursive_latent_path","posterior_draw","q_y_draw_equals_q_g_draw_minus_d_g_draw","disabled","disabled",2022-12-25,2023-01-08,14,"posterior_draw_mean","qdesn_transition_full7_fr09_persistence_innovation_p50","glofas_fit_recovery_transition_full7_20260808_fr09_persistence_innovation_p50","p50",2.57956129550187,0.734810348854535,0.734810348854535,0.734810348854535
"qdesn_transition_full7_fr09_persistence_innovation_p65","qdesn_glofas_discrepancy_fr09_authoritative","qdesn_glofas_discrepancy",0.65,2.99939700343048,4.04918199321094,2.36137688409912,-0.638020119331358,2.36394473873185,-0.638020119331358,"2023-01-08","posterior_draw_glofas_quantile_minus_discrepancy",0.3,"issued_glofas_only","posterior_model_quantile","recursive_latent_path","posterior_draw","q_y_draw_equals_q_g_draw_minus_d_g_draw","disabled","disabled",2022-12-25,2023-01-08,14,"posterior_draw_mean","qdesn_transition_full7_fr09_persistence_innovation_p65","glofas_fit_recovery_transition_full7_20260808_fr09_persistence_innovation_p65","p65",2.99939700343048,0.682360243357299,0.6823602433573,0.6823602433573
"qdesn_transition_full7_fr09_persistence_innovation_p80","qdesn_glofas_discrepancy_fr09_authoritative","qdesn_glofas_discrepancy",0.8,3.35077082404872,4.04918199321094,2.48791824658982,-0.862852577458896,2.4901014666651,-0.862852577458896,"2023-01-08","posterior_draw_glofas_quantile_minus_discrepancy",0.3,"issued_glofas_only","posterior_model_quantile","recursive_latent_path","posterior_draw","q_y_draw_equals_q_g_draw_minus_d_g_draw","disabled","disabled",2022-12-25,2023-01-08,14,"posterior_draw_mean","qdesn_transition_full7_fr09_persistence_innovation_p80","glofas_fit_recovery_transition_full7_20260808_fr09_persistence_innovation_p80","p80",3.35077082404872,0.558728935329776,0.558728935329776,0.558728935329776
"qdesn_transition_full7_fr09_persistence_innovation_p95","qdesn_glofas_discrepancy_fr09_authoritative","qdesn_glofas_discrepancy",0.95,4.29823674375585,4.04918199321094,2.68274434567076,-1.61549239808509,2.67931471976309,-1.61549239808509,"2023-01-08","posterior_draw_glofas_quantile_minus_discrepancy",0.3,"issued_glofas_only","posterior_model_quantile","recursive_latent_path","posterior_draw","q_y_draw_equals_q_g_draw_minus_d_g_draw","disabled","disabled",2022-12-25,2023-01-08,14,"posterior_draw_mean","qdesn_transition_full7_fr09_persistence_innovation_p95","glofas_fit_recovery_transition_full7_20260808_fr09_persistence_innovation_p95","p95",4.29823674375585,0.0124527375272455,0.0124527375272455,0.0124527375272455
"qdesn_transition_full7_fr09_persistence_innovation_p05","qdesn_glofas_discrepancy_fr09_authoritative","qdesn_glofas_discrepancy",0.05,1.11930736475471,5.36438371043544,1.39663869302944,0.277331328274734,1.49246444365106,0.277331328274734,"2023-01-09","posterior_draw_glofas_quantile_minus_discrepancy",0.3,"issued_glofas_only","posterior_model_quantile","recursive_latent_path","posterior_draw","q_y_draw_equals_q_g_draw_minus_d_g_draw","disabled","disabled",2022-12-25,2023-01-09,15,"posterior_draw_mean","qdesn_transition_full7_fr09_persistence_innovation_p05","glofas_fit_recovery_transition_full7_20260808_fr09_persistence_innovation_p05","p05",1.11930736475471,0.212253817284037,0.212253817284037,0.212253817284037
"qdesn_transition_full7_fr09_persistence_innovation_p15","qdesn_glofas_discrepancy_fr09_authoritative","qdesn_glofas_discrepancy",0.15,1.63371568018535,5.36438371043544,1.71253135563021,0.0788156754448581,1.71603186640757,0.0788156754448581,"2023-01-09","posterior_draw_glofas_quantile_minus_discrepancy",0.3,"issued_glofas_only","posterior_model_quantile","recursive_latent_path","posterior_draw","q_y_draw_equals_q_g_draw_minus_d_g_draw","disabled","disabled",2022-12-25,2023-01-09,15,"posterior_draw_mean","qdesn_transition_full7_fr09_persistence_innovation_p15","glofas_fit_recovery_transition_full7_20260808_fr09_persistence_innovation_p15","p15",1.63371568018535,0.559600204537513,0.559600204537513,0.559600204537513
"qdesn_transition_full7_fr09_persistence_innovation_p35","qdesn_glofas_discrepancy_fr09_authoritative","qdesn_glofas_discrepancy",0.35,2.12253319881996,5.36438371043544,2.01108459175193,-0.11144860706803,1.99754910988846,-0.11144860706803,"2023-01-09","posterior_draw_glofas_quantile_minus_discrepancy",0.3,"issued_glofas_only","posterior_model_quantile","recursive_latent_path","posterior_draw","q_y_draw_equals_q_g_draw_minus_d_g_draw","disabled","disabled",2022-12-25,2023-01-09,15,"posterior_draw_mean","qdesn_transition_full7_fr09_persistence_innovation_p35","glofas_fit_recovery_transition_full7_20260808_fr09_persistence_innovation_p35","p35",2.12253319881996,1.13464767906542,1.13464767906542,1.13464767906542
"qdesn_transition_full7_fr09_persistence_innovation_p50","qdesn_glofas_discrepancy_fr09_authoritative","qdesn_glofas_discrepancy",0.5,2.41348447726675,5.36438371043544,2.16882924068753,-0.244655236579222,2.15828160338761,-0.244655236579222,"2023-01-09","posterior_draw_glofas_quantile_minus_discrepancy",0.3,"issued_glofas_only","posterior_model_quantile","recursive_latent_path","posterior_draw","q_y_draw_equals_q_g_draw_minus_d_g_draw","disabled","disabled",2022-12-25,2023-01-09,15,"posterior_draw_mean","qdesn_transition_full7_fr09_persistence_innovation_p50","glofas_fit_recovery_transition_full7_20260808_fr09_persistence_innovation_p50","p50",2.41348447726675,1.47544961658435,1.47544961658435,1.47544961658435
"qdesn_transition_full7_fr09_persistence_innovation_p65","qdesn_glofas_discrepancy_fr09_authoritative","qdesn_glofas_discrepancy",0.65,2.86863057270118,5.36438371043544,2.3574837010689,-0.511146871632278,2.35656760855262,-0.511146871632278,"2023-01-09","posterior_draw_glofas_quantile_minus_discrepancy",0.3,"issued_glofas_only","posterior_model_quantile","recursive_latent_path","posterior_draw","q_y_draw_equals_q_g_draw_minus_d_g_draw","disabled","disabled",2022-12-25,2023-01-09,15,"posterior_draw_mean","qdesn_transition_full7_fr09_persistence_innovation_p65","glofas_fit_recovery_transition_full7_20260808_fr09_persistence_innovation_p65","p65",2.86863057270118,1.62223953952727,1.62223953952727,1.62223953952727
"qdesn_transition_full7_fr09_persistence_innovation_p80","qdesn_glofas_discrepancy_fr09_authoritative","qdesn_glofas_discrepancy",0.8,3.16813653824193,5.36438371043544,2.47485260546115,-0.693283932780776,2.46518214444022,-0.693283932780776,"2023-01-09","posterior_draw_glofas_quantile_minus_discrepancy",0.3,"issued_glofas_only","posterior_model_quantile","recursive_latent_path","posterior_draw","q_y_draw_equals_q_g_draw_minus_d_g_draw","disabled","disabled",2022-12-25,2023-01-09,15,"posterior_draw_mean","qdesn_transition_full7_fr09_persistence_innovation_p80","glofas_fit_recovery_transition_full7_20260808_fr09_persistence_innovation_p80","p80",3.16813653824193,1.75699773775481,1.75699773775481,1.75699773775481
"qdesn_transition_full7_fr09_persistence_innovation_p95","qdesn_glofas_discrepancy_fr09_authoritative","qdesn_glofas_discrepancy",0.95,3.78869735100372,5.36438371043544,2.74085065682398,-1.04784669417974,2.73322179630416,-1.04784669417974,"2023-01-09","posterior_draw_glofas_quantile_minus_discrepancy",0.3,"issued_glofas_only","posterior_model_quantile","recursive_latent_path","posterior_draw","q_y_draw_equals_q_g_draw_minus_d_g_draw","disabled","disabled",2022-12-25,2023-01-09,15,"posterior_draw_mean","qdesn_transition_full7_fr09_persistence_innovation_p95","glofas_fit_recovery_transition_full7_20260808_fr09_persistence_innovation_p95","p95",3.78869735100372,1.49690204146013,1.49690204146013,1.49690204146013
"qdesn_transition_full7_fr09_persistence_innovation_p05","qdesn_glofas_discrepancy_fr09_authoritative","qdesn_glofas_discrepancy",0.05,0.850629920803684,4.08792185509188,1.30557765484811,0.454947734044425,1.44292927524275,0.454947734044425,"2023-01-10","posterior_draw_glofas_quantile_minus_discrepancy",0.3,"issued_glofas_only","posterior_model_quantile","recursive_latent_path","posterior_draw","q_y_draw_equals_q_g_draw_minus_d_g_draw","disabled","disabled",2022-12-25,2023-01-10,16,"posterior_draw_mean","qdesn_transition_full7_fr09_persistence_innovation_p05","glofas_fit_recovery_transition_full7_20260808_fr09_persistence_innovation_p05","p05",0.850629920803684,0.16186459671441,0.16186459671441,0.16186459671441
"qdesn_transition_full7_fr09_persistence_innovation_p15","qdesn_glofas_discrepancy_fr09_authoritative","qdesn_glofas_discrepancy",0.15,1.39924996476731,4.08792185509188,1.71572572962614,0.316475764858823,1.73796502119994,0.316475764858823,"2023-01-10","posterior_draw_glofas_quantile_minus_discrepancy",0.3,"issued_glofas_only","posterior_model_quantile","recursive_latent_path","posterior_draw","q_y_draw_equals_q_g_draw_minus_d_g_draw","disabled","disabled",2022-12-25,2023-01-10,16,"posterior_draw_mean","qdesn_transition_full7_fr09_persistence_innovation_p15","glofas_fit_recovery_transition_full7_20260808_fr09_persistence_innovation_p15","p15",1.39924996476731,0.403300783548685,0.403300783548685,0.403300783548685
"qdesn_transition_full7_fr09_persistence_innovation_p35","qdesn_glofas_discrepancy_fr09_authoritative","qdesn_glofas_discrepancy",0.35,1.85633333920262,4.08792185509188,1.97848985755942,0.122156518356803,1.98205008609748,0.122156518356803,"2023-01-10","posterior_draw_glofas_quantile_minus_discrepancy",0.3,"issued_glofas_only","posterior_model_quantile","recursive_latent_path","posterior_draw","q_y_draw_equals_q_g_draw_minus_d_g_draw","disabled","disabled",2022-12-25,2023-01-10,16,"posterior_draw_mean","qdesn_transition_full7_fr09_persistence_innovation_p35","glofas_fit_recovery_transition_full7_20260808_fr09_persistence_innovation_p35","p35",1.85633333920262,0.781055980561241,0.781055980561241,0.781055980561241
"qdesn_transition_full7_fr09_persistence_innovation_p50","qdesn_glofas_discrepancy_fr09_authoritative","qdesn_glofas_discrepancy",0.5,2.17623899205509,4.08792185509188,2.19254597229403,0.0163069802389401,2.18675327746892,0.0163069802389401,"2023-01-10","posterior_draw_glofas_quantile_minus_discrepancy",0.3,"issued_glofas_only","posterior_model_quantile","recursive_latent_path","posterior_draw","q_y_draw_equals_q_g_draw_minus_d_g_draw","disabled","disabled",2022-12-25,2023-01-10,16,"posterior_draw_mean","qdesn_transition_full7_fr09_persistence_innovation_p50","glofas_fit_recovery_transition_full7_20260808_fr09_persistence_innovation_p50","p50",2.17623899205509,0.955841431518395,0.955841431518395,0.955841431518395
"qdesn_transition_full7_fr09_persistence_innovation_p65","qdesn_glofas_discrepancy_fr09_authoritative","qdesn_glofas_discrepancy",0.65,2.50762412480294,4.08792185509188,2.35395619822252,-0.153667926580425,2.35100143282356,-0.153667926580425,"2023-01-10","posterior_draw_glofas_quantile_minus_discrepancy",0.3,"issued_glofas_only","posterior_model_quantile","recursive_latent_path","posterior_draw","q_y_draw_equals_q_g_draw_minus_d_g_draw","disabled","disabled",2022-12-25,2023-01-10,16,"posterior_draw_mean","qdesn_transition_full7_fr09_persistence_innovation_p65","glofas_fit_recovery_transition_full7_20260808_fr09_persistence_innovation_p65","p65",2.50762412480294,1.02719352468781,1.02719352468781,1.02719352468781
"qdesn_transition_full7_fr09_persistence_innovation_p80","qdesn_glofas_discrepancy_fr09_authoritative","qdesn_glofas_discrepancy",0.8,2.79064569736132,4.08792185509188,2.43259946322004,-0.358046234141275,2.427288571495,-0.358046234141275,"2023-01-10","posterior_draw_glofas_quantile_minus_discrepancy",0.3,"issued_glofas_only","posterior_model_quantile","recursive_latent_path","posterior_draw","q_y_draw_equals_q_g_draw_minus_d_g_draw","disabled","disabled",2022-12-25,2023-01-10,16,"posterior_draw_mean","qdesn_transition_full7_fr09_persistence_innovation_p80","glofas_fit_recovery_transition_full7_20260808_fr09_persistence_innovation_p80","p80",2.79064569736132,1.03782092618445,1.03782092618445,1.03782092618445
"qdesn_transition_full7_fr09_persistence_innovation_p95","qdesn_glofas_discrepancy_fr09_authoritative","qdesn_glofas_discrepancy",0.95,3.50792320258977,4.08792185509188,2.6871006053769,-0.820822597212868,2.68111122367927,-0.820822597212868,"2023-01-10","posterior_draw_glofas_quantile_minus_discrepancy",0.3,"issued_glofas_only","posterior_model_quantile","recursive_latent_path","posterior_draw","q_y_draw_equals_q_g_draw_minus_d_g_draw","disabled","disabled",2022-12-25,2023-01-10,16,"posterior_draw_mean","qdesn_transition_full7_fr09_persistence_innovation_p95","glofas_fit_recovery_transition_full7_20260808_fr09_persistence_innovation_p95","p95",3.50792320258977,0.550998719877004,0.550998719877004,0.550998719877004
"qdesn_transition_full7_fr09_persistence_innovation_p05","qdesn_glofas_discrepancy_fr09_authoritative","qdesn_glofas_discrepancy",0.05,0.845927119796104,3.99854633136357,1.21248552758271,0.366558407786603,1.35180255748735,0.366558407786603,"2023-01-11","posterior_draw_glofas_quantile_minus_discrepancy",0.3,"issued_glofas_only","posterior_model_quantile","recursive_latent_path","posterior_draw","q_y_draw_equals_q_g_draw_minus_d_g_draw","disabled","disabled",2022-12-25,2023-01-11,17,"posterior_draw_mean","qdesn_transition_full7_fr09_persistence_innovation_p05","glofas_fit_recovery_transition_full7_20260808_fr09_persistence_innovation_p05","p05",0.845927119796104,0.157630960578373,0.157630960578373,0.157630960578373
"qdesn_transition_full7_fr09_persistence_innovation_p15","qdesn_glofas_discrepancy_fr09_authoritative","qdesn_glofas_discrepancy",0.15,1.4488839552239,3.99854633136357,1.71643151244802,0.267547557224123,1.72578369919877,0.267547557224123,"2023-01-11","posterior_draw_glofas_quantile_minus_discrepancy",0.3,"issued_glofas_only","posterior_model_quantile","recursive_latent_path","posterior_draw","q_y_draw_equals_q_g_draw_minus_d_g_draw","disabled","disabled",2022-12-25,2023-01-11,17,"posterior_draw_mean","qdesn_transition_full7_fr09_persistence_innovation_p15","glofas_fit_recovery_transition_full7_20260808_fr09_persistence_innovation_p15","p15",1.4488839552239,0.382449356420951,0.382449356420951,0.382449356420951
"qdesn_transition_full7_fr09_persistence_innovation_p35","qdesn_glofas_discrepancy_fr09_authoritative","qdesn_glofas_discrepancy",0.35,1.83949168116688,3.99854633136357,1.99324233859342,0.153750657426542,1.99596599510943,0.153750657426542,"2023-01-11","posterior_draw_glofas_quantile_minus_discrepancy",0.3,"issued_glofas_only","posterior_model_quantile","recursive_latent_path","posterior_draw","q_y_draw_equals_q_g_draw_minus_d_g_draw","disabled","disabled",2022-12-25,2023-01-11,17,"posterior_draw_mean","qdesn_transition_full7_fr09_persistence_innovation_p35","glofas_fit_recovery_transition_full7_20260808_fr09_persistence_innovation_p35","p35",1.83949168116688,0.755669127568842,0.755669127568842,0.755669127568842
"qdesn_transition_full7_fr09_persistence_innovation_p50","qdesn_glofas_discrepancy_fr09_authoritative","qdesn_glofas_discrepancy",0.5,2.0860819386026,3.99854633136357,2.18209810642359,0.0960161678209895,2.18675327746892,0.0960161678209895,"2023-01-11","posterior_draw_glofas_quantile_minus_discrepancy",0.3,"issued_glofas_only","posterior_model_quantile","recursive_latent_path","posterior_draw","q_y_draw_equals_q_g_draw_minus_d_g_draw","disabled","disabled",2022-12-25,2023-01-11,17,"posterior_draw_mean","qdesn_transition_full7_fr09_persistence_innovation_p50","glofas_fit_recovery_transition_full7_20260808_fr09_persistence_innovation_p50","p50",2.0860819386026,0.956232196380485,0.956232196380485,0.956232196380485
"qdesn_transition_full7_fr09_persistence_innovation_p65","qdesn_glofas_discrepancy_fr09_authoritative","qdesn_glofas_discrepancy",0.65,2.30285693484164,3.99854633136357,2.29004235399953,-0.012814580842114,2.28201766867916,-0.012814580842114,"2023-01-11","posterior_draw_glofas_quantile_minus_discrepancy",0.3,"issued_glofas_only","posterior_model_quantile","recursive_latent_path","posterior_draw","q_y_draw_equals_q_g_draw_minus_d_g_draw","disabled","disabled",2022-12-25,2023-01-11,17,"posterior_draw_mean","qdesn_transition_full7_fr09_persistence_innovation_p65","glofas_fit_recovery_transition_full7_20260808_fr09_persistence_innovation_p65","p65",2.30285693484164,1.10219810773925,1.10219810773926,1.10219810773926
"qdesn_transition_full7_fr09_persistence_innovation_p80","qdesn_glofas_discrepancy_fr09_authoritative","qdesn_glofas_discrepancy",0.8,2.50251282449182,3.99854633136357,2.44306679629489,-0.0594460281969252,2.43689743060164,-0.0594460281969252,"2023-01-11","posterior_draw_glofas_quantile_minus_discrepancy",0.3,"issued_glofas_only","posterior_model_quantile","recursive_latent_path","posterior_draw","q_y_draw_equals_q_g_draw_minus_d_g_draw","disabled","disabled",2022-12-25,2023-01-11,17,"posterior_draw_mean","qdesn_transition_full7_fr09_persistence_innovation_p80","glofas_fit_recovery_transition_full7_20260808_fr09_persistence_innovation_p80","p80",2.50251282449182,1.1968268054974,1.1968268054974,1.1968268054974
"qdesn_transition_full7_fr09_persistence_innovation_p95","qdesn_glofas_discrepancy_fr09_authoritative","qdesn_glofas_discrepancy",0.95,3.00817594175004,3.99854633136357,2.67804779173403,-0.330128150016012,2.65370581513791,-0.330128150016012,"2023-01-11","posterior_draw_glofas_quantile_minus_discrepancy",0.3,"issued_glofas_only","posterior_model_quantile","recursive_latent_path","posterior_draw","q_y_draw_equals_q_g_draw_minus_d_g_draw","disabled","disabled",2022-12-25,2023-01-11,17,"posterior_draw_mean","qdesn_transition_full7_fr09_persistence_innovation_p95","glofas_fit_recovery_transition_full7_20260808_fr09_persistence_innovation_p95","p95",3.00817594175004,0.940851870132853,0.940851870132854,0.940851870132854
"qdesn_transition_full7_fr09_persistence_innovation_p05","qdesn_glofas_discrepancy_fr09_authoritative","qdesn_glofas_discrepancy",0.05,0.997656184232338,3.87720656271899,1.12493727923705,0.127281095004716,1.26113281185909,0.127281095004716,"2023-01-12","posterior_draw_glofas_quantile_minus_discrepancy",0.3,"issued_glofas_only","posterior_model_quantile","recursive_latent_path","posterior_draw","q_y_draw_equals_q_g_draw_minus_d_g_draw","disabled","disabled",2022-12-25,2023-01-12,18,"posterior_draw_mean","qdesn_transition_full7_fr09_persistence_innovation_p05","glofas_fit_recovery_transition_full7_20260808_fr09_persistence_innovation_p05","p05",0.997656184232338,0.143977518924333,0.143977518924333,0.143977518924333
"qdesn_transition_full7_fr09_persistence_innovation_p15","qdesn_glofas_discrepancy_fr09_authoritative","qdesn_glofas_discrepancy",0.15,1.66333190953547,3.87720656271899,1.64303099927959,-0.0203009102558793,1.66098407255729,-0.0203009102558793,"2023-01-12","posterior_draw_glofas_quantile_minus_discrepancy",0.3,"issued_glofas_only","posterior_model_quantile","recursive_latent_path","posterior_draw","q_y_draw_equals_q_g_draw_minus_d_g_draw","disabled","disabled",2022-12-25,2023-01-12,18,"posterior_draw_mean","qdesn_transition_full7_fr09_persistence_innovation_p15","glofas_fit_recovery_transition_full7_20260808_fr09_persistence_innovation_p15","p15",1.66333190953547,0.332081197977528,0.332081197977528,0.332081197977528
"qdesn_transition_full7_fr09_persistence_innovation_p35","qdesn_glofas_discrepancy_fr09_authoritative","qdesn_glofas_discrepancy",0.35,2.15398821112103,3.87720656271899,1.98412231229298,-0.169865898828044,1.99373868912762,-0.169865898828044,"2023-01-12","posterior_draw_glofas_quantile_minus_discrepancy",0.3,"issued_glofas_only","posterior_model_quantile","recursive_latent_path","posterior_draw","q_y_draw_equals_q_g_draw_minus_d_g_draw","disabled","disabled",2022-12-25,2023-01-12,18,"posterior_draw_mean","qdesn_transition_full7_fr09_persistence_innovation_p35","glofas_fit_recovery_transition_full7_20260808_fr09_persistence_innovation_p35","p35",2.15398821112103,0.603126423059286,0.603126423059286,0.603126423059286
"qdesn_transition_full7_fr09_persistence_innovation_p50","qdesn_glofas_discrepancy_fr09_authoritative","qdesn_glofas_discrepancy",0.5,2.37511780080383,3.87720656271899,2.11046896834162,-0.264648832462209,2.12525107771113,-0.264648832462209,"2023-01-12","posterior_draw_glofas_quantile_minus_discrepancy",0.3,"issued_glofas_only","posterior_model_quantile","recursive_latent_path","posterior_draw","q_y_draw_equals_q_g_draw_minus_d_g_draw","disabled","disabled",2022-12-25,2023-01-12,18,"posterior_draw_mean","qdesn_transition_full7_fr09_persistence_innovation_p50","glofas_fit_recovery_transition_full7_20260808_fr09_persistence_innovation_p50","p50",2.37511780080383,0.75104438095758,0.75104438095758,0.75104438095758
"qdesn_transition_full7_fr09_persistence_innovation_p65","qdesn_glofas_discrepancy_fr09_authoritative","qdesn_glofas_discrepancy",0.65,2.6021796313955,3.87720656271899,2.17303196853183,-0.42914766286367,2.18142022775905,-0.42914766286367,"2023-01-12","posterior_draw_glofas_quantile_minus_discrepancy",0.3,"issued_glofas_only","posterior_model_quantile","recursive_latent_path","posterior_draw","q_y_draw_equals_q_g_draw_minus_d_g_draw","disabled","disabled",2022-12-25,2023-01-12,18,"posterior_draw_mean","qdesn_transition_full7_fr09_persistence_innovation_p65","glofas_fit_recovery_transition_full7_20260808_fr09_persistence_innovation_p65","p65",2.6021796313955,0.828767505360268,0.828767505360269,0.828767505360269
"qdesn_transition_full7_fr09_persistence_innovation_p80","qdesn_glofas_discrepancy_fr09_authoritative","qdesn_glofas_discrepancy",0.8,2.95261595746442,3.87720656271899,2.38207728949803,-0.570538667966392,2.39789527279837,-0.570538667966392,"2023-01-12","posterior_draw_glofas_quantile_minus_discrepancy",0.3,"issued_glofas_only","posterior_model_quantile","recursive_latent_path","posterior_draw","q_y_draw_equals_q_g_draw_minus_d_g_draw","disabled","disabled",2022-12-25,2023-01-12,18,"posterior_draw_mean","qdesn_transition_full7_fr09_persistence_innovation_p80","glofas_fit_recovery_transition_full7_20260808_fr09_persistence_innovation_p80","p80",2.95261595746442,0.739672484203656,0.739672484203656,0.739672484203656
"qdesn_transition_full7_fr09_persistence_innovation_p95","qdesn_glofas_discrepancy_fr09_authoritative","qdesn_glofas_discrepancy",0.95,3.63783399337813,3.87720656271899,2.72458441623639,-0.913249577141745,2.72098051579226,-0.913249577141745,"2023-01-12","posterior_draw_glofas_quantile_minus_discrepancy",0.3,"issued_glofas_only","posterior_model_quantile","recursive_latent_path","posterior_draw","q_y_draw_equals_q_g_draw_minus_d_g_draw","disabled","disabled",2022-12-25,2023-01-12,18,"posterior_draw_mean","qdesn_transition_full7_fr09_persistence_innovation_p95","glofas_fit_recovery_transition_full7_20260808_fr09_persistence_innovation_p95","p95",3.63783399337813,0.227403940873817,0.227403940873816,0.227403940873816
"qdesn_transition_full7_fr09_persistence_innovation_p05","qdesn_glofas_discrepancy_fr09_authoritative","qdesn_glofas_discrepancy",0.05,0.836931825696849,3.97755165266655,1.0462585544685,0.209326728771649,1.17715033074629,0.209326728771649,"2023-01-13","posterior_draw_glofas_quantile_minus_discrepancy",0.3,"issued_glofas_only","posterior_model_quantile","recursive_latent_path","posterior_draw","q_y_draw_equals_q_g_draw_minus_d_g_draw","disabled","disabled",2022-12-25,2023-01-13,19,"posterior_draw_mean","qdesn_transition_full7_fr09_persistence_innovation_p05","glofas_fit_recovery_transition_full7_20260808_fr09_persistence_innovation_p05","p05",0.836931825696849,0.157030991348485,0.157030991348485,0.157030991348485
"qdesn_transition_full7_fr09_persistence_innovation_p15","qdesn_glofas_discrepancy_fr09_authoritative","qdesn_glofas_discrepancy",0.15,1.44524238574824,3.97755165266655,1.59872027219042,0.153477886442185,1.60781418504511,0.153477886442185,"2023-01-13","posterior_draw_glofas_quantile_minus_discrepancy",0.3,"issued_glofas_only","posterior_model_quantile","recursive_latent_path","posterior_draw","q_y_draw_equals_q_g_draw_minus_d_g_draw","disabled","disabled",2022-12-25,2023-01-13,19,"posterior_draw_mean","qdesn_transition_full7_fr09_persistence_innovation_p15","glofas_fit_recovery_transition_full7_20260808_fr09_persistence_innovation_p15","p15",1.44524238574824,0.379846390037747,0.379846390037747,0.379846390037747
"qdesn_transition_full7_fr09_persistence_innovation_p35","qdesn_glofas_discrepancy_fr09_authoritative","qdesn_glofas_discrepancy",0.35,1.80099679134827,3.97755165266655,1.91976265940762,0.118765868059346,1.92664525665161,0.118765868059346,"2023-01-13","posterior_draw_glofas_quantile_minus_discrepancy",0.3,"issued_glofas_only","posterior_model_quantile","recursive_latent_path","posterior_draw","q_y_draw_equals_q_g_draw_minus_d_g_draw","disabled","disabled",2022-12-25,2023-01-13,19,"posterior_draw_mean","qdesn_transition_full7_fr09_persistence_innovation_p35","glofas_fit_recovery_transition_full7_20260808_fr09_persistence_innovation_p35","p35",1.80099679134827,0.761794201461398,0.761794201461398,0.761794201461398
"qdesn_transition_full7_fr09_persistence_innovation_p50","qdesn_glofas_discrepancy_fr09_authoritative","qdesn_glofas_discrepancy",0.5,1.98977111610266,3.97755165266655,2.05029011905137,0.0605190029487142,2.035522307745,0.0605190029487142,"2023-01-13","posterior_draw_glofas_quantile_minus_discrepancy",0.3,"issued_glofas_only","posterior_model_quantile","recursive_latent_path","posterior_draw","q_y_draw_equals_q_g_draw_minus_d_g_draw","disabled","disabled",2022-12-25,2023-01-13,19,"posterior_draw_mean","qdesn_transition_full7_fr09_persistence_innovation_p50","glofas_fit_recovery_transition_full7_20260808_fr09_persistence_innovation_p50","p50",1.98977111610266,0.993890268281945,0.993890268281945,0.993890268281945
"qdesn_transition_full7_fr09_persistence_innovation_p65","qdesn_glofas_discrepancy_fr09_authoritative","qdesn_glofas_discrepancy",0.65,2.08118972303917,3.97755165266655,2.136757366782,0.0555676437428295,2.12525107771113,0.0555676437428295,"2023-01-13","posterior_draw_glofas_quantile_minus_discrepancy",0.3,"issued_glofas_only","posterior_model_quantile","recursive_latent_path","posterior_draw","q_y_draw_equals_q_g_draw_minus_d_g_draw","disabled","disabled",2022-12-25,2023-01-13,19,"posterior_draw_mean","qdesn_transition_full7_fr09_persistence_innovation_p65","glofas_fit_recovery_transition_full7_20260808_fr09_persistence_innovation_p65","p65",2.08118972303917,1.2326352542578,1.2326352542578,1.2326352542578
"qdesn_transition_full7_fr09_persistence_innovation_p80","qdesn_glofas_discrepancy_fr09_authoritative","qdesn_glofas_discrepancy",0.8,2.32317575537256,3.97755165266655,2.33238526498022,0.00920950960766361,2.29316587107755,0.00920950960766361,"2023-01-13","posterior_draw_glofas_quantile_minus_discrepancy",0.3,"issued_glofas_only","posterior_model_quantile","recursive_latent_path","posterior_draw","q_y_draw_equals_q_g_draw_minus_d_g_draw","disabled","disabled",2022-12-25,2023-01-13,19,"posterior_draw_mean","qdesn_transition_full7_fr09_persistence_innovation_p80","glofas_fit_recovery_transition_full7_20260808_fr09_persistence_innovation_p80","p80",2.32317575537256,1.32350071783519,1.32350071783519,1.32350071783519
"qdesn_transition_full7_fr09_persistence_innovation_p95","qdesn_glofas_discrepancy_fr09_authoritative","qdesn_glofas_discrepancy",0.95,2.8258235550607,3.97755165266655,2.6587506664497,-0.167072888611002,2.6411282303708,-0.167072888611002,"2023-01-13","posterior_draw_glofas_quantile_minus_discrepancy",0.3,"issued_glofas_only","posterior_model_quantile","recursive_latent_path","posterior_draw","q_y_draw_equals_q_g_draw_minus_d_g_draw","disabled","disabled",2022-12-25,2023-01-13,19,"posterior_draw_mean","qdesn_transition_full7_fr09_persistence_innovation_p95","glofas_fit_recovery_transition_full7_20260808_fr09_persistence_innovation_p95","p95",2.8258235550607,1.09414169272556,1.09414169272556,1.09414169272556
"qdesn_transition_full7_fr09_persistence_innovation_p05","qdesn_glofas_discrepancy_fr09_authoritative","qdesn_glofas_discrepancy",0.05,1.29317575324134,5.11080665260834,1.20762004211079,-0.0855557111305585,1.22091869732743,-0.0855557111305585,"2023-01-14","posterior_draw_glofas_quantile_minus_discrepancy",0.3,"issued_glofas_only","posterior_model_quantile","recursive_latent_path","posterior_draw","q_y_draw_equals_q_g_draw_minus_d_g_draw","disabled","disabled",2022-12-25,2023-01-14,20,"posterior_draw_mean","qdesn_transition_full7_fr09_persistence_innovation_p05","glofas_fit_recovery_transition_full7_20260808_fr09_persistence_innovation_p05","p05",1.29317575324134,0.19088154496835,0.19088154496835,0.19088154496835
"qdesn_transition_full7_fr09_persistence_innovation_p15","qdesn_glofas_discrepancy_fr09_authoritative","qdesn_glofas_discrepancy",0.15,1.70449462858516,5.11080665260834,1.48459694750427,-0.219897681080895,1.51438704037764,-0.219897681080895,"2023-01-14","posterior_draw_glofas_quantile_minus_discrepancy",0.3,"issued_glofas_only","posterior_model_quantile","recursive_latent_path","posterior_draw","q_y_draw_equals_q_g_draw_minus_d_g_draw","disabled","disabled",2022-12-25,2023-01-14,20,"posterior_draw_mean","qdesn_transition_full7_fr09_persistence_innovation_p15","glofas_fit_recovery_transition_full7_20260808_fr09_persistence_innovation_p15","p15",1.70449462858516,0.510946803603477,0.510946803603477,0.510946803603477
"qdesn_transition_full7_fr09_persistence_innovation_p35","qdesn_glofas_discrepancy_fr09_authoritative","qdesn_glofas_discrepancy",0.35,2.18101079886828,5.11080665260834,1.80521386425188,-0.375796934616399,1.83487930059636,-0.375796934616399,"2023-01-14","posterior_draw_glofas_quantile_minus_discrepancy",0.3,"issued_glofas_only","posterior_model_quantile","recursive_latent_path","posterior_draw","q_y_draw_equals_q_g_draw_minus_d_g_draw","disabled","disabled",2022-12-25,2023-01-14,20,"posterior_draw_mean","qdesn_transition_full7_fr09_persistence_innovation_p35","glofas_fit_recovery_transition_full7_20260808_fr09_persistence_innovation_p35","p35",2.18101079886828,1.02542854880902,1.02542854880902,1.02542854880902
"qdesn_transition_full7_fr09_persistence_innovation_p50","qdesn_glofas_discrepancy_fr09_authoritative","qdesn_glofas_discrepancy",0.5,2.46889994537584,5.11080665260834,1.94655769652159,-0.522342248854246,1.95700904212336,-0.522342248854246,"2023-01-14","posterior_draw_glofas_quantile_minus_discrepancy",0.3,"issued_glofas_only","posterior_model_quantile","recursive_latent_path","posterior_draw","q_y_draw_equals_q_g_draw_minus_d_g_draw","disabled","disabled",2022-12-25,2023-01-14,20,"posterior_draw_mean","qdesn_transition_full7_fr09_persistence_innovation_p50","glofas_fit_recovery_transition_full7_20260808_fr09_persistence_innovation_p50","p50",2.46889994537584,1.32095335361625,1.32095335361625,1.32095335361625
"qdesn_transition_full7_fr09_persistence_innovation_p65","qdesn_glofas_discrepancy_fr09_authoritative","qdesn_glofas_discrepancy",0.65,2.78409291016761,5.11080665260834,2.05599065783483,-0.728102252332785,2.06266068830533,-0.728102252332785,"2023-01-14","posterior_draw_glofas_quantile_minus_discrepancy",0.3,"issued_glofas_only","posterior_model_quantile","recursive_latent_path","posterior_draw","q_y_draw_equals_q_g_draw_minus_d_g_draw","disabled","disabled",2022-12-25,2023-01-14,20,"posterior_draw_mean","qdesn_transition_full7_fr09_persistence_innovation_p65","glofas_fit_recovery_transition_full7_20260808_fr09_persistence_innovation_p65","p65",2.78409291016761,1.51236393258647,1.51236393258647,1.51236393258647
"qdesn_transition_full7_fr09_persistence_innovation_p80","qdesn_glofas_discrepancy_fr09_authoritative","qdesn_glofas_discrepancy",0.8,3.14143789010401,5.11080665260834,2.22965120746208,-0.911786682641932,2.23804657185647,-0.911786682641932,"2023-01-14","posterior_draw_glofas_quantile_minus_discrepancy",0.3,"issued_glofas_only","posterior_model_quantile","recursive_latent_path","posterior_draw","q_y_draw_equals_q_g_draw_minus_d_g_draw","disabled","disabled",2022-12-25,2023-01-14,20,"posterior_draw_mean","qdesn_transition_full7_fr09_persistence_innovation_p80","glofas_fit_recovery_transition_full7_20260808_fr09_persistence_innovation_p80","p80",3.14143789010401,1.57549501000346,1.57549501000346,1.57549501000346
"qdesn_transition_full7_fr09_persistence_innovation_p95","qdesn_glofas_discrepancy_fr09_authoritative","qdesn_glofas_discrepancy",0.95,4.05083724892587,5.11080665260834,2.57121362084084,-1.47962362808503,2.56372064505241,-1.47962362808503,"2023-01-14","posterior_draw_glofas_quantile_minus_discrepancy",0.3,"issued_glofas_only","posterior_model_quantile","recursive_latent_path","posterior_draw","q_y_draw_equals_q_g_draw_minus_d_g_draw","disabled","disabled",2022-12-25,2023-01-14,20,"posterior_draw_mean","qdesn_transition_full7_fr09_persistence_innovation_p95","glofas_fit_recovery_transition_full7_20260808_fr09_persistence_innovation_p95","p95",4.05083724892587,1.00697093349835,1.00697093349835,1.00697093349835
"qdesn_transition_full7_fr09_persistence_innovation_p05","qdesn_glofas_discrepancy_fr09_authoritative","qdesn_glofas_discrepancy",0.05,1.02922384585888,4.24577636694165,1.15981320531145,0.130589359452566,1.17134403954484,0.130589359452566,"2023-01-15","posterior_draw_glofas_quantile_minus_discrepancy",0.3,"issued_glofas_only","posterior_model_quantile","recursive_latent_path","posterior_draw","q_y_draw_equals_q_g_draw_minus_d_g_draw","disabled","disabled",2022-12-25,2023-01-15,21,"posterior_draw_mean","qdesn_transition_full7_fr09_persistence_innovation_p05","glofas_fit_recovery_transition_full7_20260808_fr09_persistence_innovation_p05","p05",1.02922384585888,0.160827626054139,0.160827626054139,0.160827626054139
"qdesn_transition_full7_fr09_persistence_innovation_p15","qdesn_glofas_discrepancy_fr09_authoritative","qdesn_glofas_discrepancy",0.15,1.47710587014743,4.24577636694165,1.42988527335252,-0.0472205967949051,1.42268742298464,-0.0472205967949051,"2023-01-15","posterior_draw_glofas_quantile_minus_discrepancy",0.3,"issued_glofas_only","posterior_model_quantile","recursive_latent_path","posterior_draw","q_y_draw_equals_q_g_draw_minus_d_g_draw","disabled","disabled",2022-12-25,2023-01-15,21,"posterior_draw_mean","qdesn_transition_full7_fr09_persistence_innovation_p15","glofas_fit_recovery_transition_full7_20260808_fr09_persistence_innovation_p15","p15",1.47710587014743,0.415300574519133,0.415300574519133,0.415300574519133
"qdesn_transition_full7_fr09_persistence_innovation_p35","qdesn_glofas_discrepancy_fr09_authoritative","qdesn_glofas_discrepancy",0.35,2.02540589867053,4.24577636694165,1.73626211101977,-0.289143787650756,1.75146903620089,-0.289143787650756,"2023-01-15","posterior_draw_glofas_quantile_minus_discrepancy",0.3,"issued_glofas_only","posterior_model_quantile","recursive_latent_path","posterior_draw","q_y_draw_equals_q_g_draw_minus_d_g_draw","disabled","disabled",2022-12-25,2023-01-15,21,"posterior_draw_mean","qdesn_transition_full7_fr09_persistence_innovation_p35","glofas_fit_recovery_transition_full7_20260808_fr09_persistence_innovation_p35","p35",2.02540589867053,0.777129663894892,0.777129663894892,0.777129663894892
"qdesn_transition_full7_fr09_persistence_innovation_p50","qdesn_glofas_discrepancy_fr09_authoritative","qdesn_glofas_discrepancy",0.5,2.32218800901444,4.24577636694165,1.89235535148578,-0.429832657528659,1.89085037187229,-0.429832657528659,"2023-01-15","posterior_draw_glofas_quantile_minus_discrepancy",0.3,"issued_glofas_only","posterior_model_quantile","recursive_latent_path","posterior_draw","q_y_draw_equals_q_g_draw_minus_d_g_draw","disabled","disabled",2022-12-25,2023-01-15,21,"posterior_draw_mean","qdesn_transition_full7_fr09_persistence_innovation_p50","glofas_fit_recovery_transition_full7_20260808_fr09_persistence_innovation_p50","p50",2.32218800901444,0.961794178963605,0.961794178963605,0.961794178963605
"qdesn_transition_full7_fr09_persistence_innovation_p65","qdesn_glofas_discrepancy_fr09_authoritative","qdesn_glofas_discrepancy",0.65,2.78786129687756,4.24577636694165,2.07401494387705,-0.713846353000509,2.05824266584479,-0.713846353000509,"2023-01-15","posterior_draw_glofas_quantile_minus_discrepancy",0.3,"issued_glofas_only","posterior_model_quantile","recursive_latent_path","posterior_draw","q_y_draw_equals_q_g_draw_minus_d_g_draw","disabled","disabled",2022-12-25,2023-01-15,21,"posterior_draw_mean","qdesn_transition_full7_fr09_persistence_innovation_p65","glofas_fit_recovery_transition_full7_20260808_fr09_persistence_innovation_p65","p65",2.78786129687756,0.947644795541658,0.947644795541658,0.947644795541658
"qdesn_transition_full7_fr09_persistence_innovation_p80","qdesn_glofas_discrepancy_fr09_authoritative","qdesn_glofas_discrepancy",0.8,3.2138787387255,4.24577636694165,2.25357079143247,-0.960307947293022,2.24303411336751,-0.960307947293022,"2023-01-15","posterior_draw_glofas_quantile_minus_discrepancy",0.3,"issued_glofas_only","posterior_model_quantile","recursive_latent_path","posterior_draw","q_y_draw_equals_q_g_draw_minus_d_g_draw","disabled","disabled",2022-12-25,2023-01-15,21,"posterior_draw_mean","qdesn_transition_full7_fr09_persistence_innovation_p80","glofas_fit_recovery_transition_full7_20260808_fr09_persistence_innovation_p80","p80",3.2138787387255,0.82551810257292,0.82551810257292,0.82551810257292
"qdesn_transition_full7_fr09_persistence_innovation_p95","qdesn_glofas_discrepancy_fr09_authoritative","qdesn_glofas_discrepancy",0.95,4.13687805804964,4.24577636694165,2.68630855024807,-1.45056950780158,2.57475968015442,-1.45056950780158,"2023-01-15","posterior_draw_glofas_quantile_minus_discrepancy",0.3,"issued_glofas_only","posterior_model_quantile","recursive_latent_path","posterior_draw","q_y_draw_equals_q_g_draw_minus_d_g_draw","disabled","disabled",2022-12-25,2023-01-15,21,"posterior_draw_mean","qdesn_transition_full7_fr09_persistence_innovation_p95","glofas_fit_recovery_transition_full7_20260808_fr09_persistence_innovation_p95","p95",4.13687805804964,0.103453393447409,0.10345339344741,0.10345339344741
"qdesn_transition_full7_fr09_persistence_innovation_p05","qdesn_glofas_discrepancy_fr09_authoritative","qdesn_glofas_discrepancy",0.05,0.645918012230444,4.46686414041667,1.07294431453455,0.427026302304106,1.11573122198973,0.427026302304106,"2023-01-16","posterior_draw_glofas_quantile_minus_discrepancy",0.3,"issued_glofas_only","posterior_model_quantile","recursive_latent_path","posterior_draw","q_y_draw_equals_q_g_draw_minus_d_g_draw","disabled","disabled",2022-12-25,2023-01-16,22,"posterior_draw_mean","qdesn_transition_full7_fr09_persistence_innovation_p05","glofas_fit_recovery_transition_full7_20260808_fr09_persistence_innovation_p05","p05",0.645918012230444,0.191047306409311,0.191047306409311,0.191047306409311
"qdesn_transition_full7_fr09_persistence_innovation_p15","qdesn_glofas_discrepancy_fr09_authoritative","qdesn_glofas_discrepancy",0.15,1.0428946760034,4.46686414041667,1.32432926665109,0.281434590647686,1.33206548358369,0.281434590647686,"2023-01-16","posterior_draw_glofas_quantile_minus_discrepancy",0.3,"issued_glofas_only","posterior_model_quantile","recursive_latent_path","posterior_draw","q_y_draw_equals_q_g_draw_minus_d_g_draw","disabled","disabled",2022-12-25,2023-01-16,22,"posterior_draw_mean","qdesn_transition_full7_fr09_persistence_innovation_p15","glofas_fit_recovery_transition_full7_20260808_fr09_persistence_innovation_p15","p15",1.0428946760034,0.51359541966199,0.51359541966199,0.51359541966199
"qdesn_transition_full7_fr09_persistence_innovation_p35","qdesn_glofas_discrepancy_fr09_authoritative","qdesn_glofas_discrepancy",0.35,1.67558278619249,4.46686414041667,1.6929467906959,0.017364004503406,1.65633781583936,0.017364004503406,"2023-01-16","posterior_draw_glofas_quantile_minus_discrepancy",0.3,"issued_glofas_only","posterior_model_quantile","recursive_latent_path","posterior_draw","q_y_draw_equals_q_g_draw_minus_d_g_draw","disabled","disabled",2022-12-25,2023-01-16,22,"posterior_draw_mean","qdesn_transition_full7_fr09_persistence_innovation_p35","glofas_fit_recovery_transition_full7_20260808_fr09_persistence_innovation_p35","p35",1.67558278619249,0.976948473978463,0.976948473978463,0.976948473978463
"qdesn_transition_full7_fr09_persistence_innovation_p50","qdesn_glofas_discrepancy_fr09_authoritative","qdesn_glofas_discrepancy",0.5,1.9804040173821,4.46686414041667,1.84732415926541,-0.133079858116682,1.84747007624206,-0.133079858116682,"2023-01-16","posterior_draw_glofas_quantile_minus_discrepancy",0.3,"issued_glofas_only","posterior_model_quantile","recursive_latent_path","posterior_draw","q_y_draw_equals_q_g_draw_minus_d_g_draw","disabled","disabled",2022-12-25,2023-01-16,22,"posterior_draw_mean","qdesn_transition_full7_fr09_persistence_innovation_p50","glofas_fit_recovery_transition_full7_20260808_fr09_persistence_innovation_p50","p50",1.9804040173821,1.24323006151728,1.24323006151728,1.24323006151728
"qdesn_transition_full7_fr09_persistence_innovation_p65","qdesn_glofas_discrepancy_fr09_authoritative","qdesn_glofas_discrepancy",0.65,2.37617307396925,4.46686414041667,1.99060743760808,-0.385565636361168,1.99065244882229,-0.385565636361168,"2023-01-16","posterior_draw_glofas_quantile_minus_discrepancy",0.3,"issued_glofas_only","posterior_model_quantile","recursive_latent_path","posterior_draw","q_y_draw_equals_q_g_draw_minus_d_g_draw","disabled","disabled",2022-12-25,2023-01-16,22,"posterior_draw_mean","qdesn_transition_full7_fr09_persistence_innovation_p65","glofas_fit_recovery_transition_full7_20260808_fr09_persistence_innovation_p65","p65",2.37617307396925,1.35894919319082,1.35894919319082,1.35894919319082
"qdesn_transition_full7_fr09_persistence_innovation_p80","qdesn_glofas_discrepancy_fr09_authoritative","qdesn_glofas_discrepancy",0.8,2.81831935124516,4.46686414041667,2.16144731940851,-0.656872031836649,2.14739220358834,-0.656872031836649,"2023-01-16","posterior_draw_glofas_quantile_minus_discrepancy",0.3,"issued_glofas_only","posterior_model_quantile","recursive_latent_path","posterior_draw","q_y_draw_equals_q_g_draw_minus_d_g_draw","disabled","disabled",2022-12-25,2023-01-16,22,"posterior_draw_mean","qdesn_transition_full7_fr09_persistence_innovation_p80","glofas_fit_recovery_transition_full7_20260808_fr09_persistence_innovation_p80","p80",2.81831935124516,1.31883583133721,1.31883583133721,1.31883583133721
"qdesn_transition_full7_fr09_persistence_innovation_p95","qdesn_glofas_discrepancy_fr09_authoritative","qdesn_glofas_discrepancy",0.95,3.89374127283449,4.46686414041667,2.65152969547565,-1.24221157735884,2.60017027424235,-1.24221157735884,"2023-01-16","posterior_draw_glofas_quantile_minus_discrepancy",0.3,"issued_glofas_only","posterior_model_quantile","recursive_latent_path","posterior_draw","q_y_draw_equals_q_g_draw_minus_d_g_draw","disabled","disabled",2022-12-25,2023-01-16,22,"posterior_draw_mean","qdesn_transition_full7_fr09_persistence_innovation_p95","glofas_fit_recovery_transition_full7_20260808_fr09_persistence_innovation_p95","p95",3.89374127283449,0.544466724203071,0.544466724203071,0.544466724203071
"qdesn_transition_full7_fr09_persistence_innovation_p05","qdesn_glofas_discrepancy_fr09_authoritative","qdesn_glofas_discrepancy",0.05,0.401957370211239,3.81052791373946,0.98936569813032,0.587408327919082,1.03041846347435,0.587408327919082,"2023-01-17","posterior_draw_glofas_quantile_minus_discrepancy",0.3,"issued_glofas_only","posterior_model_quantile","recursive_latent_path","posterior_draw","q_y_draw_equals_q_g_draw_minus_d_g_draw","disabled","disabled",2022-12-25,2023-01-17,23,"posterior_draw_mean","qdesn_transition_full7_fr09_persistence_innovation_p05","glofas_fit_recovery_transition_full7_20260808_fr09_persistence_innovation_p05","p05",0.401957370211239,0.170428527176411,0.170428527176411,0.170428527176411
"qdesn_transition_full7_fr09_persistence_innovation_p15","qdesn_glofas_discrepancy_fr09_authoritative","qdesn_glofas_discrepancy",0.15,0.74178675070213,3.81052791373946,1.25681680690437,0.51503005620224,1.29960571053403,0.51503005620224,"2023-01-17","posterior_draw_glofas_quantile_minus_discrepancy",0.3,"issued_glofas_only","posterior_model_quantile","recursive_latent_path","posterior_draw","q_y_draw_equals_q_g_draw_minus_d_g_draw","disabled","disabled",2022-12-25,2023-01-17,23,"posterior_draw_mean","qdesn_transition_full7_fr09_persistence_innovation_p15","glofas_fit_recovery_transition_full7_20260808_fr09_persistence_innovation_p15","p15",0.74178675070213,0.460311174455599,0.460311174455599,0.460311174455599
"qdesn_transition_full7_fr09_persistence_innovation_p35","qdesn_glofas_discrepancy_fr09_authoritative","qdesn_glofas_discrepancy",0.35,1.1765230715125,3.81052791373946,1.57757544868266,0.401052377170164,1.58086330108124,0.401052377170164,"2023-01-17","posterior_draw_glofas_quantile_minus_discrepancy",0.3,"issued_glofas_only","posterior_model_quantile","recursive_latent_path","posterior_draw","q_y_draw_equals_q_g_draw_minus_d_g_draw","disabled","disabled",2022-12-25,2023-01-17,23,"posterior_draw_mean","qdesn_transition_full7_fr09_persistence_innovation_p35","glofas_fit_recovery_transition_full7_20260808_fr09_persistence_innovation_p35","p35",1.1765230715125,0.921901694779436,0.921901694779436,0.921901694779436
"qdesn_transition_full7_fr09_persistence_innovation_p50","qdesn_glofas_discrepancy_fr09_authoritative","qdesn_glofas_discrepancy",0.5,1.40930292191393,3.81052791373946,1.77380167580599,0.364498753892063,1.77070606003022,0.364498753892063,"2023-01-17","posterior_draw_glofas_quantile_minus_discrepancy",0.3,"issued_glofas_only","posterior_model_quantile","recursive_latent_path","posterior_draw","q_y_draw_equals_q_g_draw_minus_d_g_draw","disabled","disabled",2022-12-25,2023-01-17,23,"posterior_draw_mean","qdesn_transition_full7_fr09_persistence_innovation_p50","glofas_fit_recovery_transition_full7_20260808_fr09_persistence_innovation_p50","p50",1.40930292191393,1.20061249591277,1.20061249591277,1.20061249591277
"qdesn_transition_full7_fr09_persistence_innovation_p65","qdesn_glofas_discrepancy_fr09_authoritative","qdesn_glofas_discrepancy",0.65,1.64638278811863,3.81052791373946,1.94362643568339,0.297243647564755,1.91859079564734,0.297243647564755,"2023-01-17","posterior_draw_glofas_quantile_minus_discrepancy",0.3,"issued_glofas_only","posterior_model_quantile","recursive_latent_path","posterior_draw","q_y_draw_equals_q_g_draw_minus_d_g_draw","disabled","disabled",2022-12-25,2023-01-17,23,"posterior_draw_mean","qdesn_transition_full7_fr09_persistence_innovation_p65","glofas_fit_recovery_transition_full7_20260808_fr09_persistence_innovation_p65","p65",1.64638278811863,1.40669433165354,1.40669433165354,1.40669433165354
"qdesn_transition_full7_fr09_persistence_innovation_p80","qdesn_glofas_discrepancy_fr09_authoritative","qdesn_glofas_discrepancy",0.8,2.01331278600092,3.81052791373946,2.2476668955802,0.234354109579273,2.23804657185647,0.234354109579273,"2023-01-17","posterior_draw_glofas_quantile_minus_discrepancy",0.3,"issued_glofas_only","posterior_model_quantile","recursive_latent_path","posterior_draw","q_y_draw_equals_q_g_draw_minus_d_g_draw","disabled","disabled",2022-12-25,2023-01-17,23,"posterior_draw_mean","qdesn_transition_full7_fr09_persistence_innovation_p80","glofas_fit_recovery_transition_full7_20260808_fr09_persistence_innovation_p80","p80",2.01331278600092,1.43777210219083,1.43777210219083,1.43777210219083
"qdesn_transition_full7_fr09_persistence_innovation_p95","qdesn_glofas_discrepancy_fr09_authoritative","qdesn_glofas_discrepancy",0.95,2.6789150302724,3.81052791373946,2.60709127939053,-0.0718237508818729,2.52828460025134,-0.0718237508818729,"2023-01-17","posterior_draw_glofas_quantile_minus_discrepancy",0.3,"issued_glofas_only","posterior_model_quantile","recursive_latent_path","posterior_draw","q_y_draw_equals_q_g_draw_minus_d_g_draw","disabled","disabled",2022-12-25,2023-01-17,23,"posterior_draw_mean","qdesn_transition_full7_fr09_persistence_innovation_p95","glofas_fit_recovery_transition_full7_20260808_fr09_persistence_innovation_p95","p95",2.6789150302724,1.07503223929371,1.07503223929371,1.07503223929371
"qdesn_transition_full7_fr09_persistence_innovation_p05","qdesn_glofas_discrepancy_fr09_authoritative","qdesn_glofas_discrepancy",0.05,0.705554772483705,3.43449860260206,0.910724630321893,0.205169857838189,0.952214814999333,0.205169857838189,"2023-01-18","posterior_draw_glofas_quantile_minus_discrepancy",0.3,"issued_glofas_only","posterior_model_quantile","recursive_latent_path","posterior_draw","q_y_draw_equals_q_g_draw_minus_d_g_draw","disabled","disabled",2022-12-25,2023-01-18,24,"posterior_draw_mean","qdesn_transition_full7_fr09_persistence_innovation_p05","glofas_fit_recovery_transition_full7_20260808_fr09_persistence_innovation_p05","p05",0.705554772483705,0.136447191505918,0.136447191505918,0.136447191505918
"qdesn_transition_full7_fr09_persistence_innovation_p15","qdesn_glofas_discrepancy_fr09_authoritative","qdesn_glofas_discrepancy",0.15,1.06105469012698,3.43449860260206,1.16810051976584,0.107045829638864,1.21067210731174,0.107045829638864,"2023-01-18","posterior_draw_glofas_quantile_minus_discrepancy",0.3,"issued_glofas_only","posterior_model_quantile","recursive_latent_path","posterior_draw","q_y_draw_equals_q_g_draw_minus_d_g_draw","disabled","disabled",2022-12-25,2023-01-18,24,"posterior_draw_mean","qdesn_transition_full7_fr09_persistence_innovation_p15","glofas_fit_recovery_transition_full7_20260808_fr09_persistence_innovation_p15","p15",1.06105469012698,0.356016586871262,0.356016586871262,0.356016586871262
"qdesn_transition_full7_fr09_persistence_innovation_p35","qdesn_glofas_discrepancy_fr09_authoritative","qdesn_glofas_discrepancy",0.35,1.44844253882385,3.43449860260206,1.49351321721385,0.0450706783900011,1.49535741218458,0.0450706783900011,"2023-01-18","posterior_draw_glofas_quantile_minus_discrepancy",0.3,"issued_glofas_only","posterior_model_quantile","recursive_latent_path","posterior_draw","q_y_draw_equals_q_g_draw_minus_d_g_draw","disabled","disabled",2022-12-25,2023-01-18,24,"posterior_draw_mean","qdesn_transition_full7_fr09_persistence_innovation_p35","glofas_fit_recovery_transition_full7_20260808_fr09_persistence_innovation_p35","p35",1.44844253882385,0.695119622322373,0.695119622322373,0.695119622322373
"qdesn_transition_full7_fr09_persistence_innovation_p50","qdesn_glofas_discrepancy_fr09_authoritative","qdesn_glofas_discrepancy",0.5,1.67684275345443,3.43449860260206,1.68687163274794,0.0100288792935134,1.68755569169805,0.0100288792935134,"2023-01-18","posterior_draw_glofas_quantile_minus_discrepancy",0.3,"issued_glofas_only","posterior_model_quantile","recursive_latent_path","posterior_draw","q_y_draw_equals_q_g_draw_minus_d_g_draw","disabled","disabled",2022-12-25,2023-01-18,24,"posterior_draw_mean","qdesn_transition_full7_fr09_persistence_innovation_p50","glofas_fit_recovery_transition_full7_20260808_fr09_persistence_innovation_p50","p50",1.67684275345443,0.878827924573815,0.878827924573815,0.878827924573815
"qdesn_transition_full7_fr09_persistence_innovation_p65","qdesn_glofas_discrepancy_fr09_authoritative","qdesn_glofas_discrepancy",0.65,1.8782209704126,3.43449860260206,1.83787876190936,-0.04034220850324,1.8350659060586,-0.04034220850324,"2023-01-18","posterior_draw_glofas_quantile_minus_discrepancy",0.3,"issued_glofas_only","posterior_model_quantile","recursive_latent_path","posterior_draw","q_y_draw_equals_q_g_draw_minus_d_g_draw","disabled","disabled",2022-12-25,2023-01-18,24,"posterior_draw_mean","qdesn_transition_full7_fr09_persistence_innovation_p65","glofas_fit_recovery_transition_full7_20260808_fr09_persistence_innovation_p65","p65",1.8782209704126,1.01158046092315,1.01158046092315,1.01158046092315
"qdesn_transition_full7_fr09_persistence_innovation_p80","qdesn_glofas_discrepancy_fr09_authoritative","qdesn_glofas_discrepancy",0.8,2.22057627777419,3.43449860260206,2.15101486783265,-0.0695614099415361,2.15285172579324,-0.0695614099415361,"2023-01-18","posterior_draw_glofas_quantile_minus_discrepancy",0.3,"issued_glofas_only","posterior_model_quantile","recursive_latent_path","posterior_draw","q_y_draw_equals_q_g_draw_minus_d_g_draw","disabled","disabled",2022-12-25,2023-01-18,24,"posterior_draw_mean","qdesn_transition_full7_fr09_persistence_innovation_p80","glofas_fit_recovery_transition_full7_20260808_fr09_persistence_innovation_p80","p80",2.22057627777419,0.971137859862296,0.971137859862295,0.971137859862295
"qdesn_transition_full7_fr09_persistence_innovation_p95","qdesn_glofas_discrepancy_fr09_authoritative","qdesn_glofas_discrepancy",0.95,2.85546046073739,3.43449860260206,2.48966867154177,-0.365791789195619,2.48943657741557,-0.365791789195619,"2023-01-18","posterior_draw_glofas_quantile_minus_discrepancy",0.3,"issued_glofas_only","posterior_model_quantile","recursive_latent_path","posterior_draw","q_y_draw_equals_q_g_draw_minus_d_g_draw","disabled","disabled",2022-12-25,2023-01-18,24,"posterior_draw_mean","qdesn_transition_full7_fr09_persistence_innovation_p95","glofas_fit_recovery_transition_full7_20260808_fr09_persistence_innovation_p95","p95",2.85546046073739,0.550086234771436,0.550086234771436,0.550086234771436
"qdesn_transition_full7_fr09_persistence_innovation_p05","qdesn_glofas_discrepancy_fr09_authoritative","qdesn_glofas_discrepancy",0.05,0.86700838048354,3.24066494844799,0.825189024732762,-0.041819355750778,0.87050713511141,-0.041819355750778,"2023-01-19","posterior_draw_glofas_quantile_minus_discrepancy",0.3,"issued_glofas_only","posterior_model_quantile","recursive_latent_path","posterior_draw","q_y_draw_equals_q_g_draw_minus_d_g_draw","disabled","disabled",2022-12-25,2023-01-19,25,"posterior_draw_mean","qdesn_transition_full7_fr09_persistence_innovation_p05","glofas_fit_recovery_transition_full7_20260808_fr09_persistence_innovation_p05","p05",0.86700838048354,0.118682828398223,0.118682828398223,0.118682828398223
"qdesn_transition_full7_fr09_persistence_innovation_p15","qdesn_glofas_discrepancy_fr09_authoritative","qdesn_glofas_discrepancy",0.15,1.2324368430419,3.24066494844799,1.0817125401348,-0.150724302907099,1.12569729468799,-0.150724302907099,"2023-01-19","posterior_draw_glofas_quantile_minus_discrepancy",0.3,"issued_glofas_only","posterior_model_quantile","recursive_latent_path","posterior_draw","q_y_draw_equals_q_g_draw_minus_d_g_draw","disabled","disabled",2022-12-25,2023-01-19,25,"posterior_draw_mean","qdesn_transition_full7_fr09_persistence_innovation_p15","glofas_fit_recovery_transition_full7_20260808_fr09_persistence_innovation_p15","p15",1.2324368430419,0.301234215810913,0.301234215810913,0.301234215810913
"qdesn_transition_full7_fr09_persistence_innovation_p35","qdesn_glofas_discrepancy_fr09_authoritative","qdesn_glofas_discrepancy",0.35,1.62382728219975,3.24066494844799,1.4150973248812,-0.20872995731855,1.43538587339534,-0.20872995731855,"2023-01-19","posterior_draw_glofas_quantile_minus_discrepancy",0.3,"issued_glofas_only","posterior_model_quantile","recursive_latent_path","posterior_draw","q_y_draw_equals_q_g_draw_minus_d_g_draw","disabled","disabled",2022-12-25,2023-01-19,25,"posterior_draw_mean","qdesn_transition_full7_fr09_persistence_innovation_p35","glofas_fit_recovery_transition_full7_20260808_fr09_persistence_innovation_p35","p35",1.62382728219975,0.565893183186884,0.565893183186884,0.565893183186884
"qdesn_transition_full7_fr09_persistence_innovation_p50","qdesn_glofas_discrepancy_fr09_authoritative","qdesn_glofas_discrepancy",0.5,1.89638186143981,3.24066494844799,1.62285223481367,-0.273529626626142,1.64323529201739,-0.273529626626142,"2023-01-19","posterior_draw_glofas_quantile_minus_discrepancy",0.3,"issued_glofas_only","posterior_model_quantile","recursive_latent_path","posterior_draw","q_y_draw_equals_q_g_draw_minus_d_g_draw","disabled","disabled",2022-12-25,2023-01-19,25,"posterior_draw_mean","qdesn_transition_full7_fr09_persistence_innovation_p50","glofas_fit_recovery_transition_full7_20260808_fr09_persistence_innovation_p50","p50",1.89638186143981,0.67214154350409,0.67214154350409,0.67214154350409
"qdesn_transition_full7_fr09_persistence_innovation_p65","qdesn_glofas_discrepancy_fr09_authoritative","qdesn_glofas_discrepancy",0.65,2.16302141668371,3.24066494844799,1.83017894885994,-0.332842467823774,1.84370676821572,-0.332842467823774,"2023-01-19","posterior_draw_glofas_quantile_minus_discrepancy",0.3,"issued_glofas_only","posterior_model_quantile","recursive_latent_path","posterior_draw","q_y_draw_equals_q_g_draw_minus_d_g_draw","disabled","disabled",2022-12-25,2023-01-19,25,"posterior_draw_mean","qdesn_transition_full7_fr09_persistence_innovation_p65","glofas_fit_recovery_transition_full7_20260808_fr09_persistence_innovation_p65","p65",2.16302141668371,0.700468295646782,0.700468295646782,0.700468295646782
"qdesn_transition_full7_fr09_persistence_innovation_p80","qdesn_glofas_discrepancy_fr09_authoritative","qdesn_glofas_discrepancy",0.8,2.54269902410545,3.24066494844799,2.06858329072548,-0.474115733379967,2.0755276423587,-0.474115733379967,"2023-01-19","posterior_draw_glofas_quantile_minus_discrepancy",0.3,"issued_glofas_only","posterior_model_quantile","recursive_latent_path","posterior_draw","q_y_draw_equals_q_g_draw_minus_d_g_draw","disabled","disabled",2022-12-25,2023-01-19,25,"posterior_draw_mean","qdesn_transition_full7_fr09_persistence_innovation_p80","glofas_fit_recovery_transition_full7_20260808_fr09_persistence_innovation_p80","p80",2.54269902410545,0.558372739474032,0.558372739474033,0.558372739474033
"qdesn_transition_full7_fr09_persistence_innovation_p95","qdesn_glofas_discrepancy_fr09_authoritative","qdesn_glofas_discrepancy",0.95,3.48478728237767,3.24066494844799,2.47424361481902,-1.01054366755864,2.43397376309287,-1.01054366755864,"2023-01-19","posterior_draw_glofas_quantile_minus_discrepancy",0.3,"issued_glofas_only","posterior_model_quantile","recursive_latent_path","posterior_draw","q_y_draw_equals_q_g_draw_minus_d_g_draw","disabled","disabled",2022-12-25,2023-01-19,25,"posterior_draw_mean","qdesn_transition_full7_fr09_persistence_innovation_p95","glofas_fit_recovery_transition_full7_20260808_fr09_persistence_innovation_p95","p95",3.48478728237767,0.012206116696484,0.012206116696484,0.012206116696484
"qdesn_transition_full7_fr09_persistence_innovation_p05","qdesn_glofas_discrepancy_fr09_authoritative","qdesn_glofas_discrepancy",0.05,0.83436596906562,3.03191192892286,0.747044804379508,-0.0873211646861117,0.840629406262924,-0.0873211646861117,"2023-01-20","posterior_draw_glofas_quantile_minus_discrepancy",0.3,"issued_glofas_only","posterior_model_quantile","recursive_latent_path","posterior_draw","q_y_draw_equals_q_g_draw_minus_d_g_draw","disabled","disabled",2022-12-25,2023-01-20,26,"posterior_draw_mean","qdesn_transition_full7_fr09_persistence_innovation_p05","glofas_fit_recovery_transition_full7_20260808_fr09_persistence_innovation_p05","p05",0.83436596906562,0.109877297992862,0.109877297992862,0.109877297992862
"qdesn_transition_full7_fr09_persistence_innovation_p15","qdesn_glofas_discrepancy_fr09_authoritative","qdesn_glofas_discrepancy",0.15,1.23832944960061,3.03191192892286,1.10240743231173,-0.135922017288875,1.10896179037464,-0.135922017288875,"2023-01-20","posterior_draw_glofas_quantile_minus_discrepancy",0.3,"issued_glofas_only","posterior_model_quantile","recursive_latent_path","posterior_draw","q_y_draw_equals_q_g_draw_minus_d_g_draw","disabled","disabled",2022-12-25,2023-01-20,26,"posterior_draw_mean","qdesn_transition_full7_fr09_persistence_innovation_p15","glofas_fit_recovery_transition_full7_20260808_fr09_persistence_innovation_p15","p15",1.23832944960061,0.269037371898337,0.269037371898337,0.269037371898337
"qdesn_transition_full7_fr09_persistence_innovation_p35","qdesn_glofas_discrepancy_fr09_authoritative","qdesn_glofas_discrepancy",0.35,1.51382596957747,3.03191192892286,1.38831631730886,-0.125509652268612,1.39208950472731,-0.125509652268612,"2023-01-20","posterior_draw_glofas_quantile_minus_discrepancy",0.3,"issued_glofas_only","posterior_model_quantile","recursive_latent_path","posterior_draw","q_y_draw_equals_q_g_draw_minus_d_g_draw","disabled","disabled",2022-12-25,2023-01-20,26,"posterior_draw_mean","qdesn_transition_full7_fr09_persistence_innovation_p35","glofas_fit_recovery_transition_full7_20260808_fr09_persistence_innovation_p35","p35",1.51382596957747,0.531330085770886,0.531330085770886,0.531330085770886
"qdesn_transition_full7_fr09_persistence_innovation_p50","qdesn_glofas_discrepancy_fr09_authoritative","qdesn_glofas_discrepancy",0.5,1.71029393848295,3.03191192892286,1.60059429437286,-0.109699644110096,1.6031682994205,-0.109699644110096,"2023-01-20","posterior_draw_glofas_quantile_minus_discrepancy",0.3,"issued_glofas_only","posterior_model_quantile","recursive_latent_path","posterior_draw","q_y_draw_equals_q_g_draw_minus_d_g_draw","disabled","disabled",2022-12-25,2023-01-20,26,"posterior_draw_mean","qdesn_transition_full7_fr09_persistence_innovation_p50","glofas_fit_recovery_transition_full7_20260808_fr09_persistence_innovation_p50","p50",1.71029393848295,0.660808995219955,0.660808995219955,0.660808995219955
"qdesn_transition_full7_fr09_persistence_innovation_p65","qdesn_glofas_discrepancy_fr09_authoritative","qdesn_glofas_discrepancy",0.65,1.94715264804351,3.03191192892286,1.81803882438335,-0.129113823660161,1.79295838874339,-0.129113823660161,"2023-01-20","posterior_draw_glofas_quantile_minus_discrepancy",0.3,"issued_glofas_only","posterior_model_quantile","recursive_latent_path","posterior_draw","q_y_draw_equals_q_g_draw_minus_d_g_draw","disabled","disabled",2022-12-25,2023-01-20,26,"posterior_draw_mean","qdesn_transition_full7_fr09_persistence_innovation_p65","glofas_fit_recovery_transition_full7_20260808_fr09_persistence_innovation_p65","p65",1.94715264804351,0.705093532571578,0.705093532571578,0.705093532571578
"qdesn_transition_full7_fr09_persistence_innovation_p80","qdesn_glofas_discrepancy_fr09_authoritative","qdesn_glofas_discrepancy",0.8,2.05028964216074,3.03191192892286,2.02341320342046,-0.0268764387402711,1.97668180772207,-0.0268764387402711,"2023-01-20","posterior_draw_glofas_quantile_minus_discrepancy",0.3,"issued_glofas_only","posterior_model_quantile","recursive_latent_path","posterior_draw","q_y_draw_equals_q_g_draw_minus_d_g_draw","disabled","disabled",2022-12-25,2023-01-20,26,"posterior_draw_mean","qdesn_transition_full7_fr09_persistence_innovation_p80","glofas_fit_recovery_transition_full7_20260808_fr09_persistence_innovation_p80","p80",2.05028964216074,0.785297829409696,0.785297829409696,0.785297829409696
"qdesn_transition_full7_fr09_persistence_innovation_p95","qdesn_glofas_discrepancy_fr09_authoritative","qdesn_glofas_discrepancy",0.95,2.35773339074917,3.03191192892286,2.43666549024449,0.0789320994953153,2.42106209128785,0.0789320994953153,"2023-01-20","posterior_draw_glofas_quantile_minus_discrepancy",0.3,"issued_glofas_only","posterior_model_quantile","recursive_latent_path","posterior_draw","q_y_draw_equals_q_g_draw_minus_d_g_draw","disabled","disabled",2022-12-25,2023-01-20,26,"posterior_draw_mean","qdesn_transition_full7_fr09_persistence_innovation_p95","glofas_fit_recovery_transition_full7_20260808_fr09_persistence_innovation_p95","p95",2.35773339074917,0.640469611265005,0.640469611265006,0.640469611265006
"qdesn_transition_full7_fr09_persistence_innovation_p05","qdesn_glofas_discrepancy_fr09_authoritative","qdesn_glofas_discrepancy",0.05,1.11823381852967,2.86914749462559,0.902159650719821,-0.216074167809847,0.906866534263927,-0.216074167809847,"2023-01-21","posterior_draw_glofas_quantile_minus_discrepancy",0.3,"issued_glofas_only","posterior_model_quantile","recursive_latent_path","posterior_draw","q_y_draw_equals_q_g_draw_minus_d_g_draw","disabled","disabled",2022-12-25,2023-01-21,27,"posterior_draw_mean","qdesn_transition_full7_fr09_persistence_innovation_p05","glofas_fit_recovery_transition_full7_20260808_fr09_persistence_innovation_p05","p05",1.11823381852967,0.087545683804796,0.087545683804796,0.087545683804796
"qdesn_transition_full7_fr09_persistence_innovation_p15","qdesn_glofas_discrepancy_fr09_authoritative","qdesn_glofas_discrepancy",0.15,1.27244305441896,2.86914749462559,1.02948101710665,-0.242962037312308,1.03405833519362,-0.242962037312308,"2023-01-21","posterior_draw_glofas_quantile_minus_discrepancy",0.3,"issued_glofas_only","posterior_model_quantile","recursive_latent_path","posterior_draw","q_y_draw_equals_q_g_draw_minus_d_g_draw","disabled","disabled",2022-12-25,2023-01-21,27,"posterior_draw_mean","qdesn_transition_full7_fr09_persistence_innovation_p15","glofas_fit_recovery_transition_full7_20260808_fr09_persistence_innovation_p15","p15",1.27244305441896,0.239505666030995,0.239505666030995,0.239505666030995
"qdesn_transition_full7_fr09_persistence_innovation_p35","qdesn_glofas_discrepancy_fr09_authoritative","qdesn_glofas_discrepancy",0.35,1.55517909832419,2.86914749462559,1.29993631915604,-0.255242779168154,1.30277148025892,-0.255242779168154,"2023-01-21","posterior_draw_glofas_quantile_minus_discrepancy",0.3,"issued_glofas_only","posterior_model_quantile","recursive_latent_path","posterior_draw","q_y_draw_equals_q_g_draw_minus_d_g_draw","disabled","disabled",2022-12-25,2023-01-21,27,"posterior_draw_mean","qdesn_transition_full7_fr09_persistence_innovation_p35","glofas_fit_recovery_transition_full7_20260808_fr09_persistence_innovation_p35","p35",1.55517909832419,0.45988893870549,0.45988893870549,0.45988893870549
"qdesn_transition_full7_fr09_persistence_innovation_p50","qdesn_glofas_discrepancy_fr09_authoritative","qdesn_glofas_discrepancy",0.5,1.78859896755986,2.86914749462559,1.51563527590551,-0.272963691654346,1.51099783962085,-0.272963691654346,"2023-01-21","posterior_draw_glofas_quantile_minus_discrepancy",0.3,"issued_glofas_only","posterior_model_quantile","recursive_latent_path","posterior_draw","q_y_draw_equals_q_g_draw_minus_d_g_draw","disabled","disabled",2022-12-25,2023-01-21,27,"posterior_draw_mean","qdesn_transition_full7_fr09_persistence_innovation_p50","glofas_fit_recovery_transition_full7_20260808_fr09_persistence_innovation_p50","p50",1.78859896755986,0.540274263532865,0.540274263532865,0.540274263532865
"qdesn_transition_full7_fr09_persistence_innovation_p65","qdesn_glofas_discrepancy_fr09_authoritative","qdesn_glofas_discrepancy",0.65,2.04718285227932,2.86914749462559,1.76231492991833,-0.284867922360987,1.75859241236256,-0.284867922360987,"2023-01-21","posterior_draw_glofas_quantile_minus_discrepancy",0.3,"issued_glofas_only","posterior_model_quantile","recursive_latent_path","posterior_draw","q_y_draw_equals_q_g_draw_minus_d_g_draw","disabled","disabled",2022-12-25,2023-01-21,27,"posterior_draw_mean","qdesn_transition_full7_fr09_persistence_innovation_p65","glofas_fit_recovery_transition_full7_20260808_fr09_persistence_innovation_p65","p65",2.04718285227932,0.534277017525076,0.534277017525076,0.534277017525076
"qdesn_transition_full7_fr09_persistence_innovation_p80","qdesn_glofas_discrepancy_fr09_authoritative","qdesn_glofas_discrepancy",0.8,2.26292807107535,2.86914749462559,1.93439229717963,-0.328535773895726,1.93016179208717,-0.328535773895726,"2023-01-21","posterior_draw_glofas_quantile_minus_discrepancy",0.3,"issued_glofas_only","posterior_model_quantile","recursive_latent_path","posterior_draw","q_y_draw_equals_q_g_draw_minus_d_g_draw","disabled","disabled",2022-12-25,2023-01-21,27,"posterior_draw_mean","qdesn_transition_full7_fr09_persistence_innovation_p80","glofas_fit_recovery_transition_full7_20260808_fr09_persistence_innovation_p80","p80",2.26292807107535,0.484975538840192,0.484975538840192,0.484975538840192
"qdesn_transition_full7_fr09_persistence_innovation_p95","qdesn_glofas_discrepancy_fr09_authoritative","qdesn_glofas_discrepancy",0.95,2.75103824136662,2.86914749462559,2.3820546126854,-0.368983628681217,2.37962625205187,-0.368983628681217,"2023-01-21","posterior_draw_glofas_quantile_minus_discrepancy",0.3,"issued_glofas_only","posterior_model_quantile","recursive_latent_path","posterior_draw","q_y_draw_equals_q_g_draw_minus_d_g_draw","disabled","disabled",2022-12-25,2023-01-21,27,"posterior_draw_mean","qdesn_transition_full7_fr09_persistence_innovation_p95","glofas_fit_recovery_transition_full7_20260808_fr09_persistence_innovation_p95","p95",2.75103824136662,0.112203790596022,0.112203790596021,0.112203790596021
"qdesn_transition_full7_fr09_persistence_innovation_p05","qdesn_glofas_discrepancy_fr09_authoritative","qdesn_glofas_discrepancy",0.05,1.08419074424568,2.74981956702523,0.828131926757548,-0.256058817488136,0.831549503419064,-0.256058817488136,"2023-01-22","posterior_draw_glofas_quantile_minus_discrepancy",0.3,"issued_glofas_only","posterior_model_quantile","recursive_latent_path","posterior_draw","q_y_draw_equals_q_g_draw_minus_d_g_draw","disabled","disabled",2022-12-25,2023-01-22,28,"posterior_draw_mean","qdesn_transition_full7_fr09_persistence_innovation_p05","glofas_fit_recovery_transition_full7_20260808_fr09_persistence_innovation_p05","p05",1.08419074424568,0.0832814411389775,0.0832814411389775,0.0832814411389775
"qdesn_transition_full7_fr09_persistence_innovation_p15","qdesn_glofas_discrepancy_fr09_authoritative","qdesn_glofas_discrepancy",0.15,1.21018837004431,2.74981956702523,0.955790552213325,-0.254397817830983,0.959110729057083,-0.254397817830983,"2023-01-22","posterior_draw_glofas_quantile_minus_discrepancy",0.3,"issued_glofas_only","posterior_model_quantile","recursive_latent_path","posterior_draw","q_y_draw_equals_q_g_draw_minus_d_g_draw","disabled","disabled",2022-12-25,2023-01-22,28,"posterior_draw_mean","qdesn_transition_full7_fr09_persistence_innovation_p15","glofas_fit_recovery_transition_full7_20260808_fr09_persistence_innovation_p15","p15",1.21018837004431,0.230944679547138,0.230944679547138,0.230944679547138
"qdesn_transition_full7_fr09_persistence_innovation_p35","qdesn_glofas_discrepancy_fr09_authoritative","qdesn_glofas_discrepancy",0.35,1.57068477992637,2.74981956702523,1.3142639832931,-0.256420796633269,1.31966815427708,-0.256420796633269,"2023-01-22","posterior_draw_glofas_quantile_minus_discrepancy",0.3,"issued_glofas_only","posterior_model_quantile","recursive_latent_path","posterior_draw","q_y_draw_equals_q_g_draw_minus_d_g_draw","disabled","disabled",2022-12-25,2023-01-22,28,"posterior_draw_mean","qdesn_transition_full7_fr09_persistence_innovation_p35","glofas_fit_recovery_transition_full7_20260808_fr09_persistence_innovation_p35","p35",1.57068477992637,0.412697175484601,0.412697175484601,0.412697175484601
"qdesn_transition_full7_fr09_persistence_innovation_p50","qdesn_glofas_discrepancy_fr09_authoritative","qdesn_glofas_discrepancy",0.5,1.79453452101457,2.74981956702523,1.51973222142244,-0.274802299592129,1.5212895256574,-0.274802299592129,"2023-01-22","posterior_draw_glofas_quantile_minus_discrepancy",0.3,"issued_glofas_only","posterior_model_quantile","recursive_latent_path","posterior_draw","q_y_draw_equals_q_g_draw_minus_d_g_draw","disabled","disabled",2022-12-25,2023-01-22,28,"posterior_draw_mean","qdesn_transition_full7_fr09_persistence_innovation_p50","glofas_fit_recovery_transition_full7_20260808_fr09_persistence_innovation_p50","p50",1.79453452101457,0.47764252300533,0.47764252300533,0.47764252300533
"qdesn_transition_full7_fr09_persistence_innovation_p65","qdesn_glofas_discrepancy_fr09_authoritative","qdesn_glofas_discrepancy",0.65,2.02792840753308,2.74981956702523,1.7563934470007,-0.27153496053237,1.7599782516458,-0.27153496053237,"2023-01-22","posterior_draw_glofas_quantile_minus_discrepancy",0.3,"issued_glofas_only","posterior_model_quantile","recursive_latent_path","posterior_draw","q_y_draw_equals_q_g_draw_minus_d_g_draw","disabled","disabled",2022-12-25,2023-01-22,28,"posterior_draw_mean","qdesn_transition_full7_fr09_persistence_innovation_p65","glofas_fit_recovery_transition_full7_20260808_fr09_persistence_innovation_p65","p65",2.02792840753308,0.469229253669897,0.469229253669897,0.469229253669897
"qdesn_transition_full7_fr09_persistence_innovation_p80","qdesn_glofas_discrepancy_fr09_authoritative","qdesn_glofas_discrepancy",0.8,2.25455852473374,2.74981956702523,1.94291095957676,-0.311647565156984,1.94143586866039,-0.311647565156984,"2023-01-22","posterior_draw_glofas_quantile_minus_discrepancy",0.3,"issued_glofas_only","posterior_model_quantile","recursive_latent_path","posterior_draw","q_y_draw_equals_q_g_draw_minus_d_g_draw","disabled","disabled",2022-12-25,2023-01-22,28,"posterior_draw_mean","qdesn_transition_full7_fr09_persistence_innovation_p80","glofas_fit_recovery_transition_full7_20260808_fr09_persistence_innovation_p80","p80",2.25455852473374,0.396208833833192,0.396208833833192,0.396208833833192
"qdesn_transition_full7_fr09_persistence_innovation_p95","qdesn_glofas_discrepancy_fr09_authoritative","qdesn_glofas_discrepancy",0.95,2.83730668034687,2.74981956702523,2.34228728011949,-0.495019400227376,2.28097484373632,-0.495019400227376,"2023-01-22","posterior_draw_glofas_quantile_minus_discrepancy",0.3,"issued_glofas_only","posterior_model_quantile","recursive_latent_path","posterior_draw","q_y_draw_equals_q_g_draw_minus_d_g_draw","disabled","disabled",2022-12-25,2023-01-22,28,"posterior_draw_mean","qdesn_transition_full7_fr09_persistence_innovation_p95","glofas_fit_recovery_transition_full7_20260808_fr09_persistence_innovation_p95","p95",2.83730668034687,0.004374355666082,0.00437435566608202,0.00437435566608202
