"model_id","fit_id","source_quantile_id","value_col","identity_expected","origin_date","target_date","horizon","quantile_level","q_y_value","q_g_hat","d_g_hat","raw_glofas_quantile","reconstructed_glofas_from_reference","reconstructed_reference_from_glofas","reference_identity_error","glofas_identity_error","model_glofas_minus_raw_glofas","posthoc_synthesis_adjustment"
"qdesn_glofas_discrepancy_fr09_authoritative","qdesn_transition_full7_fr09_persistence_innovation_p05","p05","qhat",TRUE,2022-12-25,2022-12-26,1,0.05,0.528441205312744,0.225918044979448,-0.302523160333296,0.271933715483642,0.225918044979448,0.528441205312744,-1.11022302462516e-16,5.55111512312578e-17,-0.046015670504194,0
"qdesn_glofas_discrepancy_fr09_authoritative","qdesn_transition_full7_fr09_persistence_innovation_p15","p15","qhat",TRUE,2022-12-25,2022-12-26,1,0.15,0.543846327612101,0.248616241040941,-0.29523008657116,0.271933715483642,0.248616241040941,0.543846327612101,0,-5.55111512312578e-17,-0.023317474442701,0
"qdesn_glofas_discrepancy_fr09_authoritative","qdesn_transition_full7_fr09_persistence_innovation_p35","p35","qhat",TRUE,2022-12-25,2022-12-26,1,0.35,0.554892404934717,0.271958258681851,-0.282934146252866,0.271933715483642,0.271958258681851,0.554892404934717,0,-5.55111512312578e-17,2.45431982089928e-05,0
"qdesn_glofas_discrepancy_fr09_authoritative","qdesn_transition_full7_fr09_persistence_innovation_p50","p50","qhat",TRUE,2022-12-25,2022-12-26,1,0.5,0.547927550748562,0.27245175413764,-0.275475796610922,0.271933715483642,0.27245175413764,0.547927550748562,1.11022302462516e-16,-5.55111512312578e-17,0.000518038653998021,0
"qdesn_glofas_discrepancy_fr09_authoritative","qdesn_transition_full7_fr09_persistence_innovation_p65","p65","qhat",TRUE,2022-12-25,2022-12-26,1,0.65,0.554546015347668,0.276774300711903,-0.277771714635765,0.271933715483642,0.276774300711903,0.554546015347668,0,0,0.00484058522826103,0
"qdesn_glofas_discrepancy_fr09_authoritative","qdesn_transition_full7_fr09_persistence_innovation_p80","p80","qhat",TRUE,2022-12-25,2022-12-26,1,0.8,0.523249725459401,0.291770127390585,-0.231479598068815,0.271933715483642,0.291770127390586,0.5232497254594,9.99200722162641e-16,-9.43689570931383e-16,0.019836411906943,0
"qdesn_glofas_discrepancy_fr09_authoritative","qdesn_transition_full7_fr09_persistence_innovation_p95","p95","qhat",TRUE,2022-12-25,2022-12-26,1,0.95,0.470702503296437,0.305018659663317,-0.165683843633121,0.271933715483642,0.305018659663316,0.470702503296438,-9.99200722162641e-16,9.99200722162641e-16,0.033084944179675,0
"qdesn_glofas_discrepancy_fr09_authoritative","qdesn_transition_full7_fr09_persistence_innovation_p05","p05","qhat",TRUE,2022-12-25,2022-12-27,2,0.05,0.705311917979813,0.273992161527876,-0.431319756451937,0.277868451003456,0.273992161527876,0.705311917979813,0,0,-0.00387628947558,0
"qdesn_glofas_discrepancy_fr09_authoritative","qdesn_transition_full7_fr09_persistence_innovation_p15","p15","qhat",TRUE,2022-12-25,2022-12-27,2,0.15,0.921086916965785,0.277655192033573,-0.643431724932211,0.277868451003456,0.277655192033574,0.921086916965784,9.99200722162641e-16,-1.0547118733939e-15,-0.000213258969883001,0
"qdesn_glofas_discrepancy_fr09_authoritative","qdesn_transition_full7_fr09_persistence_innovation_p35","p35","qhat",TRUE,2022-12-25,2022-12-27,2,0.35,1.27158455932175,0.282344516731486,-0.989240042590267,0.283768173130645,0.282344516731483,1.27158455932175,-2.88657986402541e-15,2.88657986402541e-15,-0.00142365639915903,0
"qdesn_glofas_discrepancy_fr09_authoritative","qdesn_transition_full7_fr09_persistence_innovation_p50","p50","qhat",TRUE,2022-12-25,2022-12-27,2,0.5,1.53119419651784,0.284546646446808,-1.24664755007104,0.283768173130645,0.2845466464468,1.53119419651785,-7.99360577730113e-15,7.93809462606987e-15,0.000778473316162986,0
"qdesn_glofas_discrepancy_fr09_authoritative","qdesn_transition_full7_fr09_persistence_innovation_p65","p65","qhat",TRUE,2022-12-25,2022-12-27,2,0.65,1.98869646433768,0.289759466399474,-1.6989369979382,0.286700732856844,0.28975946639948,1.98869646433767,5.99520433297585e-15,-6.0507154842071e-15,0.00305873354262998,0
"qdesn_glofas_discrepancy_fr09_authoritative","qdesn_transition_full7_fr09_persistence_innovation_p80","p80","qhat",TRUE,2022-12-25,2022-12-27,2,0.8,2.48687410994614,0.331987558022213,-2.15488655192393,0.329753286372468,0.33198755802221,2.48687410994614,-3.10862446895044e-15,2.99760216648792e-15,0.00223427164974505,0
"qdesn_glofas_discrepancy_fr09_authoritative","qdesn_transition_full7_fr09_persistence_innovation_p95","p95","qhat",TRUE,2022-12-25,2022-12-27,2,0.95,3.65374982932945,0.643735769789167,-3.01001405954029,0.641767313581061,0.64373576978916,3.65374982932946,-7.105427357601e-15,7.105427357601e-15,0.00196845620810604,0
"qdesn_glofas_discrepancy_fr09_authoritative","qdesn_transition_full7_fr09_persistence_innovation_p05","p05","qhat",TRUE,2022-12-25,2022-12-28,3,0.05,0.241945312933073,0.818339847487529,0.576394534554456,0.83646532994508,0.818339847487529,0.241945312933073,2.77555756156289e-17,0,-0.0181254824575511,0
"qdesn_glofas_discrepancy_fr09_authoritative","qdesn_transition_full7_fr09_persistence_innovation_p15","p15","qhat",TRUE,2022-12-25,2022-12-28,3,0.15,0.40788343012589,0.953202526752989,0.545319096627098,0.959070388945095,0.953202526752988,0.407883430125891,-9.99200722162641e-16,9.99200722162641e-16,-0.005867862192106,0
"qdesn_glofas_discrepancy_fr09_authoritative","qdesn_transition_full7_fr09_persistence_innovation_p35","p35","qhat",TRUE,2022-12-25,2022-12-28,3,0.35,0.680273956493076,1.05361359481321,0.373339638320131,1.04923507957231,1.05361359481321,0.680273956493079,-2.88657986402541e-15,2.88657986402541e-15,0.00437851524089994,0
"qdesn_glofas_discrepancy_fr09_authoritative","qdesn_transition_full7_fr09_persistence_innovation_p50","p50","qhat",TRUE,2022-12-25,2022-12-28,3,0.5,0.832870320970268,1.14117886356682,0.308308542596553,1.1268555009815,1.14117886356682,0.832870320970267,9.99200722162641e-16,-8.88178419700125e-16,0.0143233625853201,0
"qdesn_glofas_discrepancy_fr09_authoritative","qdesn_transition_full7_fr09_persistence_innovation_p65","p65","qhat",TRUE,2022-12-25,2022-12-28,3,0.65,1.03897690987014,1.24219996730833,0.203223057438187,1.22079920556516,1.24219996730833,1.03897690987014,-2.88657986402541e-15,2.88657986402541e-15,0.02140076174317,0
"qdesn_glofas_discrepancy_fr09_authoritative","qdesn_transition_full7_fr09_persistence_innovation_p80","p80","qhat",TRUE,2022-12-25,2022-12-28,3,0.8,1.30495508249626,1.31033276164255,0.00537767914628745,1.3028278300968,1.31033276164255,1.30495508249626,-2.66453525910038e-15,2.66453525910038e-15,0.00750493154575005,0
"qdesn_glofas_discrepancy_fr09_authoritative","qdesn_transition_full7_fr09_persistence_innovation_p95","p95","qhat",TRUE,2022-12-25,2022-12-28,3,0.95,1.97379016266456,1.54257243786418,-0.431217724800373,1.51312766088714,1.54257243786419,1.97379016266455,6.88338275267597e-15,-6.88338275267597e-15,0.0294447769770401,0
"qdesn_glofas_discrepancy_fr09_authoritative","qdesn_transition_full7_fr09_persistence_innovation_p05","p05","qhat",TRUE,2022-12-25,2022-12-29,4,0.05,0.508737585107099,0.923856755454063,0.415119170346964,0.927167655587876,0.923856755454063,0.508737585107099,0,0,-0.00331090013381297,0
"qdesn_glofas_discrepancy_fr09_authoritative","qdesn_transition_full7_fr09_persistence_innovation_p15","p15","qhat",TRUE,2022-12-25,2022-12-29,4,0.15,0.630094656588438,0.992742471011494,0.362647814423056,0.994408511138107,0.992742471011494,0.630094656588438,0,0,-0.00166604012661298,0
"qdesn_glofas_discrepancy_fr09_authoritative","qdesn_transition_full7_fr09_persistence_innovation_p35","p35","qhat",TRUE,2022-12-25,2022-12-29,4,0.35,0.85963249497435,1.09021137877394,0.230578883799589,1.09338691823406,1.09021137877394,0.859632494974351,-9.99200722162641e-16,1.11022302462516e-15,-0.00317553946012006,0
"qdesn_glofas_discrepancy_fr09_authoritative","qdesn_transition_full7_fr09_persistence_innovation_p50","p50","qhat",TRUE,2022-12-25,2022-12-29,4,0.5,0.996192424902426,1.17618974541049,0.179997320508067,1.1738357099057,1.17618974541049,0.996192424902423,2.99760216648792e-15,-3.10862446895044e-15,0.00235403550478996,0
"qdesn_glofas_discrepancy_fr09_authoritative","qdesn_transition_full7_fr09_persistence_innovation_p65","p65","qhat",TRUE,2022-12-25,2022-12-29,4,0.65,1.18602760987558,1.27017085893948,0.084143249063897,1.26602811951966,1.27017085893948,1.18602760987558,-3.10862446895044e-15,3.10862446895044e-15,0.00414273941981991,0
"qdesn_glofas_discrepancy_fr09_authoritative","qdesn_transition_full7_fr09_persistence_innovation_p80","p80","qhat",TRUE,2022-12-25,2022-12-29,4,0.8,1.38493183835306,1.40153764755896,0.0166058092059061,1.39794497833987,1.40153764755897,1.38493183835305,5.99520433297585e-15,-5.99520433297585e-15,0.00359266921908996,0
"qdesn_glofas_discrepancy_fr09_authoritative","qdesn_transition_full7_fr09_persistence_innovation_p95","p95","qhat",TRUE,2022-12-25,2022-12-29,4,0.95,2.09604252996996,1.60565441029225,-0.490388119677709,1.54995705816708,1.60565441029225,2.09604252996996,8.88178419700125e-16,-1.11022302462516e-15,0.05569735212517,0
"qdesn_glofas_discrepancy_fr09_authoritative","qdesn_transition_full7_fr09_persistence_innovation_p05","p05","qhat",TRUE,2022-12-25,2022-12-30,5,0.05,0.912466980749044,1.00351651266255,0.0910495319135039,1.02132780309448,1.00351651266255,0.912466980749046,-2.22044604925031e-15,2.22044604925031e-15,-0.0178112904319299,0
"qdesn_glofas_discrepancy_fr09_authoritative","qdesn_transition_full7_fr09_persistence_innovation_p15","p15","qhat",TRUE,2022-12-25,2022-12-30,5,0.15,1.28721981288049,1.1557521439658,-0.131467668914693,1.15923390682308,1.1557521439658,1.28721981288049,-3.10862446895044e-15,3.10862446895044e-15,-0.00348176285727986,0
"qdesn_glofas_discrepancy_fr09_authoritative","qdesn_transition_full7_fr09_persistence_innovation_p35","p35","qhat",TRUE,2022-12-25,2022-12-30,5,0.35,1.60767592589668,1.22984529301286,-0.37783063288382,1.22790031294312,1.22984529301286,1.60767592589668,-2.22044604925031e-16,2.22044604925031e-16,0.00194498006973998,0
"qdesn_glofas_discrepancy_fr09_authoritative","qdesn_transition_full7_fr09_persistence_innovation_p50","p50","qhat",TRUE,2022-12-25,2022-12-30,5,0.5,1.84434894194509,1.31587386701417,-0.528475074930916,1.33005464279701,1.31587386701417,1.84434894194509,3.99680288865056e-15,-3.99680288865056e-15,-0.0141807757828398,0
"qdesn_glofas_discrepancy_fr09_authoritative","qdesn_transition_full7_fr09_persistence_innovation_p65","p65","qhat",TRUE,2022-12-25,2022-12-30,5,0.65,2.31685593487322,1.46639560120284,-0.850460333670378,1.46783469941767,1.46639560120284,2.31685593487322,1.77635683940025e-15,-1.99840144432528e-15,-0.00143909821483001,0
"qdesn_glofas_discrepancy_fr09_authoritative","qdesn_transition_full7_fr09_persistence_innovation_p80","p80","qhat",TRUE,2022-12-25,2022-12-30,5,0.8,2.6498867916831,1.55047836178113,-1.09940842990197,1.55319819411122,1.55047836178113,2.6498867916831,0,0,-0.0027198323300901,0
"qdesn_glofas_discrepancy_fr09_authoritative","qdesn_transition_full7_fr09_persistence_innovation_p95","p95","qhat",TRUE,2022-12-25,2022-12-30,5,0.95,3.38338034026666,1.69587695615081,-1.68750338411584,1.69259842171405,1.69587695615082,3.38338034026665,9.76996261670138e-15,-9.99200722162641e-15,0.00327853443676007,0
"qdesn_glofas_discrepancy_fr09_authoritative","qdesn_transition_full7_fr09_persistence_innovation_p05","p05","qhat",TRUE,2022-12-25,2022-12-31,6,0.05,0.857895817529781,1.23786465179886,0.379968834269078,1.27729754004953,1.23786465179886,0.857895817529782,-1.11022302462516e-15,1.11022302462516e-15,-0.0394328882506698,0
"qdesn_glofas_discrepancy_fr09_authoritative","qdesn_transition_full7_fr09_persistence_innovation_p15","p15","qhat",TRUE,2022-12-25,2022-12-31,6,0.15,1.29179446095314,1.42510181343384,0.133307352480701,1.42929052800564,1.42510181343384,1.29179446095314,8.88178419700125e-16,-8.88178419700125e-16,-0.00418871457180003,0
"qdesn_glofas_discrepancy_fr09_authoritative","qdesn_transition_full7_fr09_persistence_innovation_p35","p35","qhat",TRUE,2022-12-25,2022-12-31,6,0.35,1.78145608143687,1.57715086879648,-0.204305212640385,1.57768791338942,1.57715086879649,1.78145608143686,5.10702591327572e-15,-5.10702591327572e-15,-0.000537044592940017,0
"qdesn_glofas_discrepancy_fr09_authoritative","qdesn_transition_full7_fr09_persistence_innovation_p50","p50","qhat",TRUE,2022-12-25,2022-12-31,6,0.5,2.06718020336797,1.66935591494497,-0.397824288422992,1.6715320422299,1.66935591494498,2.06718020336796,7.99360577730113e-15,-7.99360577730113e-15,-0.00217612728493011,0
"qdesn_glofas_discrepancy_fr09_authoritative","qdesn_transition_full7_fr09_persistence_innovation_p65","p65","qhat",TRUE,2022-12-25,2022-12-31,6,0.65,2.47596310350252,1.71206074094068,-0.763902362561848,1.70828667742547,1.71206074094067,2.47596310350253,-7.99360577730113e-15,7.99360577730113e-15,0.00377406351521015,0
"qdesn_glofas_discrepancy_fr09_authoritative","qdesn_transition_full7_fr09_persistence_innovation_p80","p80","qhat",TRUE,2022-12-25,2022-12-31,6,0.8,2.9275794549562,1.82162974773419,-1.10594970722201,1.82126770384804,1.82162974773419,2.9275794549562,0,0,0.000362043886150021,0
"qdesn_glofas_discrepancy_fr09_authoritative","qdesn_transition_full7_fr09_persistence_innovation_p95","p95","qhat",TRUE,2022-12-25,2022-12-31,6,0.95,3.7380947161728,2.05315043960925,-1.68494427656355,2.04920063203768,2.05315043960925,3.7380947161728,0,0,0.00394980757157004,0
"qdesn_glofas_discrepancy_fr09_authoritative","qdesn_transition_full7_fr09_persistence_innovation_p05","p05","qhat",TRUE,2022-12-25,2023-01-01,7,0.05,0.761971830887453,1.48798861826809,0.726016787380642,1.50392666997048,1.4879886182681,0.761971830887448,5.10702591327572e-15,-5.10702591327572e-15,-0.0159380517023902,0
"qdesn_glofas_discrepancy_fr09_authoritative","qdesn_transition_full7_fr09_persistence_innovation_p15","p15","qhat",TRUE,2022-12-25,2023-01-01,7,0.15,1.14399680006172,1.60335075580082,0.459353955739105,1.60708865204332,1.60335075580082,1.14399680006172,4.88498130835069e-15,-4.88498130835069e-15,-0.00373789624250009,0
"qdesn_glofas_discrepancy_fr09_authoritative","qdesn_transition_full7_fr09_persistence_innovation_p35","p35","qhat",TRUE,2022-12-25,2023-01-01,7,0.35,1.7931591942357,1.81601714623602,0.0228579520003269,1.82617813561359,1.81601714623603,1.79315919423569,6.88338275267597e-15,-6.88338275267597e-15,-0.01016098937757,0
"qdesn_glofas_discrepancy_fr09_authoritative","qdesn_transition_full7_fr09_persistence_innovation_p50","p50","qhat",TRUE,2022-12-25,2023-01-01,7,0.5,2.14343517686995,1.93738142349471,-0.206053753375239,1.94031416355119,1.93738142349471,2.14343517686995,8.88178419700125e-16,-1.11022302462516e-15,-0.00293274005648003,0
"qdesn_glofas_discrepancy_fr09_authoritative","qdesn_transition_full7_fr09_persistence_innovation_p65","p65","qhat",TRUE,2022-12-25,2023-01-01,7,0.65,2.62762635310415,2.00925557270033,-0.618370780403819,2.0065209783999,2.00925557270033,2.62762635310415,1.33226762955019e-15,-1.33226762955019e-15,0.00273459430042999,0
"qdesn_glofas_discrepancy_fr09_authoritative","qdesn_transition_full7_fr09_persistence_innovation_p80","p80","qhat",TRUE,2022-12-25,2023-01-01,7,0.8,3.06793406902056,2.09416510669584,-0.973768962324722,2.09302079980622,2.09416510669584,3.06793406902056,-1.77635683940025e-15,1.77635683940025e-15,0.00114430688961997,0
"qdesn_glofas_discrepancy_fr09_authoritative","qdesn_transition_full7_fr09_persistence_innovation_p95","p95","qhat",TRUE,2022-12-25,2023-01-01,7,0.95,3.91163081949637,2.30443791323973,-1.60719290625663,2.29826164498126,2.30443791323974,3.91163081949636,9.76996261670138e-15,-9.76996261670138e-15,0.00617626825847006,0
"qdesn_glofas_discrepancy_fr09_authoritative","qdesn_transition_full7_fr09_persistence_innovation_p05","p05","qhat",TRUE,2022-12-25,2023-01-02,8,0.05,0.313952845410697,1.39755061507783,1.08359776966713,1.4140221660756,1.39755061507783,0.3139528454107,-3.10862446895044e-15,3.10862446895044e-15,-0.01647155099777,0
"qdesn_glofas_discrepancy_fr09_authoritative","qdesn_transition_full7_fr09_persistence_innovation_p15","p15","qhat",TRUE,2022-12-25,2023-01-02,8,0.15,0.558154568771432,1.53940144547654,0.981246876705111,1.54322994066377,1.53940144547654,0.558154568771429,3.10862446895044e-15,-3.10862446895044e-15,-0.00382849518723005,0
"qdesn_glofas_discrepancy_fr09_authoritative","qdesn_transition_full7_fr09_persistence_innovation_p35","p35","qhat",TRUE,2022-12-25,2023-01-02,8,0.35,1.01003895848744,1.81923346203424,0.809194503546807,1.82502464484329,1.81923346203425,1.01003895848743,6.88338275267597e-15,-6.88338275267597e-15,-0.00579118280905,0
"qdesn_glofas_discrepancy_fr09_authoritative","qdesn_transition_full7_fr09_persistence_innovation_p50","p50","qhat",TRUE,2022-12-25,2023-01-02,8,0.5,1.16716281007902,1.90031452952813,0.733151719449111,1.8955562629097,1.90031452952813,1.16716281007902,6.66133814775094e-16,-8.88178419700125e-16,0.00475826661843004,0
"qdesn_glofas_discrepancy_fr09_authoritative","qdesn_transition_full7_fr09_persistence_innovation_p65","p65","qhat",TRUE,2022-12-25,2023-01-02,8,0.65,1.28873286802855,1.99587926922999,0.70714640120144,1.98470239149622,1.99587926922999,1.28873286802855,0,2.22044604925031e-16,0.01117687773377,0
"qdesn_glofas_discrepancy_fr09_authoritative","qdesn_transition_full7_fr09_persistence_innovation_p80","p80","qhat",TRUE,2022-12-25,2023-01-02,8,0.8,1.53478748967881,2.05883843344714,0.524050943768327,2.05071247323898,2.05883843344714,1.53478748967881,-3.10862446895044e-15,3.10862446895044e-15,0.00812596020816025,0
"qdesn_glofas_discrepancy_fr09_authoritative","qdesn_transition_full7_fr09_persistence_innovation_p95","p95","qhat",TRUE,2022-12-25,2023-01-02,8,0.95,2.47611489173055,2.30831181187414,-0.167803079856412,2.25530766804234,2.30831181187414,2.47611489173055,-1.77635683940025e-15,1.77635683940025e-15,0.0530041438318003,0
"qdesn_glofas_discrepancy_fr09_authoritative","qdesn_transition_full7_fr09_persistence_innovation_p05","p05","qhat",TRUE,2022-12-25,2023-01-03,9,0.05,1.07121523648406,1.46537214704735,0.394156910563299,1.48024668428203,1.46537214704736,1.07121523648405,8.88178419700125e-15,-8.88178419700125e-15,-0.0148745372346801,0
"qdesn_glofas_discrepancy_fr09_authoritative","qdesn_transition_full7_fr09_persistence_innovation_p15","p15","qhat",TRUE,2022-12-25,2023-01-03,9,0.15,1.44392625254653,1.60570238290577,0.16177613035924,1.60943669172949,1.60570238290577,1.44392625254653,0,0,-0.00373430882372006,0
"qdesn_glofas_discrepancy_fr09_authoritative","qdesn_transition_full7_fr09_persistence_innovation_p35","p35","qhat",TRUE,2022-12-25,2023-01-03,9,0.35,1.90767193406956,1.86684070984788,-0.0408312242216854,1.8746299527491,1.86684070984787,1.90767193406957,-5.55111512312578e-15,5.55111512312578e-15,-0.00778924290121985,0
"qdesn_glofas_discrepancy_fr09_authoritative","qdesn_transition_full7_fr09_persistence_innovation_p50","p50","qhat",TRUE,2022-12-25,2023-01-03,9,0.5,2.15966864536099,1.99901368044195,-0.160654964919046,2.0023242383354,1.99901368044194,2.159668645361,-6.21724893790088e-15,6.21724893790088e-15,-0.00331055789345003,0
"qdesn_glofas_discrepancy_fr09_authoritative","qdesn_transition_full7_fr09_persistence_innovation_p65","p65","qhat",TRUE,2022-12-25,2023-01-03,9,0.65,2.47105116801923,2.08419208354029,-0.386859084478947,2.0812858798981,2.08419208354028,2.47105116801924,-6.66133814775094e-15,7.105427357601e-15,0.00290620364219007,0
"qdesn_glofas_discrepancy_fr09_authoritative","qdesn_transition_full7_fr09_persistence_innovation_p80","p80","qhat",TRUE,2022-12-25,2023-01-03,9,0.8,2.74961511909609,2.27137693472224,-0.478238184373851,2.27726728500976,2.27137693472224,2.74961511909609,-1.33226762955019e-15,1.33226762955019e-15,-0.00589035028751983,0
"qdesn_glofas_discrepancy_fr09_authoritative","qdesn_transition_full7_fr09_persistence_innovation_p95","p95","qhat",TRUE,2022-12-25,2023-01-03,9,0.95,3.6291927315116,2.5324441624899,-1.0967485690217,2.52624400362176,2.5324441624899,3.6291927315116,-4.44089209850063e-16,4.44089209850063e-16,0.00620015886814018,0
"qdesn_glofas_discrepancy_fr09_authoritative","qdesn_transition_full7_fr09_persistence_innovation_p05","p05","qhat",TRUE,2022-12-25,2023-01-04,10,0.05,1.22119947569562,1.5249136205295,0.303714144833877,1.54059760555945,1.5249136205295,1.22119947569562,-3.10862446895044e-15,3.10862446895044e-15,-0.0156839850299499,0
"qdesn_glofas_discrepancy_fr09_authoritative","qdesn_transition_full7_fr09_persistence_innovation_p15","p15","qhat",TRUE,2022-12-25,2023-01-04,10,0.15,1.62768053473143,1.75373069790924,0.126050163177814,1.75998818831309,1.75373069790924,1.62768053473143,3.99680288865056e-15,-3.99680288865056e-15,-0.00625749040384993,0
"qdesn_glofas_discrepancy_fr09_authoritative","qdesn_transition_full7_fr09_persistence_innovation_p35","p35","qhat",TRUE,2022-12-25,2023-01-04,10,0.35,2.02918605336749,2.00553435461318,-0.0236516987543128,2.00967888363396,2.00553435461318,2.02918605336749,-2.66453525910038e-15,2.66453525910038e-15,-0.00414452902077977,0
"qdesn_glofas_discrepancy_fr09_authoritative","qdesn_transition_full7_fr09_persistence_innovation_p50","p50","qhat",TRUE,2022-12-25,2023-01-04,10,0.5,2.19339794157996,2.07379114059488,-0.119606800985084,2.0755276423587,2.07379114059488,2.19339794157996,-4.44089209850063e-15,4.44089209850063e-15,-0.00173650176382001,0
"qdesn_glofas_discrepancy_fr09_authoritative","qdesn_transition_full7_fr09_persistence_innovation_p65","p65","qhat",TRUE,2022-12-25,2023-01-04,10,0.65,2.47628144936962,2.2034657374231,-0.272815711946523,2.20023110879076,2.2034657374231,2.47628144936962,-3.10862446895044e-15,3.10862446895044e-15,0.00323462863233992,0
"qdesn_glofas_discrepancy_fr09_authoritative","qdesn_transition_full7_fr09_persistence_innovation_p80","p80","qhat",TRUE,2022-12-25,2023-01-04,10,0.8,2.69407831477502,2.32529803260906,-0.368780282165956,2.32269404591676,2.32529803260906,2.69407831477502,3.99680288865056e-15,-3.99680288865056e-15,0.0026039866923,0
"qdesn_glofas_discrepancy_fr09_authoritative","qdesn_transition_full7_fr09_persistence_innovation_p95","p95","qhat",TRUE,2022-12-25,2023-01-04,10,0.95,3.00123057728117,2.51496350257504,-0.486267074706125,2.49898869741784,2.51496350257504,3.00123057728117,4.88498130835069e-15,-4.88498130835069e-15,0.0159748051572,0
"qdesn_glofas_discrepancy_fr09_authoritative","qdesn_transition_full7_fr09_persistence_innovation_p05","p05","qhat",TRUE,2022-12-25,2023-01-05,11,0.05,1.42482002439123,1.64524341841753,0.220423394026297,1.66542714305715,1.64524341841753,1.42482002439123,-3.10862446895044e-15,3.10862446895044e-15,-0.0201837246396199,0
"qdesn_glofas_discrepancy_fr09_authoritative","qdesn_transition_full7_fr09_persistence_innovation_p15","p15","qhat",TRUE,2022-12-25,2023-01-05,11,0.15,1.83232240204187,1.83051225951274,-0.0018101425291359,1.86971178328379,1.83051225951273,1.83232240204188,-5.99520433297585e-15,5.99520433297585e-15,-0.0391995237710498,0
"qdesn_glofas_discrepancy_fr09_authoritative","qdesn_transition_full7_fr09_persistence_innovation_p35","p35","qhat",TRUE,2022-12-25,2023-01-05,11,0.35,2.32355699592883,2.06180359596717,-0.26175339996166,2.07396811934772,2.06180359596717,2.32355699592883,0,0,-0.0121645233805499,0
"qdesn_glofas_discrepancy_fr09_authoritative","qdesn_transition_full7_fr09_persistence_innovation_p50","p50","qhat",TRUE,2022-12-25,2023-01-05,11,0.5,2.58243471046435,2.14791162602234,-0.434523084442005,2.15737866878902,2.14791162602235,2.58243471046434,5.32907051820075e-15,-5.32907051820075e-15,-0.00946704276668031,0
"qdesn_glofas_discrepancy_fr09_authoritative","qdesn_transition_full7_fr09_persistence_innovation_p65","p65","qhat",TRUE,2022-12-25,2023-01-05,11,0.65,2.96377352494202,2.24651638136175,-0.71725714358027,2.25247997950697,2.24651638136175,2.96377352494202,0,0,-0.00596359814521996,0
"qdesn_glofas_discrepancy_fr09_authoritative","qdesn_transition_full7_fr09_persistence_innovation_p80","p80","qhat",TRUE,2022-12-25,2023-01-05,11,0.8,3.42025660202859,2.43693909503501,-0.983317506993581,2.43141796483701,2.43693909503501,3.42025660202859,-8.88178419700125e-16,8.88178419700125e-16,0.00552113019799982,0
"qdesn_glofas_discrepancy_fr09_authoritative","qdesn_transition_full7_fr09_persistence_innovation_p95","p95","qhat",TRUE,2022-12-25,2023-01-05,11,0.95,4.28479355374357,2.79596358721685,-1.48882996652672,2.77801348926031,2.79596358721685,4.28479355374357,0,0,0.0179500979565397,0
"qdesn_glofas_discrepancy_fr09_authoritative","qdesn_transition_full7_fr09_persistence_innovation_p05","p05","qhat",TRUE,2022-12-25,2023-01-06,12,0.05,1.19352528956798,1.61938937914733,0.425864089579351,1.63100226594019,1.61938937914733,1.19352528956798,1.11022302462516e-15,-1.11022302462516e-15,-0.01161288679286,0
"qdesn_glofas_discrepancy_fr09_authoritative","qdesn_transition_full7_fr09_persistence_innovation_p15","p15","qhat",TRUE,2022-12-25,2023-01-06,12,0.15,1.73073621014441,1.941776348463,0.211040138318594,1.95196194485295,1.941776348463,1.73073621014441,3.99680288865056e-15,-3.99680288865056e-15,-0.01018559638995,0
"qdesn_glofas_discrepancy_fr09_authoritative","qdesn_transition_full7_fr09_persistence_innovation_p35","p35","qhat",TRUE,2022-12-25,2023-01-06,12,0.35,2.23291336318783,2.11696911651845,-0.115944246669382,2.10436821886121,2.11696911651845,2.23291336318783,-2.22044604925031e-15,2.22044604925031e-15,0.01260089765724,0
"qdesn_glofas_discrepancy_fr09_authoritative","qdesn_transition_full7_fr09_persistence_innovation_p50","p50","qhat",TRUE,2022-12-25,2023-01-06,12,0.5,2.47944086075078,2.20037539276791,-0.279065467982876,2.20414502018079,2.2003753927679,2.47944086075079,-6.21724893790088e-15,6.21724893790088e-15,-0.00376962741288001,0
"qdesn_glofas_discrepancy_fr09_authoritative","qdesn_transition_full7_fr09_persistence_innovation_p65","p65","qhat",TRUE,2022-12-25,2023-01-06,12,0.65,2.8888043418137,2.2856421137132,-0.603162228100505,2.2832524912866,2.2856421137132,2.8888043418137,-4.88498130835069e-15,4.88498130835069e-15,0.00238962242660001,0
"qdesn_glofas_discrepancy_fr09_authoritative","qdesn_transition_full7_fr09_persistence_innovation_p80","p80","qhat",TRUE,2022-12-25,2023-01-06,12,0.8,3.42416349170865,2.57739082848946,-0.846772663219188,2.575113869489,2.57739082848946,3.42416349170865,1.77635683940025e-15,-1.77635683940025e-15,0.0022769590004601,0
"qdesn_glofas_discrepancy_fr09_authoritative","qdesn_transition_full7_fr09_persistence_innovation_p95","p95","qhat",TRUE,2022-12-25,2023-01-06,12,0.95,4.04897875986826,2.74516852877739,-1.30381023109087,2.73702186825083,2.74516852877739,4.04897875986826,0,0,0.0081466605265601,0
"qdesn_glofas_discrepancy_fr09_authoritative","qdesn_transition_full7_fr09_persistence_innovation_p05","p05","qhat",TRUE,2022-12-25,2023-01-07,13,0.05,0.864542911278561,1.5753169800608,0.710774068782242,1.66723448222577,1.5753169800608,0.864542911278558,2.99760216648792e-15,-3.10862446895044e-15,-0.0919175021649701,0
"qdesn_glofas_discrepancy_fr09_authoritative","qdesn_transition_full7_fr09_persistence_innovation_p15","p15","qhat",TRUE,2022-12-25,2023-01-07,13,0.15,1.23757102988596,1.8882649368677,0.650693906981736,1.89084759062568,1.8882649368677,1.23757102988596,-3.99680288865056e-15,4.21884749357559e-15,-0.00258265375798006,0
"qdesn_glofas_discrepancy_fr09_authoritative","qdesn_transition_full7_fr09_persistence_innovation_p35","p35","qhat",TRUE,2022-12-25,2023-01-07,13,0.35,1.56569714375338,2.11060003436601,0.544902890612631,2.11301396741624,2.11060003436601,1.56569714375338,1.11022302462516e-15,-1.33226762955019e-15,-0.00241393305023019,0
"qdesn_glofas_discrepancy_fr09_authoritative","qdesn_transition_full7_fr09_persistence_innovation_p50","p50","qhat",TRUE,2022-12-25,2023-01-07,13,0.5,1.74111066149683,2.22102143394559,0.479910772448759,2.21187369755245,2.22102143394559,1.74111066149683,-1.11022302462516e-15,8.88178419700125e-16,0.00914773639314026,0
"qdesn_glofas_discrepancy_fr09_authoritative","qdesn_transition_full7_fr09_persistence_innovation_p65","p65","qhat",TRUE,2022-12-25,2023-01-07,13,0.65,1.86192288942978,2.33468798086068,0.472765091430899,2.32153242659425,2.33468798086068,1.86192288942978,-1.11022302462516e-15,8.88178419700125e-16,0.0131555542664299,0
"qdesn_glofas_discrepancy_fr09_authoritative","qdesn_transition_full7_fr09_persistence_innovation_p80","p80","qhat",TRUE,2022-12-25,2023-01-07,13,0.8,2.19181885571979,2.59756669150774,0.405747835787955,2.59163341919597,2.59756669150775,2.19181885571978,5.32907051820075e-15,-5.32907051820075e-15,0.00593327231177021,0
"qdesn_glofas_discrepancy_fr09_authoritative","qdesn_transition_full7_fr09_persistence_innovation_p95","p95","qhat",TRUE,2022-12-25,2023-01-07,13,0.95,2.65718877036943,2.81966787227585,0.162479101906426,2.7708844660674,2.81966787227586,2.65718877036942,6.21724893790088e-15,-5.77315972805081e-15,0.0487834062084502,0
"qdesn_glofas_discrepancy_fr09_authoritative","qdesn_transition_full7_fr09_persistence_innovation_p05","p05","qhat",TRUE,2022-12-25,2023-01-08,14,0.05,1.30461101393534,1.48902673118145,0.184415717246106,1.57919578702933,1.48902673118145,1.30461101393534,-3.99680288865056e-15,3.99680288865056e-15,-0.09016905584788,0
"qdesn_glofas_discrepancy_fr09_authoritative","qdesn_transition_full7_fr09_persistence_innovation_p15","p15","qhat",TRUE,2022-12-25,2023-01-08,14,0.15,1.80192631810412,1.79359828743583,-0.00832803066828237,1.79630451779796,1.79359828743584,1.80192631810411,7.54951656745106e-15,-7.54951656745106e-15,-0.00270623036212991,0
"qdesn_glofas_discrepancy_fr09_authoritative","qdesn_transition_full7_fr09_persistence_innovation_p35","p35","qhat",TRUE,2022-12-25,2023-01-08,14,0.35,2.24634139826374,2.02638588521041,-0.219955513053334,2.05775887287042,2.02638588521041,2.24634139826374,-4.44089209850063e-15,4.44089209850063e-15,-0.03137298766001,0
"qdesn_glofas_discrepancy_fr09_authoritative","qdesn_transition_full7_fr09_persistence_innovation_p50","p50","qhat",TRUE,2022-12-25,2023-01-08,14,0.5,2.57956129550187,2.19238462418367,-0.387176671318208,2.19722457733622,2.19238462418366,2.57956129550188,-7.99360577730113e-15,7.99360577730113e-15,-0.00483995315254981,0
"qdesn_glofas_discrepancy_fr09_authoritative","qdesn_transition_full7_fr09_persistence_innovation_p65","p65","qhat",TRUE,2022-12-25,2023-01-08,14,0.65,2.99939700343048,2.36137688409912,-0.638020119331358,2.36394473873185,2.36137688409912,2.99939700343048,1.77635683940025e-15,-1.77635683940025e-15,-0.0025678546327299,0
"qdesn_glofas_discrepancy_fr09_authoritative","qdesn_transition_full7_fr09_persistence_innovation_p80","p80","qhat",TRUE,2022-12-25,2023-01-08,14,0.8,3.35077082404872,2.48791824658982,-0.862852577458896,2.4901014666651,2.48791824658982,3.35077082404872,3.99680288865056e-15,-3.99680288865056e-15,-0.00218322007527982,0
"qdesn_glofas_discrepancy_fr09_authoritative","qdesn_transition_full7_fr09_persistence_innovation_p95","p95","qhat",TRUE,2022-12-25,2023-01-08,14,0.95,4.29823674375585,2.68274434567076,-1.61549239808509,2.67931471976309,2.68274434567076,4.29823674375585,0,0,0.00342962590766982,0
"qdesn_glofas_discrepancy_fr09_authoritative","qdesn_transition_full7_fr09_persistence_innovation_p05","p05","qhat",TRUE,2022-12-25,2023-01-09,15,0.05,1.11930736475471,1.39663869302944,0.277331328274734,1.49246444365106,1.39663869302944,1.11930736475471,3.99680288865056e-15,-3.99680288865056e-15,-0.0958257506216198,0
"qdesn_glofas_discrepancy_fr09_authoritative","qdesn_transition_full7_fr09_persistence_innovation_p15","p15","qhat",TRUE,2022-12-25,2023-01-09,15,0.15,1.63371568018535,1.71253135563021,0.0788156754448581,1.71603186640757,1.71253135563021,1.63371568018535,-1.77635683940025e-15,1.77635683940025e-15,-0.00350051077736002,0
"qdesn_glofas_discrepancy_fr09_authoritative","qdesn_transition_full7_fr09_persistence_innovation_p35","p35","qhat",TRUE,2022-12-25,2023-01-09,15,0.35,2.12253319881996,2.01108459175193,-0.11144860706803,1.99754910988846,2.01108459175193,2.12253319881996,0,0,0.0135354818634701,0
"qdesn_glofas_discrepancy_fr09_authoritative","qdesn_transition_full7_fr09_persistence_innovation_p50","p50","qhat",TRUE,2022-12-25,2023-01-09,15,0.5,2.41348447726675,2.16882924068753,-0.244655236579222,2.15828160338761,2.16882924068753,2.41348447726675,-1.77635683940025e-15,1.77635683940025e-15,0.0105476372999198,0
"qdesn_glofas_discrepancy_fr09_authoritative","qdesn_transition_full7_fr09_persistence_innovation_p65","p65","qhat",TRUE,2022-12-25,2023-01-09,15,0.65,2.86863057270118,2.3574837010689,-0.511146871632278,2.35656760855262,2.3574837010689,2.86863057270118,1.77635683940025e-15,-1.77635683940025e-15,0.000916092516280109,0
"qdesn_glofas_discrepancy_fr09_authoritative","qdesn_transition_full7_fr09_persistence_innovation_p80","p80","qhat",TRUE,2022-12-25,2023-01-09,15,0.8,3.16813653824193,2.47485260546115,-0.693283932780776,2.46518214444022,2.47485260546115,3.16813653824193,3.99680288865056e-15,-4.44089209850063e-15,0.00967046102092972,0
"qdesn_glofas_discrepancy_fr09_authoritative","qdesn_transition_full7_fr09_persistence_innovation_p95","p95","qhat",TRUE,2022-12-25,2023-01-09,15,0.95,3.78869735100372,2.74085065682398,-1.04784669417974,2.73322179630416,2.74085065682398,3.78869735100372,-4.44089209850063e-16,0,0.00762886051982026,0
"qdesn_glofas_discrepancy_fr09_authoritative","qdesn_transition_full7_fr09_persistence_innovation_p05","p05","qhat",TRUE,2022-12-25,2023-01-10,16,0.05,0.850629920803684,1.30557765484811,0.454947734044425,1.44292927524275,1.30557765484811,0.850629920803685,-8.88178419700125e-16,8.88178419700125e-16,-0.13735162039464,0
"qdesn_glofas_discrepancy_fr09_authoritative","qdesn_transition_full7_fr09_persistence_innovation_p15","p15","qhat",TRUE,2022-12-25,2023-01-10,16,0.15,1.39924996476731,1.71572572962614,0.316475764858823,1.73796502119994,1.71572572962613,1.39924996476732,-6.88338275267597e-15,6.88338275267597e-15,-0.0222392915738001,0
"qdesn_glofas_discrepancy_fr09_authoritative","qdesn_transition_full7_fr09_persistence_innovation_p35","p35","qhat",TRUE,2022-12-25,2023-01-10,16,0.35,1.85633333920262,1.97848985755942,0.122156518356803,1.98205008609748,1.97848985755942,1.85633333920262,2.88657986402541e-15,-2.88657986402541e-15,-0.00356022853805982,0
"qdesn_glofas_discrepancy_fr09_authoritative","qdesn_transition_full7_fr09_persistence_innovation_p50","p50","qhat",TRUE,2022-12-25,2023-01-10,16,0.5,2.17623899205509,2.19254597229403,0.0163069802389401,2.18675327746892,2.19254597229403,2.17623899205509,0,0,0.00579269482511036,0
"qdesn_glofas_discrepancy_fr09_authoritative","qdesn_transition_full7_fr09_persistence_innovation_p65","p65","qhat",TRUE,2022-12-25,2023-01-10,16,0.65,2.50762412480294,2.35395619822252,-0.153667926580425,2.35100143282356,2.35395619822252,2.50762412480294,-4.88498130835069e-15,4.88498130835069e-15,0.00295476539895967,0
"qdesn_glofas_discrepancy_fr09_authoritative","qdesn_transition_full7_fr09_persistence_innovation_p80","p80","qhat",TRUE,2022-12-25,2023-01-10,16,0.8,2.79064569736132,2.43259946322004,-0.358046234141275,2.427288571495,2.43259946322004,2.79064569736131,4.88498130835069e-15,-4.88498130835069e-15,0.00531089172503973,0
"qdesn_glofas_discrepancy_fr09_authoritative","qdesn_transition_full7_fr09_persistence_innovation_p95","p95","qhat",TRUE,2022-12-25,2023-01-10,16,0.95,3.50792320258977,2.6871006053769,-0.820822597212868,2.68111122367927,2.6871006053769,3.50792320258977,2.22044604925031e-15,-2.22044604925031e-15,0.00598938169763041,0
"qdesn_glofas_discrepancy_fr09_authoritative","qdesn_transition_full7_fr09_persistence_innovation_p05","p05","qhat",TRUE,2022-12-25,2023-01-11,17,0.05,0.845927119796104,1.21248552758271,0.366558407786603,1.35180255748735,1.21248552758271,0.845927119796107,-2.99760216648792e-15,3.10862446895044e-15,-0.13931702990464,0
"qdesn_glofas_discrepancy_fr09_authoritative","qdesn_transition_full7_fr09_persistence_innovation_p15","p15","qhat",TRUE,2022-12-25,2023-01-11,17,0.15,1.4488839552239,1.71643151244802,0.267547557224123,1.72578369919877,1.71643151244802,1.4488839552239,2.88657986402541e-15,-2.88657986402541e-15,-0.00935218675075,0
"qdesn_glofas_discrepancy_fr09_authoritative","qdesn_transition_full7_fr09_persistence_innovation_p35","p35","qhat",TRUE,2022-12-25,2023-01-11,17,0.35,1.83949168116688,1.99324233859342,0.153750657426542,1.99596599510943,1.99324233859342,1.83949168116688,1.99840144432528e-15,-1.99840144432528e-15,-0.00272365651601003,0
"qdesn_glofas_discrepancy_fr09_authoritative","qdesn_transition_full7_fr09_persistence_innovation_p50","p50","qhat",TRUE,2022-12-25,2023-01-11,17,0.5,2.0860819386026,2.18209810642359,0.0960161678209895,2.18675327746892,2.18209810642359,2.0860819386026,0,0,-0.00465517104532998,0
"qdesn_glofas_discrepancy_fr09_authoritative","qdesn_transition_full7_fr09_persistence_innovation_p65","p65","qhat",TRUE,2022-12-25,2023-01-11,17,0.65,2.30285693484164,2.29004235399953,-0.012814580842114,2.28201766867916,2.29004235399953,2.30285693484164,-3.99680288865056e-15,3.99680288865056e-15,0.00802468532037004,0
"qdesn_glofas_discrepancy_fr09_authoritative","qdesn_transition_full7_fr09_persistence_innovation_p80","p80","qhat",TRUE,2022-12-25,2023-01-11,17,0.8,2.50251282449182,2.44306679629489,-0.0594460281969252,2.43689743060164,2.44306679629489,2.50251282449182,4.88498130835069e-15,-4.88498130835069e-15,0.00616936569324977,0
"qdesn_glofas_discrepancy_fr09_authoritative","qdesn_transition_full7_fr09_persistence_innovation_p95","p95","qhat",TRUE,2022-12-25,2023-01-11,17,0.95,3.00817594175004,2.67804779173403,-0.330128150016012,2.65370581513791,2.67804779173403,3.00817594175004,-1.77635683940025e-15,1.77635683940025e-15,0.0243419765961201,0
"qdesn_glofas_discrepancy_fr09_authoritative","qdesn_transition_full7_fr09_persistence_innovation_p05","p05","qhat",TRUE,2022-12-25,2023-01-12,18,0.05,0.997656184232338,1.12493727923705,0.127281095004716,1.26113281185909,1.12493727923705,0.997656184232334,3.99680288865056e-15,-3.99680288865056e-15,-0.13619553262204,0
"qdesn_glofas_discrepancy_fr09_authoritative","qdesn_transition_full7_fr09_persistence_innovation_p15","p15","qhat",TRUE,2022-12-25,2023-01-12,18,0.15,1.66333190953547,1.64303099927959,-0.0203009102558793,1.66098407255729,1.64303099927959,1.66333190953547,6.66133814775094e-16,-6.66133814775094e-16,-0.0179530732777,0
"qdesn_glofas_discrepancy_fr09_authoritative","qdesn_transition_full7_fr09_persistence_innovation_p35","p35","qhat",TRUE,2022-12-25,2023-01-12,18,0.35,2.15398821112103,1.98412231229298,-0.169865898828044,1.99373868912762,1.98412231229299,2.15398821112102,5.77315972805081e-15,-5.99520433297585e-15,-0.00961637683464001,0
"qdesn_glofas_discrepancy_fr09_authoritative","qdesn_transition_full7_fr09_persistence_innovation_p50","p50","qhat",TRUE,2022-12-25,2023-01-12,18,0.5,2.37511780080383,2.11046896834162,-0.264648832462209,2.12525107771113,2.11046896834162,2.37511780080383,8.88178419700125e-16,-8.88178419700125e-16,-0.0147821093695102,0
"qdesn_glofas_discrepancy_fr09_authoritative","qdesn_transition_full7_fr09_persistence_innovation_p65","p65","qhat",TRUE,2022-12-25,2023-01-12,18,0.65,2.6021796313955,2.17303196853183,-0.42914766286367,2.18142022775905,2.17303196853183,2.6021796313955,0,0,-0.0083882592272202,0
"qdesn_glofas_discrepancy_fr09_authoritative","qdesn_transition_full7_fr09_persistence_innovation_p80","p80","qhat",TRUE,2022-12-25,2023-01-12,18,0.8,2.95261595746442,2.38207728949803,-0.570538667966392,2.39789527279837,2.38207728949803,2.95261595746442,-2.22044604925031e-15,2.22044604925031e-15,-0.0158179833003396,0
"qdesn_glofas_discrepancy_fr09_authoritative","qdesn_transition_full7_fr09_persistence_innovation_p95","p95","qhat",TRUE,2022-12-25,2023-01-12,18,0.95,3.63783399337813,2.72458441623639,-0.913249577141745,2.72098051579226,2.72458441623639,3.63783399337813,-4.88498130835069e-15,4.88498130835069e-15,0.00360390044412995,0
"qdesn_glofas_discrepancy_fr09_authoritative","qdesn_transition_full7_fr09_persistence_innovation_p05","p05","qhat",TRUE,2022-12-25,2023-01-13,19,0.05,0.836931825696849,1.0462585544685,0.209326728771649,1.17715033074629,1.0462585544685,0.836931825696851,-1.88737914186277e-15,1.99840144432528e-15,-0.13089177627779,0
"qdesn_glofas_discrepancy_fr09_authoritative","qdesn_transition_full7_fr09_persistence_innovation_p15","p15","qhat",TRUE,2022-12-25,2023-01-13,19,0.15,1.44524238574824,1.59872027219042,0.153477886442185,1.60781418504511,1.59872027219043,1.44524238574823,5.10702591327572e-15,-5.10702591327572e-15,-0.00909391285469008,0
"qdesn_glofas_discrepancy_fr09_authoritative","qdesn_transition_full7_fr09_persistence_innovation_p35","p35","qhat",TRUE,2022-12-25,2023-01-13,19,0.35,1.80099679134827,1.91976265940762,0.118765868059346,1.92664525665161,1.91976265940762,1.80099679134827,-3.99680288865056e-15,3.99680288865056e-15,-0.00688259724398987,0
"qdesn_glofas_discrepancy_fr09_authoritative","qdesn_transition_full7_fr09_persistence_innovation_p50","p50","qhat",TRUE,2022-12-25,2023-01-13,19,0.5,1.98977111610266,2.05029011905137,0.0605190029487142,2.035522307745,2.05029011905137,1.98977111610266,4.21884749357559e-15,-4.44089209850063e-15,0.0147678113063701,0
"qdesn_glofas_discrepancy_fr09_authoritative","qdesn_transition_full7_fr09_persistence_innovation_p65","p65","qhat",TRUE,2022-12-25,2023-01-13,19,0.65,2.08118972303917,2.136757366782,0.0555676437428295,2.12525107771113,2.136757366782,2.08118972303917,-4.44089209850063e-16,4.44089209850063e-16,0.0115062890708701,0
"qdesn_glofas_discrepancy_fr09_authoritative","qdesn_transition_full7_fr09_persistence_innovation_p80","p80","qhat",TRUE,2022-12-25,2023-01-13,19,0.8,2.32317575537256,2.33238526498022,0.00920950960766361,2.29316587107755,2.33238526498022,2.32317575537256,3.5527136788005e-15,-3.5527136788005e-15,0.0392193939026697,0
"qdesn_glofas_discrepancy_fr09_authoritative","qdesn_transition_full7_fr09_persistence_innovation_p95","p95","qhat",TRUE,2022-12-25,2023-01-13,19,0.95,2.8258235550607,2.6587506664497,-0.167072888611002,2.6411282303708,2.6587506664497,2.8258235550607,-2.22044604925031e-15,2.22044604925031e-15,0.0176224360788999,0
"qdesn_glofas_discrepancy_fr09_authoritative","qdesn_transition_full7_fr09_persistence_innovation_p05","p05","qhat",TRUE,2022-12-25,2023-01-14,20,0.05,1.29317575324134,1.20762004211079,-0.0855557111305585,1.22091869732743,1.20762004211078,1.29317575324135,-8.65973959207622e-15,8.65973959207622e-15,-0.0132986552166399,0
"qdesn_glofas_discrepancy_fr09_authoritative","qdesn_transition_full7_fr09_persistence_innovation_p15","p15","qhat",TRUE,2022-12-25,2023-01-14,20,0.15,1.70449462858516,1.48459694750427,-0.219897681080895,1.51438704037764,1.48459694750427,1.70449462858516,-4.88498130835069e-15,4.88498130835069e-15,-0.0297900928733701,0
"qdesn_glofas_discrepancy_fr09_authoritative","qdesn_transition_full7_fr09_persistence_innovation_p35","p35","qhat",TRUE,2022-12-25,2023-01-14,20,0.35,2.18101079886828,1.80521386425188,-0.375796934616399,1.83487930059636,1.80521386425188,2.18101079886828,8.88178419700125e-16,-1.11022302462516e-15,-0.0296654363444799,0
"qdesn_glofas_discrepancy_fr09_authoritative","qdesn_transition_full7_fr09_persistence_innovation_p50","p50","qhat",TRUE,2022-12-25,2023-01-14,20,0.5,2.46889994537584,1.94655769652159,-0.522342248854246,1.95700904212336,1.94655769652159,2.46889994537584,3.99680288865056e-15,-3.77475828372553e-15,-0.0104513456017699,0
"qdesn_glofas_discrepancy_fr09_authoritative","qdesn_transition_full7_fr09_persistence_innovation_p65","p65","qhat",TRUE,2022-12-25,2023-01-14,20,0.65,2.78409291016761,2.05599065783483,-0.728102252332785,2.06266068830533,2.05599065783482,2.78409291016762,-5.32907051820075e-15,5.32907051820075e-15,-0.00667003047049963,0
"qdesn_glofas_discrepancy_fr09_authoritative","qdesn_transition_full7_fr09_persistence_innovation_p80","p80","qhat",TRUE,2022-12-25,2023-01-14,20,0.8,3.14143789010401,2.22965120746208,-0.911786682641932,2.23804657185647,2.22965120746208,3.14143789010401,-2.22044604925031e-15,2.22044604925031e-15,-0.00839536439438993,0
"qdesn_glofas_discrepancy_fr09_authoritative","qdesn_transition_full7_fr09_persistence_innovation_p95","p95","qhat",TRUE,2022-12-25,2023-01-14,20,0.95,4.05083724892587,2.57121362084084,-1.47962362808503,2.56372064505241,2.57121362084084,4.05083724892587,0,0,0.00749297578842967,0
"qdesn_glofas_discrepancy_fr09_authoritative","qdesn_transition_full7_fr09_persistence_innovation_p05","p05","qhat",TRUE,2022-12-25,2023-01-15,21,0.05,1.02922384585888,1.15981320531145,0.130589359452566,1.17134403954484,1.15981320531145,1.02922384585888,-3.99680288865056e-15,3.99680288865056e-15,-0.01153083423339,0
"qdesn_glofas_discrepancy_fr09_authoritative","qdesn_transition_full7_fr09_persistence_innovation_p15","p15","qhat",TRUE,2022-12-25,2023-01-15,21,0.15,1.47710587014743,1.42988527335252,-0.0472205967949051,1.42268742298464,1.42988527335252,1.47710587014743,4.88498130835069e-15,-4.88498130835069e-15,0.00719785036788001,0
"qdesn_glofas_discrepancy_fr09_authoritative","qdesn_transition_full7_fr09_persistence_innovation_p35","p35","qhat",TRUE,2022-12-25,2023-01-15,21,0.35,2.02540589867053,1.73626211101977,-0.289143787650756,1.75146903620089,1.73626211101977,2.02540589867053,3.99680288865056e-15,-4.21884749357559e-15,-0.01520692518112,0
"qdesn_glofas_discrepancy_fr09_authoritative","qdesn_transition_full7_fr09_persistence_innovation_p50","p50","qhat",TRUE,2022-12-25,2023-01-15,21,0.5,2.32218800901444,1.89235535148578,-0.429832657528659,1.89085037187229,1.89235535148578,2.32218800901444,8.88178419700125e-16,-8.88178419700125e-16,0.00150497961349005,0
"qdesn_glofas_discrepancy_fr09_authoritative","qdesn_transition_full7_fr09_persistence_innovation_p65","p65","qhat",TRUE,2022-12-25,2023-01-15,21,0.65,2.78786129687756,2.07401494387705,-0.713846353000509,2.05824266584479,2.07401494387705,2.78786129687756,8.88178419700125e-16,-8.88178419700125e-16,0.01577227803226,0
"qdesn_glofas_discrepancy_fr09_authoritative","qdesn_transition_full7_fr09_persistence_innovation_p80","p80","qhat",TRUE,2022-12-25,2023-01-15,21,0.8,3.2138787387255,2.25357079143247,-0.960307947293022,2.24303411336751,2.25357079143248,3.21387873872549,7.99360577730113e-15,-7.99360577730113e-15,0.0105366780649603,0
"qdesn_glofas_discrepancy_fr09_authoritative","qdesn_transition_full7_fr09_persistence_innovation_p95","p95","qhat",TRUE,2022-12-25,2023-01-15,21,0.95,4.13687805804964,2.68630855024807,-1.45056950780158,2.57475968015442,2.68630855024806,4.13687805804965,-9.76996261670138e-15,1.02140518265514e-14,0.11154887009365,0
"qdesn_glofas_discrepancy_fr09_authoritative","qdesn_transition_full7_fr09_persistence_innovation_p05","p05","qhat",TRUE,2022-12-25,2023-01-16,22,0.05,0.645918012230444,1.07294431453455,0.427026302304106,1.11573122198973,1.07294431453455,0.645918012230444,-1.11022302462516e-16,0,-0.0427869074551799,0
"qdesn_glofas_discrepancy_fr09_authoritative","qdesn_transition_full7_fr09_persistence_innovation_p15","p15","qhat",TRUE,2022-12-25,2023-01-16,22,0.15,1.0428946760034,1.32432926665109,0.281434590647686,1.33206548358369,1.32432926665109,1.0428946760034,-3.99680288865056e-15,3.99680288865056e-15,-0.00773621693260007,0
"qdesn_glofas_discrepancy_fr09_authoritative","qdesn_transition_full7_fr09_persistence_innovation_p35","p35","qhat",TRUE,2022-12-25,2023-01-16,22,0.35,1.67558278619249,1.6929467906959,0.017364004503406,1.65633781583936,1.6929467906959,1.67558278619249,-3.99680288865056e-15,3.99680288865056e-15,0.0366089748565399,0
"qdesn_glofas_discrepancy_fr09_authoritative","qdesn_transition_full7_fr09_persistence_innovation_p50","p50","qhat",TRUE,2022-12-25,2023-01-16,22,0.5,1.9804040173821,1.84732415926541,-0.133079858116682,1.84747007624206,1.84732415926542,1.98040401738209,8.21565038222616e-15,-8.21565038222616e-15,-0.000145916976650007,0
"qdesn_glofas_discrepancy_fr09_authoritative","qdesn_transition_full7_fr09_persistence_innovation_p65","p65","qhat",TRUE,2022-12-25,2023-01-16,22,0.65,2.37617307396925,1.99060743760808,-0.385565636361168,1.99065244882229,1.99060743760808,2.37617307396925,1.77635683940025e-15,-1.99840144432528e-15,-4.50112142100778e-05,0
"qdesn_glofas_discrepancy_fr09_authoritative","qdesn_transition_full7_fr09_persistence_innovation_p80","p80","qhat",TRUE,2022-12-25,2023-01-16,22,0.8,2.81831935124516,2.16144731940851,-0.656872031836649,2.14739220358834,2.16144731940851,2.81831935124516,8.88178419700125e-16,-8.88178419700125e-16,0.0140551158201703,0
"qdesn_glofas_discrepancy_fr09_authoritative","qdesn_transition_full7_fr09_persistence_innovation_p95","p95","qhat",TRUE,2022-12-25,2023-01-16,22,0.95,3.89374127283449,2.65152969547565,-1.24221157735884,2.60017027424235,2.65152969547565,3.89374127283449,0,0,0.0513594212333,0
"qdesn_glofas_discrepancy_fr09_authoritative","qdesn_transition_full7_fr09_persistence_innovation_p05","p05","qhat",TRUE,2022-12-25,2023-01-17,23,0.05,0.401957370211239,0.98936569813032,0.587408327919082,1.03041846347435,0.989365698130321,0.401957370211238,9.99200722162641e-16,-9.99200722162641e-16,-0.04105276534403,0
"qdesn_glofas_discrepancy_fr09_authoritative","qdesn_transition_full7_fr09_persistence_innovation_p15","p15","qhat",TRUE,2022-12-25,2023-01-17,23,0.15,0.74178675070213,1.25681680690437,0.51503005620224,1.29960571053403,1.25681680690437,0.74178675070213,0,0,-0.04278890362966,0
"qdesn_glofas_discrepancy_fr09_authoritative","qdesn_transition_full7_fr09_persistence_innovation_p35","p35","qhat",TRUE,2022-12-25,2023-01-17,23,0.35,1.1765230715125,1.57757544868266,0.401052377170164,1.58086330108124,1.57757544868266,1.1765230715125,3.77475828372553e-15,-3.77475828372553e-15,-0.00328785239857998,0
"qdesn_glofas_discrepancy_fr09_authoritative","qdesn_transition_full7_fr09_persistence_innovation_p50","p50","qhat",TRUE,2022-12-25,2023-01-17,23,0.5,1.40930292191393,1.77380167580599,0.364498753892063,1.77070606003022,1.77380167580599,1.40930292191393,2.88657986402541e-15,-2.88657986402541e-15,0.00309561577577,0
"qdesn_glofas_discrepancy_fr09_authoritative","qdesn_transition_full7_fr09_persistence_innovation_p65","p65","qhat",TRUE,2022-12-25,2023-01-17,23,0.65,1.64638278811863,1.94362643568339,0.297243647564755,1.91859079564734,1.94362643568339,1.64638278811864,-5.10702591327572e-15,5.10702591327572e-15,0.0250356400360501,0
"qdesn_glofas_discrepancy_fr09_authoritative","qdesn_transition_full7_fr09_persistence_innovation_p80","p80","qhat",TRUE,2022-12-25,2023-01-17,23,0.8,2.01331278600092,2.2476668955802,0.234354109579273,2.23804657185647,2.24766689558019,2.01331278600093,-7.105427357601e-15,7.105427357601e-15,0.00962032372373001,0
"qdesn_glofas_discrepancy_fr09_authoritative","qdesn_transition_full7_fr09_persistence_innovation_p95","p95","qhat",TRUE,2022-12-25,2023-01-17,23,0.95,2.6789150302724,2.60709127939053,-0.0718237508818729,2.52828460025134,2.60709127939053,2.6789150302724,-2.66453525910038e-15,2.66453525910038e-15,0.0788066791391899,0
"qdesn_glofas_discrepancy_fr09_authoritative","qdesn_transition_full7_fr09_persistence_innovation_p05","p05","qhat",TRUE,2022-12-25,2023-01-18,24,0.05,0.705554772483705,0.910724630321893,0.205169857838189,0.952214814999333,0.910724630321894,0.705554772483704,9.99200722162641e-16,-9.99200722162641e-16,-0.04149018467744,0
"qdesn_glofas_discrepancy_fr09_authoritative","qdesn_transition_full7_fr09_persistence_innovation_p15","p15","qhat",TRUE,2022-12-25,2023-01-18,24,0.15,1.06105469012698,1.16810051976584,0.107045829638864,1.21067210731174,1.16810051976584,1.06105469012698,3.99680288865056e-15,-3.99680288865056e-15,-0.0425715875458998,0
"qdesn_glofas_discrepancy_fr09_authoritative","qdesn_transition_full7_fr09_persistence_innovation_p35","p35","qhat",TRUE,2022-12-25,2023-01-18,24,0.35,1.44844253882385,1.49351321721385,0.0450706783900011,1.49535741218458,1.49351321721385,1.44844253882385,8.88178419700125e-16,-8.88178419700125e-16,-0.00184419497072996,0
"qdesn_glofas_discrepancy_fr09_authoritative","qdesn_transition_full7_fr09_persistence_innovation_p50","p50","qhat",TRUE,2022-12-25,2023-01-18,24,0.5,1.67684275345443,1.68687163274794,0.0100288792935134,1.68755569169805,1.68687163274794,1.67684275345443,3.33066907387547e-15,-3.33066907387547e-15,-0.000684058950110034,0
"qdesn_glofas_discrepancy_fr09_authoritative","qdesn_transition_full7_fr09_persistence_innovation_p65","p65","qhat",TRUE,2022-12-25,2023-01-18,24,0.65,1.8782209704126,1.83787876190936,-0.04034220850324,1.8350659060586,1.83787876190936,1.8782209704126,0,0,0.00281285585075985,0
"qdesn_glofas_discrepancy_fr09_authoritative","qdesn_transition_full7_fr09_persistence_innovation_p80","p80","qhat",TRUE,2022-12-25,2023-01-18,24,0.8,2.22057627777419,2.15101486783265,-0.0695614099415361,2.15285172579324,2.15101486783265,2.22057627777419,3.99680288865056e-15,-3.99680288865056e-15,-0.00183685796058963,0
"qdesn_glofas_discrepancy_fr09_authoritative","qdesn_transition_full7_fr09_persistence_innovation_p95","p95","qhat",TRUE,2022-12-25,2023-01-18,24,0.95,2.85546046073739,2.48966867154177,-0.365791789195619,2.48943657741557,2.48966867154177,2.85546046073739,8.88178419700125e-16,-8.88178419700125e-16,0.000232094126200177,0
"qdesn_glofas_discrepancy_fr09_authoritative","qdesn_transition_full7_fr09_persistence_innovation_p05","p05","qhat",TRUE,2022-12-25,2023-01-19,25,0.05,0.86700838048354,0.825189024732762,-0.041819355750778,0.87050713511141,0.825189024732762,0.86700838048354,0,0,-0.045318110378648,0
"qdesn_glofas_discrepancy_fr09_authoritative","qdesn_transition_full7_fr09_persistence_innovation_p15","p15","qhat",TRUE,2022-12-25,2023-01-19,25,0.15,1.2324368430419,1.0817125401348,-0.150724302907099,1.12569729468799,1.0817125401348,1.2324368430419,8.88178419700125e-16,-8.88178419700125e-16,-0.04398475455319,0
"qdesn_glofas_discrepancy_fr09_authoritative","qdesn_transition_full7_fr09_persistence_innovation_p35","p35","qhat",TRUE,2022-12-25,2023-01-19,25,0.35,1.62382728219975,1.4150973248812,-0.20872995731855,1.43538587339534,1.4150973248812,1.62382728219975,0,0,-0.02028854851414,0
"qdesn_glofas_discrepancy_fr09_authoritative","qdesn_transition_full7_fr09_persistence_innovation_p50","p50","qhat",TRUE,2022-12-25,2023-01-19,25,0.5,1.89638186143981,1.62285223481367,-0.273529626626142,1.64323529201739,1.62285223481367,1.89638186143981,-1.99840144432528e-15,1.99840144432528e-15,-0.02038305720372,0
"qdesn_glofas_discrepancy_fr09_authoritative","qdesn_transition_full7_fr09_persistence_innovation_p65","p65","qhat",TRUE,2022-12-25,2023-01-19,25,0.65,2.16302141668371,1.83017894885994,-0.332842467823774,1.84370676821572,1.83017894885994,2.16302141668371,-3.99680288865056e-15,4.21884749357559e-15,-0.01352781935578,0
"qdesn_glofas_discrepancy_fr09_authoritative","qdesn_transition_full7_fr09_persistence_innovation_p80","p80","qhat",TRUE,2022-12-25,2023-01-19,25,0.8,2.54269902410545,2.06858329072548,-0.474115733379967,2.0755276423587,2.06858329072548,2.54269902410545,3.10862446895044e-15,-3.10862446895044e-15,-0.00694435163322016,0
"qdesn_glofas_discrepancy_fr09_authoritative","qdesn_transition_full7_fr09_persistence_innovation_p95","p95","qhat",TRUE,2022-12-25,2023-01-19,25,0.95,3.48478728237767,2.47424361481902,-1.01054366755864,2.43397376309287,2.47424361481903,3.48478728237766,1.02140518265514e-14,-9.76996261670138e-15,0.0402698517261499,0
"qdesn_glofas_discrepancy_fr09_authoritative","qdesn_transition_full7_fr09_persistence_innovation_p05","p05","qhat",TRUE,2022-12-25,2023-01-20,26,0.05,0.83436596906562,0.747044804379508,-0.0873211646861117,0.840629406262924,0.747044804379508,0.83436596906562,2.22044604925031e-16,-2.22044604925031e-16,-0.093584601883416,0
"qdesn_glofas_discrepancy_fr09_authoritative","qdesn_transition_full7_fr09_persistence_innovation_p15","p15","qhat",TRUE,2022-12-25,2023-01-20,26,0.15,1.23832944960061,1.10240743231173,-0.135922017288875,1.10896179037464,1.10240743231173,1.23832944960061,4.88498130835069e-15,-4.88498130835069e-15,-0.00655435806290994,0
"qdesn_glofas_discrepancy_fr09_authoritative","qdesn_transition_full7_fr09_persistence_innovation_p35","p35","qhat",TRUE,2022-12-25,2023-01-20,26,0.35,1.51382596957747,1.38831631730886,-0.125509652268612,1.39208950472731,1.38831631730886,1.51382596957747,-1.77635683940025e-15,1.99840144432528e-15,-0.00377318741845012,0
"qdesn_glofas_discrepancy_fr09_authoritative","qdesn_transition_full7_fr09_persistence_innovation_p50","p50","qhat",TRUE,2022-12-25,2023-01-20,26,0.5,1.71029393848295,1.60059429437286,-0.109699644110096,1.6031682994205,1.60059429437285,1.71029393848296,-5.77315972805081e-15,5.77315972805081e-15,-0.00257400504764016,0
"qdesn_glofas_discrepancy_fr09_authoritative","qdesn_transition_full7_fr09_persistence_innovation_p65","p65","qhat",TRUE,2022-12-25,2023-01-20,26,0.65,1.94715264804351,1.81803882438335,-0.129113823660161,1.79295838874339,1.81803882438335,1.94715264804351,-1.11022302462516e-15,1.11022302462516e-15,0.0250804356399601,0
"qdesn_glofas_discrepancy_fr09_authoritative","qdesn_transition_full7_fr09_persistence_innovation_p80","p80","qhat",TRUE,2022-12-25,2023-01-20,26,0.8,2.05028964216074,2.02341320342046,-0.0268764387402711,1.97668180772207,2.02341320342047,2.05028964216073,8.88178419700125e-15,-8.88178419700125e-15,0.0467313956983901,0
"qdesn_glofas_discrepancy_fr09_authoritative","qdesn_transition_full7_fr09_persistence_innovation_p95","p95","qhat",TRUE,2022-12-25,2023-01-20,26,0.95,2.35773339074917,2.43666549024449,0.0789320994953153,2.42106209128785,2.43666549024449,2.35773339074917,-4.88498130835069e-15,4.88498130835069e-15,0.0156033989566398,0
"qdesn_glofas_discrepancy_fr09_authoritative","qdesn_transition_full7_fr09_persistence_innovation_p05","p05","qhat",TRUE,2022-12-25,2023-01-21,27,0.05,1.11823381852967,0.902159650719821,-0.216074167809847,0.906866534263927,0.902159650719823,1.11823381852967,1.99840144432528e-15,-2.1094237467878e-15,-0.00470688354410609,0
"qdesn_glofas_discrepancy_fr09_authoritative","qdesn_transition_full7_fr09_persistence_innovation_p15","p15","qhat",TRUE,2022-12-25,2023-01-21,27,0.15,1.27244305441896,1.02948101710665,-0.242962037312308,1.03405833519362,1.02948101710665,1.27244305441896,1.99840144432528e-15,-1.99840144432528e-15,-0.00457731808696993,0
"qdesn_glofas_discrepancy_fr09_authoritative","qdesn_transition_full7_fr09_persistence_innovation_p35","p35","qhat",TRUE,2022-12-25,2023-01-21,27,0.35,1.55517909832419,1.29993631915604,-0.255242779168154,1.30277148025892,1.29993631915604,1.55517909832419,-3.99680288865056e-15,3.99680288865056e-15,-0.00283516110288007,0
"qdesn_glofas_discrepancy_fr09_authoritative","qdesn_transition_full7_fr09_persistence_innovation_p50","p50","qhat",TRUE,2022-12-25,2023-01-21,27,0.5,1.78859896755986,1.51563527590551,-0.272963691654346,1.51099783962085,1.51563527590551,1.78859896755986,3.77475828372553e-15,-3.99680288865056e-15,0.00463743628465996,0
"qdesn_glofas_discrepancy_fr09_authoritative","qdesn_transition_full7_fr09_persistence_innovation_p65","p65","qhat",TRUE,2022-12-25,2023-01-21,27,0.65,2.04718285227932,1.76231492991833,-0.284867922360987,1.75859241236256,1.76231492991833,2.04718285227932,2.66453525910038e-15,-2.88657986402541e-15,0.00372251755577002,0
"qdesn_glofas_discrepancy_fr09_authoritative","qdesn_transition_full7_fr09_persistence_innovation_p80","p80","qhat",TRUE,2022-12-25,2023-01-21,27,0.8,2.26292807107535,1.93439229717963,-0.328535773895726,1.93016179208717,1.93439229717962,2.26292807107536,-5.77315972805081e-15,5.77315972805081e-15,0.00423050509245981,0
"qdesn_glofas_discrepancy_fr09_authoritative","qdesn_transition_full7_fr09_persistence_innovation_p95","p95","qhat",TRUE,2022-12-25,2023-01-21,27,0.95,2.75103824136662,2.3820546126854,-0.368983628681217,2.37962625205187,2.3820546126854,2.75103824136662,3.10862446895044e-15,-3.10862446895044e-15,0.0024283606335298,0
"qdesn_glofas_discrepancy_fr09_authoritative","qdesn_transition_full7_fr09_persistence_innovation_p05","p05","qhat",TRUE,2022-12-25,2023-01-22,28,0.05,1.08419074424568,0.828131926757548,-0.256058817488136,0.831549503419064,0.828131926757544,1.08419074424568,-3.99680288865056e-15,3.99680288865056e-15,-0.00341757666151599,0
"qdesn_glofas_discrepancy_fr09_authoritative","qdesn_transition_full7_fr09_persistence_innovation_p15","p15","qhat",TRUE,2022-12-25,2023-01-22,28,0.15,1.21018837004431,0.955790552213325,-0.254397817830983,0.959110729057083,0.955790552213327,1.21018837004431,1.99840144432528e-15,-1.99840144432528e-15,-0.00332017684375796,0
"qdesn_glofas_discrepancy_fr09_authoritative","qdesn_transition_full7_fr09_persistence_innovation_p35","p35","qhat",TRUE,2022-12-25,2023-01-22,28,0.35,1.57068477992637,1.3142639832931,-0.256420796633269,1.31966815427708,1.3142639832931,1.57068477992637,8.88178419700125e-16,-8.88178419700125e-16,-0.00540417098398005,0
"qdesn_glofas_discrepancy_fr09_authoritative","qdesn_transition_full7_fr09_persistence_innovation_p50","p50","qhat",TRUE,2022-12-25,2023-01-22,28,0.5,1.79453452101457,1.51973222142244,-0.274802299592129,1.5212895256574,1.51973222142244,1.79453452101457,1.11022302462516e-15,-1.11022302462516e-15,-0.00155730423495992,0
"qdesn_glofas_discrepancy_fr09_authoritative","qdesn_transition_full7_fr09_persistence_innovation_p65","p65","qhat",TRUE,2022-12-25,2023-01-22,28,0.65,2.02792840753308,1.7563934470007,-0.27153496053237,1.7599782516458,1.75639344700071,2.02792840753307,9.76996261670138e-15,-9.76996261670138e-15,-0.00358480464509991,0
"qdesn_glofas_discrepancy_fr09_authoritative","qdesn_transition_full7_fr09_persistence_innovation_p80","p80","qhat",TRUE,2022-12-25,2023-01-22,28,0.8,2.25455852473374,1.94291095957676,-0.311647565156984,1.94143586866039,1.94291095957676,2.25455852473374,-3.99680288865056e-15,4.21884749357559e-15,0.00147509091636988,0
"qdesn_glofas_discrepancy_fr09_authoritative","qdesn_transition_full7_fr09_persistence_innovation_p95","p95","qhat",TRUE,2022-12-25,2023-01-22,28,0.95,2.83730668034687,2.34228728011949,-0.495019400227376,2.28097484373632,2.34228728011949,2.83730668034687,3.99680288865056e-15,-3.5527136788005e-15,0.0613124363831701,0
"qdesn_glofas_discrepancy_fr09_authoritative","qdesn_transition_full7_fr09_persistence_innovation_p05","p05","qhat_monotone",FALSE,2022-12-25,2022-12-26,1,0.05,0.528441205312744,0.225918044979448,-0.302523160333296,0.271933715483642,0.225918044979448,0.528441205312744,-1.11022302462516e-16,5.55111512312578e-17,-0.046015670504194,0
"qdesn_glofas_discrepancy_fr09_authoritative","qdesn_transition_full7_fr09_persistence_innovation_p15","p15","qhat_monotone",FALSE,2022-12-25,2022-12-26,1,0.15,0.532527421233148,0.248616241040941,-0.29523008657116,0.271933715483642,0.237297334661988,0.543846327612101,-0.0113189063789535,0.0113189063789534,-0.023317474442701,-0.0113189063789535
"qdesn_glofas_discrepancy_fr09_authoritative","qdesn_transition_full7_fr09_persistence_innovation_p35","p35","qhat_monotone",FALSE,2022-12-25,2022-12-26,1,0.35,0.532527421233148,0.271958258681851,-0.282934146252866,0.271933715483642,0.249593274980282,0.554892404934717,-0.0223649837015695,0.0223649837015694,2.45431982089928e-05,-0.0223649837015695
"qdesn_glofas_discrepancy_fr09_authoritative","qdesn_transition_full7_fr09_persistence_innovation_p50","p50","qhat_monotone",FALSE,2022-12-25,2022-12-26,1,0.5,0.532527421233148,0.27245175413764,-0.275475796610922,0.271933715483642,0.257051624622226,0.547927550748562,-0.0154001295154144,0.0154001295154144,0.000518038653998021,-0.0154001295154145
"qdesn_glofas_discrepancy_fr09_authoritative","qdesn_transition_full7_fr09_persistence_innovation_p65","p65","qhat_monotone",FALSE,2022-12-25,2022-12-26,1,0.65,0.532527421233148,0.276774300711903,-0.277771714635765,0.271933715483642,0.254755706597383,0.554546015347668,-0.0220185941145205,0.0220185941145205,0.00484058522826103,-0.0220185941145205
"qdesn_glofas_discrepancy_fr09_authoritative","qdesn_transition_full7_fr09_persistence_innovation_p80","p80","qhat_monotone",FALSE,2022-12-25,2022-12-26,1,0.8,0.532527421233148,0.291770127390585,-0.231479598068815,0.271933715483642,0.301047823164333,0.5232497254594,0.0092776957737476,-0.00927769577374754,0.019836411906943,0.0092776957737466
"qdesn_glofas_discrepancy_fr09_authoritative","qdesn_transition_full7_fr09_persistence_innovation_p95","p95","qhat_monotone",FALSE,2022-12-25,2022-12-26,1,0.95,0.532527421233148,0.305018659663317,-0.165683843633121,0.271933715483642,0.366843577600027,0.470702503296438,0.0618249179367096,-0.0618249179367096,0.033084944179675,0.0618249179367106
"qdesn_glofas_discrepancy_fr09_authoritative","qdesn_transition_full7_fr09_persistence_innovation_p05","p05","qhat_monotone",FALSE,2022-12-25,2022-12-27,2,0.05,0.705311917979813,0.273992161527876,-0.431319756451937,0.277868451003456,0.273992161527876,0.705311917979813,0,0,-0.00387628947558,0
"qdesn_glofas_discrepancy_fr09_authoritative","qdesn_transition_full7_fr09_persistence_innovation_p15","p15","qhat_monotone",FALSE,2022-12-25,2022-12-27,2,0.15,0.921086916965785,0.277655192033573,-0.643431724932211,0.277868451003456,0.277655192033574,0.921086916965784,9.99200722162641e-16,-1.0547118733939e-15,-0.000213258969883001,0
"qdesn_glofas_discrepancy_fr09_authoritative","qdesn_transition_full7_fr09_persistence_innovation_p35","p35","qhat_monotone",FALSE,2022-12-25,2022-12-27,2,0.35,1.27158455932175,0.282344516731486,-0.989240042590267,0.283768173130645,0.282344516731483,1.27158455932175,-2.88657986402541e-15,2.88657986402541e-15,-0.00142365639915903,0
"qdesn_glofas_discrepancy_fr09_authoritative","qdesn_transition_full7_fr09_persistence_innovation_p50","p50","qhat_monotone",FALSE,2022-12-25,2022-12-27,2,0.5,1.53119419651784,0.284546646446808,-1.24664755007104,0.283768173130645,0.2845466464468,1.53119419651785,-7.99360577730113e-15,7.93809462606987e-15,0.000778473316162986,0
"qdesn_glofas_discrepancy_fr09_authoritative","qdesn_transition_full7_fr09_persistence_innovation_p65","p65","qhat_monotone",FALSE,2022-12-25,2022-12-27,2,0.65,1.98869646433768,0.289759466399474,-1.6989369979382,0.286700732856844,0.28975946639948,1.98869646433767,6.21724893790088e-15,-6.27276008913213e-15,0.00305873354262998,2.22044604925031e-16
"qdesn_glofas_discrepancy_fr09_authoritative","qdesn_transition_full7_fr09_persistence_innovation_p80","p80","qhat_monotone",FALSE,2022-12-25,2022-12-27,2,0.8,2.48687410994614,0.331987558022213,-2.15488655192393,0.329753286372468,0.33198755802221,2.48687410994614,-2.66453525910038e-15,2.55351295663786e-15,0.00223427164974505,4.44089209850063e-16
"qdesn_glofas_discrepancy_fr09_authoritative","qdesn_transition_full7_fr09_persistence_innovation_p95","p95","qhat_monotone",FALSE,2022-12-25,2022-12-27,2,0.95,3.65374982932945,0.643735769789167,-3.01001405954029,0.641767313581061,0.643735769789159,3.65374982932946,-7.99360577730113e-15,7.99360577730113e-15,0.00196845620810604,-8.88178419700125e-16
"qdesn_glofas_discrepancy_fr09_authoritative","qdesn_transition_full7_fr09_persistence_innovation_p05","p05","qhat_monotone",FALSE,2022-12-25,2022-12-28,3,0.05,0.241945312933073,0.818339847487529,0.576394534554456,0.83646532994508,0.818339847487529,0.241945312933073,2.77555756156289e-17,0,-0.0181254824575511,0
"qdesn_glofas_discrepancy_fr09_authoritative","qdesn_transition_full7_fr09_persistence_innovation_p15","p15","qhat_monotone",FALSE,2022-12-25,2022-12-28,3,0.15,0.40788343012589,0.953202526752989,0.545319096627098,0.959070388945095,0.953202526752988,0.407883430125891,-9.99200722162641e-16,9.99200722162641e-16,-0.005867862192106,0
"qdesn_glofas_discrepancy_fr09_authoritative","qdesn_transition_full7_fr09_persistence_innovation_p35","p35","qhat_monotone",FALSE,2022-12-25,2022-12-28,3,0.35,0.680273956493076,1.05361359481321,0.373339638320131,1.04923507957231,1.05361359481321,0.680273956493079,-2.77555756156289e-15,2.88657986402541e-15,0.00437851524089994,1.11022302462516e-16
"qdesn_glofas_discrepancy_fr09_authoritative","qdesn_transition_full7_fr09_persistence_innovation_p50","p50","qhat_monotone",FALSE,2022-12-25,2022-12-28,3,0.5,0.832870320970268,1.14117886356682,0.308308542596553,1.1268555009815,1.14117886356682,0.832870320970267,8.88178419700125e-16,-8.88178419700125e-16,0.0143233625853201,-1.11022302462516e-16
"qdesn_glofas_discrepancy_fr09_authoritative","qdesn_transition_full7_fr09_persistence_innovation_p65","p65","qhat_monotone",FALSE,2022-12-25,2022-12-28,3,0.65,1.03897690987014,1.24219996730833,0.203223057438187,1.22079920556516,1.24219996730833,1.03897690987014,-2.88657986402541e-15,2.88657986402541e-15,0.02140076174317,0
"qdesn_glofas_discrepancy_fr09_authoritative","qdesn_transition_full7_fr09_persistence_innovation_p80","p80","qhat_monotone",FALSE,2022-12-25,2022-12-28,3,0.8,1.30495508249626,1.31033276164255,0.00537767914628745,1.3028278300968,1.31033276164255,1.30495508249626,-2.88657986402541e-15,2.88657986402541e-15,0.00750493154575005,-2.22044604925031e-16
"qdesn_glofas_discrepancy_fr09_authoritative","qdesn_transition_full7_fr09_persistence_innovation_p95","p95","qhat_monotone",FALSE,2022-12-25,2022-12-28,3,0.95,1.97379016266456,1.54257243786418,-0.431217724800373,1.51312766088714,1.54257243786419,1.97379016266455,7.105427357601e-15,-7.105427357601e-15,0.0294447769770401,2.22044604925031e-16
"qdesn_glofas_discrepancy_fr09_authoritative","qdesn_transition_full7_fr09_persistence_innovation_p05","p05","qhat_monotone",FALSE,2022-12-25,2022-12-29,4,0.05,0.508737585107099,0.923856755454063,0.415119170346964,0.927167655587876,0.923856755454063,0.508737585107099,0,0,-0.00331090013381297,0
"qdesn_glofas_discrepancy_fr09_authoritative","qdesn_transition_full7_fr09_persistence_innovation_p15","p15","qhat_monotone",FALSE,2022-12-25,2022-12-29,4,0.15,0.630094656588438,0.992742471011494,0.362647814423056,0.994408511138107,0.992742471011494,0.630094656588438,0,0,-0.00166604012661298,0
"qdesn_glofas_discrepancy_fr09_authoritative","qdesn_transition_full7_fr09_persistence_innovation_p35","p35","qhat_monotone",FALSE,2022-12-25,2022-12-29,4,0.35,0.85963249497435,1.09021137877394,0.230578883799589,1.09338691823406,1.09021137877394,0.859632494974351,-8.88178419700125e-16,8.88178419700125e-16,-0.00317553946012006,1.11022302462516e-16
"qdesn_glofas_discrepancy_fr09_authoritative","qdesn_transition_full7_fr09_persistence_innovation_p50","p50","qhat_monotone",FALSE,2022-12-25,2022-12-29,4,0.5,0.996192424902426,1.17618974541049,0.179997320508067,1.1738357099057,1.17618974541049,0.996192424902423,2.88657986402541e-15,-2.88657986402541e-15,0.00235403550478996,-1.11022302462516e-16
"qdesn_glofas_discrepancy_fr09_authoritative","qdesn_transition_full7_fr09_persistence_innovation_p65","p65","qhat_monotone",FALSE,2022-12-25,2022-12-29,4,0.65,1.18602760987558,1.27017085893948,0.084143249063897,1.26602811951966,1.27017085893948,1.18602760987558,-2.66453525910038e-15,2.66453525910038e-15,0.00414273941981991,4.44089209850063e-16
"qdesn_glofas_discrepancy_fr09_authoritative","qdesn_transition_full7_fr09_persistence_innovation_p80","p80","qhat_monotone",FALSE,2022-12-25,2022-12-29,4,0.8,1.38493183835306,1.40153764755896,0.0166058092059061,1.39794497833987,1.40153764755897,1.38493183835305,5.77315972805081e-15,-5.77315972805081e-15,0.00359266921908996,-2.22044604925031e-16
"qdesn_glofas_discrepancy_fr09_authoritative","qdesn_transition_full7_fr09_persistence_innovation_p95","p95","qhat_monotone",FALSE,2022-12-25,2022-12-29,4,0.95,2.09604252996996,1.60565441029225,-0.490388119677709,1.54995705816708,1.60565441029225,2.09604252996996,8.88178419700125e-16,-1.11022302462516e-15,0.05569735212517,0
"qdesn_glofas_discrepancy_fr09_authoritative","qdesn_transition_full7_fr09_persistence_innovation_p05","p05","qhat_monotone",FALSE,2022-12-25,2022-12-30,5,0.05,0.912466980749044,1.00351651266255,0.0910495319135039,1.02132780309448,1.00351651266255,0.912466980749046,-2.22044604925031e-15,2.22044604925031e-15,-0.0178112904319299,0
"qdesn_glofas_discrepancy_fr09_authoritative","qdesn_transition_full7_fr09_persistence_innovation_p15","p15","qhat_monotone",FALSE,2022-12-25,2022-12-30,5,0.15,1.28721981288049,1.1557521439658,-0.131467668914693,1.15923390682308,1.1557521439658,1.28721981288049,-3.10862446895044e-15,3.10862446895044e-15,-0.00348176285727986,0
"qdesn_glofas_discrepancy_fr09_authoritative","qdesn_transition_full7_fr09_persistence_innovation_p35","p35","qhat_monotone",FALSE,2022-12-25,2022-12-30,5,0.35,1.60767592589668,1.22984529301286,-0.37783063288382,1.22790031294312,1.22984529301286,1.60767592589668,0,-2.22044604925031e-16,0.00194498006973998,2.22044604925031e-16
"qdesn_glofas_discrepancy_fr09_authoritative","qdesn_transition_full7_fr09_persistence_innovation_p50","p50","qhat_monotone",FALSE,2022-12-25,2022-12-30,5,0.5,1.84434894194509,1.31587386701417,-0.528475074930916,1.33005464279701,1.31587386701417,1.84434894194509,3.99680288865056e-15,-3.99680288865056e-15,-0.0141807757828398,0
"qdesn_glofas_discrepancy_fr09_authoritative","qdesn_transition_full7_fr09_persistence_innovation_p65","p65","qhat_monotone",FALSE,2022-12-25,2022-12-30,5,0.65,2.31685593487322,1.46639560120284,-0.850460333670378,1.46783469941767,1.46639560120284,2.31685593487322,1.77635683940025e-15,-1.99840144432528e-15,-0.00143909821483001,0
"qdesn_glofas_discrepancy_fr09_authoritative","qdesn_transition_full7_fr09_persistence_innovation_p80","p80","qhat_monotone",FALSE,2022-12-25,2022-12-30,5,0.8,2.6498867916831,1.55047836178113,-1.09940842990197,1.55319819411122,1.55047836178113,2.6498867916831,0,0,-0.0027198323300901,0
"qdesn_glofas_discrepancy_fr09_authoritative","qdesn_transition_full7_fr09_persistence_innovation_p95","p95","qhat_monotone",FALSE,2022-12-25,2022-12-30,5,0.95,3.38338034026666,1.69587695615081,-1.68750338411584,1.69259842171405,1.69587695615082,3.38338034026665,9.76996261670138e-15,-9.99200722162641e-15,0.00327853443676007,0
"qdesn_glofas_discrepancy_fr09_authoritative","qdesn_transition_full7_fr09_persistence_innovation_p05","p05","qhat_monotone",FALSE,2022-12-25,2022-12-31,6,0.05,0.857895817529781,1.23786465179886,0.379968834269078,1.27729754004953,1.23786465179886,0.857895817529782,-1.11022302462516e-15,1.11022302462516e-15,-0.0394328882506698,0
"qdesn_glofas_discrepancy_fr09_authoritative","qdesn_transition_full7_fr09_persistence_innovation_p15","p15","qhat_monotone",FALSE,2022-12-25,2022-12-31,6,0.15,1.29179446095314,1.42510181343384,0.133307352480701,1.42929052800564,1.42510181343384,1.29179446095314,8.88178419700125e-16,-8.88178419700125e-16,-0.00418871457180003,0
"qdesn_glofas_discrepancy_fr09_authoritative","qdesn_transition_full7_fr09_persistence_innovation_p35","p35","qhat_monotone",FALSE,2022-12-25,2022-12-31,6,0.35,1.78145608143687,1.57715086879648,-0.204305212640385,1.57768791338942,1.57715086879649,1.78145608143686,5.10702591327572e-15,-5.10702591327572e-15,-0.000537044592940017,0
"qdesn_glofas_discrepancy_fr09_authoritative","qdesn_transition_full7_fr09_persistence_innovation_p50","p50","qhat_monotone",FALSE,2022-12-25,2022-12-31,6,0.5,2.06718020336797,1.66935591494497,-0.397824288422992,1.6715320422299,1.66935591494498,2.06718020336796,7.99360577730113e-15,-7.99360577730113e-15,-0.00217612728493011,0
"qdesn_glofas_discrepancy_fr09_authoritative","qdesn_transition_full7_fr09_persistence_innovation_p65","p65","qhat_monotone",FALSE,2022-12-25,2022-12-31,6,0.65,2.47596310350252,1.71206074094068,-0.763902362561848,1.70828667742547,1.71206074094067,2.47596310350253,-8.43769498715119e-15,8.43769498715119e-15,0.00377406351521015,-4.44089209850063e-16
"qdesn_glofas_discrepancy_fr09_authoritative","qdesn_transition_full7_fr09_persistence_innovation_p80","p80","qhat_monotone",FALSE,2022-12-25,2022-12-31,6,0.8,2.9275794549562,1.82162974773419,-1.10594970722201,1.82126770384804,1.82162974773419,2.9275794549562,4.44089209850063e-16,-4.44089209850063e-16,0.000362043886150021,4.44089209850063e-16
"qdesn_glofas_discrepancy_fr09_authoritative","qdesn_transition_full7_fr09_persistence_innovation_p95","p95","qhat_monotone",FALSE,2022-12-25,2022-12-31,6,0.95,3.7380947161728,2.05315043960925,-1.68494427656355,2.04920063203768,2.05315043960925,3.7380947161728,-4.44089209850063e-16,4.44089209850063e-16,0.00394980757157004,-4.44089209850063e-16
"qdesn_glofas_discrepancy_fr09_authoritative","qdesn_transition_full7_fr09_persistence_innovation_p05","p05","qhat_monotone",FALSE,2022-12-25,2023-01-01,7,0.05,0.761971830887453,1.48798861826809,0.726016787380642,1.50392666997048,1.4879886182681,0.761971830887448,5.10702591327572e-15,-5.10702591327572e-15,-0.0159380517023902,0
"qdesn_glofas_discrepancy_fr09_authoritative","qdesn_transition_full7_fr09_persistence_innovation_p15","p15","qhat_monotone",FALSE,2022-12-25,2023-01-01,7,0.15,1.14399680006172,1.60335075580082,0.459353955739105,1.60708865204332,1.60335075580082,1.14399680006172,4.88498130835069e-15,-4.88498130835069e-15,-0.00373789624250009,0
"qdesn_glofas_discrepancy_fr09_authoritative","qdesn_transition_full7_fr09_persistence_innovation_p35","p35","qhat_monotone",FALSE,2022-12-25,2023-01-01,7,0.35,1.7931591942357,1.81601714623602,0.0228579520003269,1.82617813561359,1.81601714623603,1.79315919423569,7.105427357601e-15,-7.105427357601e-15,-0.01016098937757,2.22044604925031e-16
"qdesn_glofas_discrepancy_fr09_authoritative","qdesn_transition_full7_fr09_persistence_innovation_p50","p50","qhat_monotone",FALSE,2022-12-25,2023-01-01,7,0.5,2.14343517686995,1.93738142349471,-0.206053753375239,1.94031416355119,1.93738142349471,2.14343517686995,8.88178419700125e-16,-1.11022302462516e-15,-0.00293274005648003,0
"qdesn_glofas_discrepancy_fr09_authoritative","qdesn_transition_full7_fr09_persistence_innovation_p65","p65","qhat_monotone",FALSE,2022-12-25,2023-01-01,7,0.65,2.62762635310415,2.00925557270033,-0.618370780403819,2.0065209783999,2.00925557270033,2.62762635310415,1.77635683940025e-15,-1.77635683940025e-15,0.00273459430042999,4.44089209850063e-16
"qdesn_glofas_discrepancy_fr09_authoritative","qdesn_transition_full7_fr09_persistence_innovation_p80","p80","qhat_monotone",FALSE,2022-12-25,2023-01-01,7,0.8,3.06793406902056,2.09416510669584,-0.973768962324722,2.09302079980622,2.09416510669584,3.06793406902056,-8.88178419700125e-16,8.88178419700125e-16,0.00114430688961997,8.88178419700125e-16
"qdesn_glofas_discrepancy_fr09_authoritative","qdesn_transition_full7_fr09_persistence_innovation_p95","p95","qhat_monotone",FALSE,2022-12-25,2023-01-01,7,0.95,3.91163081949637,2.30443791323973,-1.60719290625663,2.29826164498126,2.30443791323974,3.91163081949636,9.76996261670138e-15,-9.76996261670138e-15,0.00617626825847006,0
"qdesn_glofas_discrepancy_fr09_authoritative","qdesn_transition_full7_fr09_persistence_innovation_p05","p05","qhat_monotone",FALSE,2022-12-25,2023-01-02,8,0.05,0.313952845410697,1.39755061507783,1.08359776966713,1.4140221660756,1.39755061507783,0.3139528454107,-3.10862446895044e-15,3.10862446895044e-15,-0.01647155099777,0
"qdesn_glofas_discrepancy_fr09_authoritative","qdesn_transition_full7_fr09_persistence_innovation_p15","p15","qhat_monotone",FALSE,2022-12-25,2023-01-02,8,0.15,0.558154568771432,1.53940144547654,0.981246876705111,1.54322994066377,1.53940144547654,0.558154568771429,3.10862446895044e-15,-3.10862446895044e-15,-0.00382849518723005,0
"qdesn_glofas_discrepancy_fr09_authoritative","qdesn_transition_full7_fr09_persistence_innovation_p35","p35","qhat_monotone",FALSE,2022-12-25,2023-01-02,8,0.35,1.01003895848744,1.81923346203424,0.809194503546807,1.82502464484329,1.81923346203425,1.01003895848743,6.88338275267597e-15,-6.88338275267597e-15,-0.00579118280905,0
"qdesn_glofas_discrepancy_fr09_authoritative","qdesn_transition_full7_fr09_persistence_innovation_p50","p50","qhat_monotone",FALSE,2022-12-25,2023-01-02,8,0.5,1.16716281007902,1.90031452952813,0.733151719449111,1.8955562629097,1.90031452952813,1.16716281007902,4.44089209850063e-16,-4.44089209850063e-16,0.00475826661843004,-2.22044604925031e-16
"qdesn_glofas_discrepancy_fr09_authoritative","qdesn_transition_full7_fr09_persistence_innovation_p65","p65","qhat_monotone",FALSE,2022-12-25,2023-01-02,8,0.65,1.28873286802855,1.99587926922999,0.70714640120144,1.98470239149622,1.99587926922999,1.28873286802855,0,2.22044604925031e-16,0.01117687773377,0
"qdesn_glofas_discrepancy_fr09_authoritative","qdesn_transition_full7_fr09_persistence_innovation_p80","p80","qhat_monotone",FALSE,2022-12-25,2023-01-02,8,0.8,1.53478748967881,2.05883843344714,0.524050943768327,2.05071247323898,2.05883843344714,1.53478748967881,-3.10862446895044e-15,3.10862446895044e-15,0.00812596020816025,0
"qdesn_glofas_discrepancy_fr09_authoritative","qdesn_transition_full7_fr09_persistence_innovation_p95","p95","qhat_monotone",FALSE,2022-12-25,2023-01-02,8,0.95,2.47611489173055,2.30831181187414,-0.167803079856412,2.25530766804234,2.30831181187414,2.47611489173055,-1.33226762955019e-15,1.33226762955019e-15,0.0530041438318003,4.44089209850063e-16
"qdesn_glofas_discrepancy_fr09_authoritative","qdesn_transition_full7_fr09_persistence_innovation_p05","p05","qhat_monotone",FALSE,2022-12-25,2023-01-03,9,0.05,1.07121523648406,1.46537214704735,0.394156910563299,1.48024668428203,1.46537214704736,1.07121523648405,8.88178419700125e-15,-8.88178419700125e-15,-0.0148745372346801,0
"qdesn_glofas_discrepancy_fr09_authoritative","qdesn_transition_full7_fr09_persistence_innovation_p15","p15","qhat_monotone",FALSE,2022-12-25,2023-01-03,9,0.15,1.44392625254653,1.60570238290577,0.16177613035924,1.60943669172949,1.60570238290577,1.44392625254653,2.22044604925031e-16,-2.22044604925031e-16,-0.00373430882372006,2.22044604925031e-16
"qdesn_glofas_discrepancy_fr09_authoritative","qdesn_transition_full7_fr09_persistence_innovation_p35","p35","qhat_monotone",FALSE,2022-12-25,2023-01-03,9,0.35,1.90767193406956,1.86684070984788,-0.0408312242216854,1.8746299527491,1.86684070984787,1.90767193406957,-5.55111512312578e-15,5.55111512312578e-15,-0.00778924290121985,0
"qdesn_glofas_discrepancy_fr09_authoritative","qdesn_transition_full7_fr09_persistence_innovation_p50","p50","qhat_monotone",FALSE,2022-12-25,2023-01-03,9,0.5,2.15966864536099,1.99901368044195,-0.160654964919046,2.0023242383354,1.99901368044194,2.159668645361,-6.66133814775094e-15,6.66133814775094e-15,-0.00331055789345003,-4.44089209850063e-16
"qdesn_glofas_discrepancy_fr09_authoritative","qdesn_transition_full7_fr09_persistence_innovation_p65","p65","qhat_monotone",FALSE,2022-12-25,2023-01-03,9,0.65,2.47105116801923,2.08419208354029,-0.386859084478947,2.0812858798981,2.08419208354028,2.47105116801924,-7.105427357601e-15,7.105427357601e-15,0.00290620364219007,-4.44089209850063e-16
"qdesn_glofas_discrepancy_fr09_authoritative","qdesn_transition_full7_fr09_persistence_innovation_p80","p80","qhat_monotone",FALSE,2022-12-25,2023-01-03,9,0.8,2.74961511909609,2.27137693472224,-0.478238184373851,2.27726728500976,2.27137693472224,2.74961511909609,-1.33226762955019e-15,1.33226762955019e-15,-0.00589035028751983,0
"qdesn_glofas_discrepancy_fr09_authoritative","qdesn_transition_full7_fr09_persistence_innovation_p95","p95","qhat_monotone",FALSE,2022-12-25,2023-01-03,9,0.95,3.6291927315116,2.5324441624899,-1.0967485690217,2.52624400362176,2.5324441624899,3.6291927315116,-8.88178419700125e-16,4.44089209850063e-16,0.00620015886814018,-4.44089209850063e-16
"qdesn_glofas_discrepancy_fr09_authoritative","qdesn_transition_full7_fr09_persistence_innovation_p05","p05","qhat_monotone",FALSE,2022-12-25,2023-01-04,10,0.05,1.22119947569562,1.5249136205295,0.303714144833877,1.54059760555945,1.5249136205295,1.22119947569562,-3.10862446895044e-15,3.10862446895044e-15,-0.0156839850299499,0
"qdesn_glofas_discrepancy_fr09_authoritative","qdesn_transition_full7_fr09_persistence_innovation_p15","p15","qhat_monotone",FALSE,2022-12-25,2023-01-04,10,0.15,1.62768053473143,1.75373069790924,0.126050163177814,1.75998818831309,1.75373069790924,1.62768053473143,3.77475828372553e-15,-3.77475828372553e-15,-0.00625749040384993,-2.22044604925031e-16
"qdesn_glofas_discrepancy_fr09_authoritative","qdesn_transition_full7_fr09_persistence_innovation_p35","p35","qhat_monotone",FALSE,2022-12-25,2023-01-04,10,0.35,2.02918605336749,2.00553435461318,-0.0236516987543128,2.00967888363396,2.00553435461318,2.02918605336749,-2.66453525910038e-15,2.66453525910038e-15,-0.00414452902077977,0
"qdesn_glofas_discrepancy_fr09_authoritative","qdesn_transition_full7_fr09_persistence_innovation_p50","p50","qhat_monotone",FALSE,2022-12-25,2023-01-04,10,0.5,2.19339794157996,2.07379114059488,-0.119606800985084,2.0755276423587,2.07379114059488,2.19339794157996,-4.44089209850063e-15,4.44089209850063e-15,-0.00173650176382001,0
"qdesn_glofas_discrepancy_fr09_authoritative","qdesn_transition_full7_fr09_persistence_innovation_p65","p65","qhat_monotone",FALSE,2022-12-25,2023-01-04,10,0.65,2.47628144936962,2.2034657374231,-0.272815711946523,2.20023110879076,2.2034657374231,2.47628144936962,-2.22044604925031e-15,2.22044604925031e-15,0.00323462863233992,8.88178419700125e-16
"qdesn_glofas_discrepancy_fr09_authoritative","qdesn_transition_full7_fr09_persistence_innovation_p80","p80","qhat_monotone",FALSE,2022-12-25,2023-01-04,10,0.8,2.69407831477502,2.32529803260906,-0.368780282165956,2.32269404591676,2.32529803260906,2.69407831477502,3.5527136788005e-15,-3.5527136788005e-15,0.0026039866923,-4.44089209850063e-16
"qdesn_glofas_discrepancy_fr09_authoritative","qdesn_transition_full7_fr09_persistence_innovation_p95","p95","qhat_monotone",FALSE,2022-12-25,2023-01-04,10,0.95,3.00123057728117,2.51496350257504,-0.486267074706125,2.49898869741784,2.51496350257504,3.00123057728117,4.88498130835069e-15,-4.88498130835069e-15,0.0159748051572,0
"qdesn_glofas_discrepancy_fr09_authoritative","qdesn_transition_full7_fr09_persistence_innovation_p05","p05","qhat_monotone",FALSE,2022-12-25,2023-01-05,11,0.05,1.42482002439123,1.64524341841753,0.220423394026297,1.66542714305715,1.64524341841753,1.42482002439123,-3.10862446895044e-15,3.10862446895044e-15,-0.0201837246396199,0
"qdesn_glofas_discrepancy_fr09_authoritative","qdesn_transition_full7_fr09_persistence_innovation_p15","p15","qhat_monotone",FALSE,2022-12-25,2023-01-05,11,0.15,1.83232240204187,1.83051225951274,-0.0018101425291359,1.86971178328379,1.83051225951273,1.83232240204188,-5.99520433297585e-15,5.99520433297585e-15,-0.0391995237710498,0
"qdesn_glofas_discrepancy_fr09_authoritative","qdesn_transition_full7_fr09_persistence_innovation_p35","p35","qhat_monotone",FALSE,2022-12-25,2023-01-05,11,0.35,2.32355699592883,2.06180359596717,-0.26175339996166,2.07396811934772,2.06180359596717,2.32355699592883,-4.44089209850063e-16,4.44089209850063e-16,-0.0121645233805499,-4.44089209850063e-16
"qdesn_glofas_discrepancy_fr09_authoritative","qdesn_transition_full7_fr09_persistence_innovation_p50","p50","qhat_monotone",FALSE,2022-12-25,2023-01-05,11,0.5,2.58243471046435,2.14791162602234,-0.434523084442005,2.15737866878902,2.14791162602234,2.58243471046434,4.88498130835069e-15,-4.88498130835069e-15,-0.00946704276668031,-4.44089209850063e-16
"qdesn_glofas_discrepancy_fr09_authoritative","qdesn_transition_full7_fr09_persistence_innovation_p65","p65","qhat_monotone",FALSE,2022-12-25,2023-01-05,11,0.65,2.96377352494202,2.24651638136175,-0.71725714358027,2.25247997950697,2.24651638136175,2.96377352494202,4.44089209850063e-16,-4.44089209850063e-16,-0.00596359814521996,4.44089209850063e-16
"qdesn_glofas_discrepancy_fr09_authoritative","qdesn_transition_full7_fr09_persistence_innovation_p80","p80","qhat_monotone",FALSE,2022-12-25,2023-01-05,11,0.8,3.42025660202859,2.43693909503501,-0.983317506993581,2.43141796483701,2.43693909503501,3.42025660202859,0,0,0.00552113019799982,8.88178419700125e-16
"qdesn_glofas_discrepancy_fr09_authoritative","qdesn_transition_full7_fr09_persistence_innovation_p95","p95","qhat_monotone",FALSE,2022-12-25,2023-01-05,11,0.95,4.28479355374357,2.79596358721685,-1.48882996652672,2.77801348926031,2.79596358721685,4.28479355374357,-8.88178419700125e-16,8.88178419700125e-16,0.0179500979565397,-8.88178419700125e-16
"qdesn_glofas_discrepancy_fr09_authoritative","qdesn_transition_full7_fr09_persistence_innovation_p05","p05","qhat_monotone",FALSE,2022-12-25,2023-01-06,12,0.05,1.19352528956798,1.61938937914733,0.425864089579351,1.63100226594019,1.61938937914733,1.19352528956798,1.11022302462516e-15,-1.11022302462516e-15,-0.01161288679286,0
"qdesn_glofas_discrepancy_fr09_authoritative","qdesn_transition_full7_fr09_persistence_innovation_p15","p15","qhat_monotone",FALSE,2022-12-25,2023-01-06,12,0.15,1.73073621014441,1.941776348463,0.211040138318594,1.95196194485295,1.941776348463,1.73073621014441,4.21884749357559e-15,-4.21884749357559e-15,-0.01018559638995,2.22044604925031e-16
"qdesn_glofas_discrepancy_fr09_authoritative","qdesn_transition_full7_fr09_persistence_innovation_p35","p35","qhat_monotone",FALSE,2022-12-25,2023-01-06,12,0.35,2.23291336318783,2.11696911651845,-0.115944246669382,2.10436821886121,2.11696911651845,2.23291336318783,-2.22044604925031e-15,2.22044604925031e-15,0.01260089765724,0
"qdesn_glofas_discrepancy_fr09_authoritative","qdesn_transition_full7_fr09_persistence_innovation_p50","p50","qhat_monotone",FALSE,2022-12-25,2023-01-06,12,0.5,2.47944086075078,2.20037539276791,-0.279065467982876,2.20414502018079,2.2003753927679,2.47944086075079,-6.66133814775094e-15,6.66133814775094e-15,-0.00376962741288001,-4.44089209850063e-16
"qdesn_glofas_discrepancy_fr09_authoritative","qdesn_transition_full7_fr09_persistence_innovation_p65","p65","qhat_monotone",FALSE,2022-12-25,2023-01-06,12,0.65,2.8888043418137,2.2856421137132,-0.603162228100505,2.2832524912866,2.28564211371319,2.8888043418137,-5.32907051820075e-15,5.32907051820075e-15,0.00238962242660001,-4.44089209850063e-16
"qdesn_glofas_discrepancy_fr09_authoritative","qdesn_transition_full7_fr09_persistence_innovation_p80","p80","qhat_monotone",FALSE,2022-12-25,2023-01-06,12,0.8,3.42416349170865,2.57739082848946,-0.846772663219188,2.575113869489,2.57739082848946,3.42416349170865,8.88178419700125e-16,-8.88178419700125e-16,0.0022769590004601,-8.88178419700125e-16
"qdesn_glofas_discrepancy_fr09_authoritative","qdesn_transition_full7_fr09_persistence_innovation_p95","p95","qhat_monotone",FALSE,2022-12-25,2023-01-06,12,0.95,4.04897875986826,2.74516852877739,-1.30381023109087,2.73702186825083,2.74516852877739,4.04897875986826,-8.88178419700125e-16,8.88178419700125e-16,0.0081466605265601,-8.88178419700125e-16
"qdesn_glofas_discrepancy_fr09_authoritative","qdesn_transition_full7_fr09_persistence_innovation_p05","p05","qhat_monotone",FALSE,2022-12-25,2023-01-07,13,0.05,0.864542911278561,1.5753169800608,0.710774068782242,1.66723448222577,1.5753169800608,0.864542911278558,2.99760216648792e-15,-3.10862446895044e-15,-0.0919175021649701,0
"qdesn_glofas_discrepancy_fr09_authoritative","qdesn_transition_full7_fr09_persistence_innovation_p15","p15","qhat_monotone",FALSE,2022-12-25,2023-01-07,13,0.15,1.23757102988596,1.8882649368677,0.650693906981736,1.89084759062568,1.8882649368677,1.23757102988596,-4.21884749357559e-15,4.21884749357559e-15,-0.00258265375798006,-2.22044604925031e-16
"qdesn_glofas_discrepancy_fr09_authoritative","qdesn_transition_full7_fr09_persistence_innovation_p35","p35","qhat_monotone",FALSE,2022-12-25,2023-01-07,13,0.35,1.56569714375338,2.11060003436601,0.544902890612631,2.11301396741624,2.11060003436601,1.56569714375338,1.11022302462516e-15,-1.33226762955019e-15,-0.00241393305023019,0
"qdesn_glofas_discrepancy_fr09_authoritative","qdesn_transition_full7_fr09_persistence_innovation_p50","p50","qhat_monotone",FALSE,2022-12-25,2023-01-07,13,0.5,1.74111066149683,2.22102143394559,0.479910772448759,2.21187369755245,2.22102143394559,1.74111066149683,-1.33226762955019e-15,1.33226762955019e-15,0.00914773639314026,-2.22044604925031e-16
"qdesn_glofas_discrepancy_fr09_authoritative","qdesn_transition_full7_fr09_persistence_innovation_p65","p65","qhat_monotone",FALSE,2022-12-25,2023-01-07,13,0.65,1.86192288942978,2.33468798086068,0.472765091430899,2.32153242659425,2.33468798086068,1.86192288942978,-1.55431223447522e-15,1.33226762955019e-15,0.0131555542664299,-4.44089209850063e-16
"qdesn_glofas_discrepancy_fr09_authoritative","qdesn_transition_full7_fr09_persistence_innovation_p80","p80","qhat_monotone",FALSE,2022-12-25,2023-01-07,13,0.8,2.19181885571979,2.59756669150774,0.405747835787955,2.59163341919597,2.59756669150774,2.19181885571978,4.88498130835069e-15,-4.88498130835069e-15,0.00593327231177021,-4.44089209850063e-16
"qdesn_glofas_discrepancy_fr09_authoritative","qdesn_transition_full7_fr09_persistence_innovation_p95","p95","qhat_monotone",FALSE,2022-12-25,2023-01-07,13,0.95,2.65718877036943,2.81966787227585,0.162479101906426,2.7708844660674,2.81966787227586,2.65718877036942,6.21724893790088e-15,-5.77315972805081e-15,0.0487834062084502,0
"qdesn_glofas_discrepancy_fr09_authoritative","qdesn_transition_full7_fr09_persistence_innovation_p05","p05","qhat_monotone",FALSE,2022-12-25,2023-01-08,14,0.05,1.30461101393534,1.48902673118145,0.184415717246106,1.57919578702933,1.48902673118145,1.30461101393534,-3.99680288865056e-15,3.99680288865056e-15,-0.09016905584788,0
"qdesn_glofas_discrepancy_fr09_authoritative","qdesn_transition_full7_fr09_persistence_innovation_p15","p15","qhat_monotone",FALSE,2022-12-25,2023-01-08,14,0.15,1.80192631810412,1.79359828743583,-0.00832803066828237,1.79630451779796,1.79359828743584,1.80192631810411,7.7715611723761e-15,-7.7715611723761e-15,-0.00270623036212991,2.22044604925031e-16
"qdesn_glofas_discrepancy_fr09_authoritative","qdesn_transition_full7_fr09_persistence_innovation_p35","p35","qhat_monotone",FALSE,2022-12-25,2023-01-08,14,0.35,2.24634139826374,2.02638588521041,-0.219955513053334,2.05775887287042,2.02638588521041,2.24634139826374,-4.88498130835069e-15,4.88498130835069e-15,-0.03137298766001,-4.44089209850063e-16
"qdesn_glofas_discrepancy_fr09_authoritative","qdesn_transition_full7_fr09_persistence_innovation_p50","p50","qhat_monotone",FALSE,2022-12-25,2023-01-08,14,0.5,2.57956129550187,2.19238462418367,-0.387176671318208,2.19722457733622,2.19238462418366,2.57956129550188,-7.99360577730113e-15,7.99360577730113e-15,-0.00483995315254981,0
"qdesn_glofas_discrepancy_fr09_authoritative","qdesn_transition_full7_fr09_persistence_innovation_p65","p65","qhat_monotone",FALSE,2022-12-25,2023-01-08,14,0.65,2.99939700343048,2.36137688409912,-0.638020119331358,2.36394473873185,2.36137688409912,2.99939700343048,8.88178419700125e-16,-8.88178419700125e-16,-0.0025678546327299,-8.88178419700125e-16
"qdesn_glofas_discrepancy_fr09_authoritative","qdesn_transition_full7_fr09_persistence_innovation_p80","p80","qhat_monotone",FALSE,2022-12-25,2023-01-08,14,0.8,3.35077082404872,2.48791824658982,-0.862852577458896,2.4901014666651,2.48791824658982,3.35077082404872,3.5527136788005e-15,-3.5527136788005e-15,-0.00218322007527982,-4.44089209850063e-16
"qdesn_glofas_discrepancy_fr09_authoritative","qdesn_transition_full7_fr09_persistence_innovation_p95","p95","qhat_monotone",FALSE,2022-12-25,2023-01-08,14,0.95,4.29823674375585,2.68274434567076,-1.61549239808509,2.67931471976309,2.68274434567076,4.29823674375585,8.88178419700125e-16,-8.88178419700125e-16,0.00342962590766982,8.88178419700125e-16
"qdesn_glofas_discrepancy_fr09_authoritative","qdesn_transition_full7_fr09_persistence_innovation_p05","p05","qhat_monotone",FALSE,2022-12-25,2023-01-09,15,0.05,1.11930736475471,1.39663869302944,0.277331328274734,1.49246444365106,1.39663869302944,1.11930736475471,3.99680288865056e-15,-3.99680288865056e-15,-0.0958257506216198,0
"qdesn_glofas_discrepancy_fr09_authoritative","qdesn_transition_full7_fr09_persistence_innovation_p15","p15","qhat_monotone",FALSE,2022-12-25,2023-01-09,15,0.15,1.63371568018535,1.71253135563021,0.0788156754448581,1.71603186640757,1.71253135563021,1.63371568018535,-1.55431223447522e-15,1.55431223447522e-15,-0.00350051077736002,2.22044604925031e-16
"qdesn_glofas_discrepancy_fr09_authoritative","qdesn_transition_full7_fr09_persistence_innovation_p35","p35","qhat_monotone",FALSE,2022-12-25,2023-01-09,15,0.35,2.12253319881996,2.01108459175193,-0.11144860706803,1.99754910988846,2.01108459175193,2.12253319881996,-4.44089209850063e-16,4.44089209850063e-16,0.0135354818634701,-4.44089209850063e-16
"qdesn_glofas_discrepancy_fr09_authoritative","qdesn_transition_full7_fr09_persistence_innovation_p50","p50","qhat_monotone",FALSE,2022-12-25,2023-01-09,15,0.5,2.41348447726675,2.16882924068753,-0.244655236579222,2.15828160338761,2.16882924068753,2.41348447726675,-1.77635683940025e-15,1.77635683940025e-15,0.0105476372999198,0
"qdesn_glofas_discrepancy_fr09_authoritative","qdesn_transition_full7_fr09_persistence_innovation_p65","p65","qhat_monotone",FALSE,2022-12-25,2023-01-09,15,0.65,2.86863057270118,2.3574837010689,-0.511146871632278,2.35656760855262,2.3574837010689,2.86863057270118,1.33226762955019e-15,-1.33226762955019e-15,0.000916092516280109,-4.44089209850063e-16
"qdesn_glofas_discrepancy_fr09_authoritative","qdesn_transition_full7_fr09_persistence_innovation_p80","p80","qhat_monotone",FALSE,2022-12-25,2023-01-09,15,0.8,3.16813653824193,2.47485260546115,-0.693283932780776,2.46518214444022,2.47485260546115,3.16813653824193,3.5527136788005e-15,-3.5527136788005e-15,0.00967046102092972,-4.44089209850063e-16
"qdesn_glofas_discrepancy_fr09_authoritative","qdesn_transition_full7_fr09_persistence_innovation_p95","p95","qhat_monotone",FALSE,2022-12-25,2023-01-09,15,0.95,3.78869735100372,2.74085065682398,-1.04784669417974,2.73322179630416,2.74085065682398,3.78869735100372,-8.88178419700125e-16,8.88178419700125e-16,0.00762886051982026,-4.44089209850063e-16
"qdesn_glofas_discrepancy_fr09_authoritative","qdesn_transition_full7_fr09_persistence_innovation_p05","p05","qhat_monotone",FALSE,2022-12-25,2023-01-10,16,0.05,0.850629920803684,1.30557765484811,0.454947734044425,1.44292927524275,1.30557765484811,0.850629920803685,-8.88178419700125e-16,8.88178419700125e-16,-0.13735162039464,0
"qdesn_glofas_discrepancy_fr09_authoritative","qdesn_transition_full7_fr09_persistence_innovation_p15","p15","qhat_monotone",FALSE,2022-12-25,2023-01-10,16,0.15,1.39924996476731,1.71572572962614,0.316475764858823,1.73796502119994,1.71572572962613,1.39924996476732,-6.66133814775094e-15,6.66133814775094e-15,-0.0222392915738001,2.22044604925031e-16
"qdesn_glofas_discrepancy_fr09_authoritative","qdesn_transition_full7_fr09_persistence_innovation_p35","p35","qhat_monotone",FALSE,2022-12-25,2023-01-10,16,0.35,1.85633333920262,1.97848985755942,0.122156518356803,1.98205008609748,1.97848985755942,1.85633333920262,2.88657986402541e-15,-2.88657986402541e-15,-0.00356022853805982,0
"qdesn_glofas_discrepancy_fr09_authoritative","qdesn_transition_full7_fr09_persistence_innovation_p50","p50","qhat_monotone",FALSE,2022-12-25,2023-01-10,16,0.5,2.17623899205509,2.19254597229403,0.0163069802389401,2.18675327746892,2.19254597229403,2.17623899205509,0,0,0.00579269482511036,0
"qdesn_glofas_discrepancy_fr09_authoritative","qdesn_transition_full7_fr09_persistence_innovation_p65","p65","qhat_monotone",FALSE,2022-12-25,2023-01-10,16,0.65,2.50762412480294,2.35395619822252,-0.153667926580425,2.35100143282356,2.35395619822252,2.50762412480294,-4.44089209850063e-15,4.44089209850063e-15,0.00295476539895967,4.44089209850063e-16
"qdesn_glofas_discrepancy_fr09_authoritative","qdesn_transition_full7_fr09_persistence_innovation_p80","p80","qhat_monotone",FALSE,2022-12-25,2023-01-10,16,0.8,2.79064569736132,2.43259946322004,-0.358046234141275,2.427288571495,2.43259946322005,2.79064569736131,5.32907051820075e-15,-5.32907051820075e-15,0.00531089172503973,4.44089209850063e-16
"qdesn_glofas_discrepancy_fr09_authoritative","qdesn_transition_full7_fr09_persistence_innovation_p95","p95","qhat_monotone",FALSE,2022-12-25,2023-01-10,16,0.95,3.50792320258977,2.6871006053769,-0.820822597212868,2.68111122367927,2.6871006053769,3.50792320258977,2.66453525910038e-15,-2.22044604925031e-15,0.00598938169763041,4.44089209850063e-16
"qdesn_glofas_discrepancy_fr09_authoritative","qdesn_transition_full7_fr09_persistence_innovation_p05","p05","qhat_monotone",FALSE,2022-12-25,2023-01-11,17,0.05,0.845927119796104,1.21248552758271,0.366558407786603,1.35180255748735,1.21248552758271,0.845927119796107,-2.99760216648792e-15,3.10862446895044e-15,-0.13931702990464,0
"qdesn_glofas_discrepancy_fr09_authoritative","qdesn_transition_full7_fr09_persistence_innovation_p15","p15","qhat_monotone",FALSE,2022-12-25,2023-01-11,17,0.15,1.4488839552239,1.71643151244802,0.267547557224123,1.72578369919877,1.71643151244802,1.4488839552239,2.66453525910038e-15,-2.66453525910038e-15,-0.00935218675075,-2.22044604925031e-16
"qdesn_glofas_discrepancy_fr09_authoritative","qdesn_transition_full7_fr09_persistence_innovation_p35","p35","qhat_monotone",FALSE,2022-12-25,2023-01-11,17,0.35,1.83949168116688,1.99324233859342,0.153750657426542,1.99596599510943,1.99324233859342,1.83949168116688,1.99840144432528e-15,-1.99840144432528e-15,-0.00272365651601003,0
"qdesn_glofas_discrepancy_fr09_authoritative","qdesn_transition_full7_fr09_persistence_innovation_p50","p50","qhat_monotone",FALSE,2022-12-25,2023-01-11,17,0.5,2.0860819386026,2.18209810642359,0.0960161678209895,2.18675327746892,2.18209810642359,2.0860819386026,0,0,-0.00465517104532998,0
"qdesn_glofas_discrepancy_fr09_authoritative","qdesn_transition_full7_fr09_persistence_innovation_p65","p65","qhat_monotone",FALSE,2022-12-25,2023-01-11,17,0.65,2.30285693484164,2.29004235399953,-0.012814580842114,2.28201766867916,2.29004235399952,2.30285693484164,-4.88498130835069e-15,4.88498130835069e-15,0.00802468532037004,-8.88178419700125e-16
"qdesn_glofas_discrepancy_fr09_authoritative","qdesn_transition_full7_fr09_persistence_innovation_p80","p80","qhat_monotone",FALSE,2022-12-25,2023-01-11,17,0.8,2.50251282449182,2.44306679629489,-0.0594460281969252,2.43689743060164,2.44306679629489,2.50251282449182,4.88498130835069e-15,-4.88498130835069e-15,0.00616936569324977,0
"qdesn_glofas_discrepancy_fr09_authoritative","qdesn_transition_full7_fr09_persistence_innovation_p95","p95","qhat_monotone",FALSE,2022-12-25,2023-01-11,17,0.95,3.00817594175004,2.67804779173403,-0.330128150016012,2.65370581513791,2.67804779173403,3.00817594175004,-2.66453525910038e-15,2.66453525910038e-15,0.0243419765961201,-8.88178419700125e-16
"qdesn_glofas_discrepancy_fr09_authoritative","qdesn_transition_full7_fr09_persistence_innovation_p05","p05","qhat_monotone",FALSE,2022-12-25,2023-01-12,18,0.05,0.997656184232338,1.12493727923705,0.127281095004716,1.26113281185909,1.12493727923705,0.997656184232334,3.99680288865056e-15,-3.99680288865056e-15,-0.13619553262204,0
"qdesn_glofas_discrepancy_fr09_authoritative","qdesn_transition_full7_fr09_persistence_innovation_p15","p15","qhat_monotone",FALSE,2022-12-25,2023-01-12,18,0.15,1.66333190953547,1.64303099927959,-0.0203009102558793,1.66098407255729,1.64303099927959,1.66333190953547,6.66133814775094e-16,-6.66133814775094e-16,-0.0179530732777,0
"qdesn_glofas_discrepancy_fr09_authoritative","qdesn_transition_full7_fr09_persistence_innovation_p35","p35","qhat_monotone",FALSE,2022-12-25,2023-01-12,18,0.35,2.15398821112103,1.98412231229298,-0.169865898828044,1.99373868912762,1.98412231229299,2.15398821112102,5.32907051820075e-15,-5.55111512312578e-15,-0.00961637683464001,-4.44089209850063e-16
"qdesn_glofas_discrepancy_fr09_authoritative","qdesn_transition_full7_fr09_persistence_innovation_p50","p50","qhat_monotone",FALSE,2022-12-25,2023-01-12,18,0.5,2.37511780080383,2.11046896834162,-0.264648832462209,2.12525107771113,2.11046896834162,2.37511780080383,8.88178419700125e-16,-8.88178419700125e-16,-0.0147821093695102,0
"qdesn_glofas_discrepancy_fr09_authoritative","qdesn_transition_full7_fr09_persistence_innovation_p65","p65","qhat_monotone",FALSE,2022-12-25,2023-01-12,18,0.65,2.6021796313955,2.17303196853183,-0.42914766286367,2.18142022775905,2.17303196853183,2.6021796313955,-8.88178419700125e-16,8.88178419700125e-16,-0.0083882592272202,-8.88178419700125e-16
"qdesn_glofas_discrepancy_fr09_authoritative","qdesn_transition_full7_fr09_persistence_innovation_p80","p80","qhat_monotone",FALSE,2022-12-25,2023-01-12,18,0.8,2.95261595746442,2.38207728949803,-0.570538667966392,2.39789527279837,2.38207728949803,2.95261595746442,-1.77635683940025e-15,1.77635683940025e-15,-0.0158179833003396,4.44089209850063e-16
"qdesn_glofas_discrepancy_fr09_authoritative","qdesn_transition_full7_fr09_persistence_innovation_p95","p95","qhat_monotone",FALSE,2022-12-25,2023-01-12,18,0.95,3.63783399337813,2.72458441623639,-0.913249577141745,2.72098051579226,2.72458441623639,3.63783399337813,-4.44089209850063e-15,4.44089209850063e-15,0.00360390044412995,4.44089209850063e-16
"qdesn_glofas_discrepancy_fr09_authoritative","qdesn_transition_full7_fr09_persistence_innovation_p05","p05","qhat_monotone",FALSE,2022-12-25,2023-01-13,19,0.05,0.836931825696849,1.0462585544685,0.209326728771649,1.17715033074629,1.0462585544685,0.836931825696851,-1.88737914186277e-15,1.99840144432528e-15,-0.13089177627779,0
"qdesn_glofas_discrepancy_fr09_authoritative","qdesn_transition_full7_fr09_persistence_innovation_p15","p15","qhat_monotone",FALSE,2022-12-25,2023-01-13,19,0.15,1.44524238574824,1.59872027219042,0.153477886442185,1.60781418504511,1.59872027219043,1.44524238574823,5.10702591327572e-15,-5.10702591327572e-15,-0.00909391285469008,0
"qdesn_glofas_discrepancy_fr09_authoritative","qdesn_transition_full7_fr09_persistence_innovation_p35","p35","qhat_monotone",FALSE,2022-12-25,2023-01-13,19,0.35,1.80099679134827,1.91976265940762,0.118765868059346,1.92664525665161,1.91976265940762,1.80099679134827,-4.44089209850063e-15,4.44089209850063e-15,-0.00688259724398987,-4.44089209850063e-16
"qdesn_glofas_discrepancy_fr09_authoritative","qdesn_transition_full7_fr09_persistence_innovation_p50","p50","qhat_monotone",FALSE,2022-12-25,2023-01-13,19,0.5,1.98977111610266,2.05029011905137,0.0605190029487142,2.035522307745,2.05029011905137,1.98977111610266,4.21884749357559e-15,-4.44089209850063e-15,0.0147678113063701,0
"qdesn_glofas_discrepancy_fr09_authoritative","qdesn_transition_full7_fr09_persistence_innovation_p65","p65","qhat_monotone",FALSE,2022-12-25,2023-01-13,19,0.65,2.08118972303917,2.136757366782,0.0555676437428295,2.12525107771113,2.136757366782,2.08118972303917,4.44089209850063e-16,-4.44089209850063e-16,0.0115062890708701,8.88178419700125e-16
"qdesn_glofas_discrepancy_fr09_authoritative","qdesn_transition_full7_fr09_persistence_innovation_p80","p80","qhat_monotone",FALSE,2022-12-25,2023-01-13,19,0.8,2.32317575537256,2.33238526498022,0.00920950960766361,2.29316587107755,2.33238526498022,2.32317575537256,3.5527136788005e-15,-3.5527136788005e-15,0.0392193939026697,0
"qdesn_glofas_discrepancy_fr09_authoritative","qdesn_transition_full7_fr09_persistence_innovation_p95","p95","qhat_monotone",FALSE,2022-12-25,2023-01-13,19,0.95,2.8258235550607,2.6587506664497,-0.167072888611002,2.6411282303708,2.6587506664497,2.8258235550607,-2.66453525910038e-15,2.22044604925031e-15,0.0176224360788999,-4.44089209850063e-16
"qdesn_glofas_discrepancy_fr09_authoritative","qdesn_transition_full7_fr09_persistence_innovation_p05","p05","qhat_monotone",FALSE,2022-12-25,2023-01-14,20,0.05,1.29317575324134,1.20762004211079,-0.0855557111305585,1.22091869732743,1.20762004211078,1.29317575324135,-8.65973959207622e-15,8.65973959207622e-15,-0.0132986552166399,0
"qdesn_glofas_discrepancy_fr09_authoritative","qdesn_transition_full7_fr09_persistence_innovation_p15","p15","qhat_monotone",FALSE,2022-12-25,2023-01-14,20,0.15,1.70449462858516,1.48459694750427,-0.219897681080895,1.51438704037764,1.48459694750427,1.70449462858516,-4.88498130835069e-15,4.88498130835069e-15,-0.0297900928733701,0
"qdesn_glofas_discrepancy_fr09_authoritative","qdesn_transition_full7_fr09_persistence_innovation_p35","p35","qhat_monotone",FALSE,2022-12-25,2023-01-14,20,0.35,2.18101079886828,1.80521386425188,-0.375796934616399,1.83487930059636,1.80521386425188,2.18101079886828,8.88178419700125e-16,-1.11022302462516e-15,-0.0296654363444799,0
"qdesn_glofas_discrepancy_fr09_authoritative","qdesn_transition_full7_fr09_persistence_innovation_p50","p50","qhat_monotone",FALSE,2022-12-25,2023-01-14,20,0.5,2.46889994537584,1.94655769652159,-0.522342248854246,1.95700904212336,1.94655769652159,2.46889994537584,3.5527136788005e-15,-3.33066907387547e-15,-0.0104513456017699,-4.44089209850063e-16
"qdesn_glofas_discrepancy_fr09_authoritative","qdesn_transition_full7_fr09_persistence_innovation_p65","p65","qhat_monotone",FALSE,2022-12-25,2023-01-14,20,0.65,2.78409291016761,2.05599065783483,-0.728102252332785,2.06266068830533,2.05599065783482,2.78409291016762,-5.32907051820075e-15,5.32907051820075e-15,-0.00667003047049963,0
"qdesn_glofas_discrepancy_fr09_authoritative","qdesn_transition_full7_fr09_persistence_innovation_p80","p80","qhat_monotone",FALSE,2022-12-25,2023-01-14,20,0.8,3.14143789010401,2.22965120746208,-0.911786682641932,2.23804657185647,2.22965120746208,3.14143789010401,-2.22044604925031e-15,2.22044604925031e-15,-0.00839536439438993,0
"qdesn_glofas_discrepancy_fr09_authoritative","qdesn_transition_full7_fr09_persistence_innovation_p95","p95","qhat_monotone",FALSE,2022-12-25,2023-01-14,20,0.95,4.05083724892587,2.57121362084084,-1.47962362808503,2.56372064505241,2.57121362084084,4.05083724892587,0,0,0.00749297578842967,0
"qdesn_glofas_discrepancy_fr09_authoritative","qdesn_transition_full7_fr09_persistence_innovation_p05","p05","qhat_monotone",FALSE,2022-12-25,2023-01-15,21,0.05,1.02922384585888,1.15981320531145,0.130589359452566,1.17134403954484,1.15981320531145,1.02922384585888,-3.99680288865056e-15,3.99680288865056e-15,-0.01153083423339,0
"qdesn_glofas_discrepancy_fr09_authoritative","qdesn_transition_full7_fr09_persistence_innovation_p15","p15","qhat_monotone",FALSE,2022-12-25,2023-01-15,21,0.15,1.47710587014743,1.42988527335252,-0.0472205967949051,1.42268742298464,1.42988527335253,1.47710587014743,5.10702591327572e-15,-5.10702591327572e-15,0.00719785036788001,2.22044604925031e-16
"qdesn_glofas_discrepancy_fr09_authoritative","qdesn_transition_full7_fr09_persistence_innovation_p35","p35","qhat_monotone",FALSE,2022-12-25,2023-01-15,21,0.35,2.02540589867053,1.73626211101977,-0.289143787650756,1.75146903620089,1.73626211101977,2.02540589867053,3.99680288865056e-15,-4.21884749357559e-15,-0.01520692518112,0
"qdesn_glofas_discrepancy_fr09_authoritative","qdesn_transition_full7_fr09_persistence_innovation_p50","p50","qhat_monotone",FALSE,2022-12-25,2023-01-15,21,0.5,2.32218800901444,1.89235535148578,-0.429832657528659,1.89085037187229,1.89235535148578,2.32218800901444,4.44089209850063e-16,-4.44089209850063e-16,0.00150497961349005,-4.44089209850063e-16
"qdesn_glofas_discrepancy_fr09_authoritative","qdesn_transition_full7_fr09_persistence_innovation_p65","p65","qhat_monotone",FALSE,2022-12-25,2023-01-15,21,0.65,2.78786129687756,2.07401494387705,-0.713846353000509,2.05824266584479,2.07401494387705,2.78786129687756,1.33226762955019e-15,-1.33226762955019e-15,0.01577227803226,4.44089209850063e-16
"qdesn_glofas_discrepancy_fr09_authoritative","qdesn_transition_full7_fr09_persistence_innovation_p80","p80","qhat_monotone",FALSE,2022-12-25,2023-01-15,21,0.8,3.2138787387255,2.25357079143247,-0.960307947293022,2.24303411336751,2.25357079143248,3.21387873872549,7.54951656745106e-15,-7.54951656745106e-15,0.0105366780649603,-4.44089209850063e-16
"qdesn_glofas_discrepancy_fr09_authoritative","qdesn_transition_full7_fr09_persistence_innovation_p95","p95","qhat_monotone",FALSE,2022-12-25,2023-01-15,21,0.95,4.13687805804964,2.68630855024807,-1.45056950780158,2.57475968015442,2.68630855024806,4.13687805804965,-1.06581410364015e-14,1.11022302462516e-14,0.11154887009365,-8.88178419700125e-16
"qdesn_glofas_discrepancy_fr09_authoritative","qdesn_transition_full7_fr09_persistence_innovation_p05","p05","qhat_monotone",FALSE,2022-12-25,2023-01-16,22,0.05,0.645918012230444,1.07294431453455,0.427026302304106,1.11573122198973,1.07294431453455,0.645918012230444,-1.11022302462516e-16,0,-0.0427869074551799,0
"qdesn_glofas_discrepancy_fr09_authoritative","qdesn_transition_full7_fr09_persistence_innovation_p15","p15","qhat_monotone",FALSE,2022-12-25,2023-01-16,22,0.15,1.0428946760034,1.32432926665109,0.281434590647686,1.33206548358369,1.32432926665109,1.0428946760034,-3.99680288865056e-15,3.99680288865056e-15,-0.00773621693260007,0
"qdesn_glofas_discrepancy_fr09_authoritative","qdesn_transition_full7_fr09_persistence_innovation_p35","p35","qhat_monotone",FALSE,2022-12-25,2023-01-16,22,0.35,1.67558278619249,1.6929467906959,0.017364004503406,1.65633781583936,1.6929467906959,1.67558278619249,-3.99680288865056e-15,3.99680288865056e-15,0.0366089748565399,0
"qdesn_glofas_discrepancy_fr09_authoritative","qdesn_transition_full7_fr09_persistence_innovation_p50","p50","qhat_monotone",FALSE,2022-12-25,2023-01-16,22,0.5,1.9804040173821,1.84732415926541,-0.133079858116682,1.84747007624206,1.84732415926542,1.98040401738209,8.43769498715119e-15,-8.21565038222616e-15,-0.000145916976650007,2.22044604925031e-16
"qdesn_glofas_discrepancy_fr09_authoritative","qdesn_transition_full7_fr09_persistence_innovation_p65","p65","qhat_monotone",FALSE,2022-12-25,2023-01-16,22,0.65,2.37617307396925,1.99060743760808,-0.385565636361168,1.99065244882229,1.99060743760808,2.37617307396925,1.77635683940025e-15,-1.99840144432528e-15,-4.50112142100778e-05,0
"qdesn_glofas_discrepancy_fr09_authoritative","qdesn_transition_full7_fr09_persistence_innovation_p80","p80","qhat_monotone",FALSE,2022-12-25,2023-01-16,22,0.8,2.81831935124516,2.16144731940851,-0.656872031836649,2.14739220358834,2.16144731940851,2.81831935124516,8.88178419700125e-16,-8.88178419700125e-16,0.0140551158201703,0
"qdesn_glofas_discrepancy_fr09_authoritative","qdesn_transition_full7_fr09_persistence_innovation_p95","p95","qhat_monotone",FALSE,2022-12-25,2023-01-16,22,0.95,3.89374127283449,2.65152969547565,-1.24221157735884,2.60017027424235,2.65152969547565,3.89374127283449,-4.44089209850063e-16,4.44089209850063e-16,0.0513594212333,-4.44089209850063e-16
"qdesn_glofas_discrepancy_fr09_authoritative","qdesn_transition_full7_fr09_persistence_innovation_p05","p05","qhat_monotone",FALSE,2022-12-25,2023-01-17,23,0.05,0.401957370211239,0.98936569813032,0.587408327919082,1.03041846347435,0.989365698130321,0.401957370211238,9.99200722162641e-16,-9.99200722162641e-16,-0.04105276534403,0
"qdesn_glofas_discrepancy_fr09_authoritative","qdesn_transition_full7_fr09_persistence_innovation_p15","p15","qhat_monotone",FALSE,2022-12-25,2023-01-17,23,0.15,0.74178675070213,1.25681680690437,0.51503005620224,1.29960571053403,1.25681680690437,0.74178675070213,0,0,-0.04278890362966,0
"qdesn_glofas_discrepancy_fr09_authoritative","qdesn_transition_full7_fr09_persistence_innovation_p35","p35","qhat_monotone",FALSE,2022-12-25,2023-01-17,23,0.35,1.1765230715125,1.57757544868266,0.401052377170164,1.58086330108124,1.57757544868266,1.1765230715125,3.77475828372553e-15,-3.77475828372553e-15,-0.00328785239857998,0
"qdesn_glofas_discrepancy_fr09_authoritative","qdesn_transition_full7_fr09_persistence_innovation_p50","p50","qhat_monotone",FALSE,2022-12-25,2023-01-17,23,0.5,1.40930292191393,1.77380167580599,0.364498753892063,1.77070606003022,1.77380167580599,1.40930292191393,2.88657986402541e-15,-2.88657986402541e-15,0.00309561577577,0
"qdesn_glofas_discrepancy_fr09_authoritative","qdesn_transition_full7_fr09_persistence_innovation_p65","p65","qhat_monotone",FALSE,2022-12-25,2023-01-17,23,0.65,1.64638278811863,1.94362643568339,0.297243647564755,1.91859079564734,1.94362643568339,1.64638278811864,-5.10702591327572e-15,5.10702591327572e-15,0.0250356400360501,0
"qdesn_glofas_discrepancy_fr09_authoritative","qdesn_transition_full7_fr09_persistence_innovation_p80","p80","qhat_monotone",FALSE,2022-12-25,2023-01-17,23,0.8,2.01331278600092,2.2476668955802,0.234354109579273,2.23804657185647,2.24766689558019,2.01331278600093,-7.54951656745106e-15,7.54951656745106e-15,0.00962032372373001,-4.44089209850063e-16
"qdesn_glofas_discrepancy_fr09_authoritative","qdesn_transition_full7_fr09_persistence_innovation_p95","p95","qhat_monotone",FALSE,2022-12-25,2023-01-17,23,0.95,2.6789150302724,2.60709127939053,-0.0718237508818729,2.52828460025134,2.60709127939053,2.6789150302724,-3.10862446895044e-15,3.10862446895044e-15,0.0788066791391899,-4.44089209850063e-16
"qdesn_glofas_discrepancy_fr09_authoritative","qdesn_transition_full7_fr09_persistence_innovation_p05","p05","qhat_monotone",FALSE,2022-12-25,2023-01-18,24,0.05,0.705554772483705,0.910724630321893,0.205169857838189,0.952214814999333,0.910724630321894,0.705554772483704,9.99200722162641e-16,-9.99200722162641e-16,-0.04149018467744,0
"qdesn_glofas_discrepancy_fr09_authoritative","qdesn_transition_full7_fr09_persistence_innovation_p15","p15","qhat_monotone",FALSE,2022-12-25,2023-01-18,24,0.15,1.06105469012698,1.16810051976584,0.107045829638864,1.21067210731174,1.16810051976584,1.06105469012698,3.99680288865056e-15,-3.99680288865056e-15,-0.0425715875458998,0
"qdesn_glofas_discrepancy_fr09_authoritative","qdesn_transition_full7_fr09_persistence_innovation_p35","p35","qhat_monotone",FALSE,2022-12-25,2023-01-18,24,0.35,1.44844253882385,1.49351321721385,0.0450706783900011,1.49535741218458,1.49351321721385,1.44844253882385,1.11022302462516e-15,-1.11022302462516e-15,-0.00184419497072996,2.22044604925031e-16
"qdesn_glofas_discrepancy_fr09_authoritative","qdesn_transition_full7_fr09_persistence_innovation_p50","p50","qhat_monotone",FALSE,2022-12-25,2023-01-18,24,0.5,1.67684275345443,1.68687163274794,0.0100288792935134,1.68755569169805,1.68687163274794,1.67684275345443,3.5527136788005e-15,-3.5527136788005e-15,-0.000684058950110034,2.22044604925031e-16
"qdesn_glofas_discrepancy_fr09_authoritative","qdesn_transition_full7_fr09_persistence_innovation_p65","p65","qhat_monotone",FALSE,2022-12-25,2023-01-18,24,0.65,1.8782209704126,1.83787876190936,-0.04034220850324,1.8350659060586,1.83787876190936,1.8782209704126,-2.22044604925031e-16,2.22044604925031e-16,0.00281285585075985,-2.22044604925031e-16
"qdesn_glofas_discrepancy_fr09_authoritative","qdesn_transition_full7_fr09_persistence_innovation_p80","p80","qhat_monotone",FALSE,2022-12-25,2023-01-18,24,0.8,2.22057627777419,2.15101486783265,-0.0695614099415361,2.15285172579324,2.15101486783265,2.22057627777419,4.44089209850063e-15,-4.44089209850063e-15,-0.00183685796058963,4.44089209850063e-16
"qdesn_glofas_discrepancy_fr09_authoritative","qdesn_transition_full7_fr09_persistence_innovation_p95","p95","qhat_monotone",FALSE,2022-12-25,2023-01-18,24,0.95,2.85546046073739,2.48966867154177,-0.365791789195619,2.48943657741557,2.48966867154177,2.85546046073739,1.33226762955019e-15,-1.33226762955019e-15,0.000232094126200177,4.44089209850063e-16
"qdesn_glofas_discrepancy_fr09_authoritative","qdesn_transition_full7_fr09_persistence_innovation_p05","p05","qhat_monotone",FALSE,2022-12-25,2023-01-19,25,0.05,0.86700838048354,0.825189024732762,-0.041819355750778,0.87050713511141,0.825189024732762,0.86700838048354,0,0,-0.045318110378648,0
"qdesn_glofas_discrepancy_fr09_authoritative","qdesn_transition_full7_fr09_persistence_innovation_p15","p15","qhat_monotone",FALSE,2022-12-25,2023-01-19,25,0.15,1.2324368430419,1.0817125401348,-0.150724302907099,1.12569729468799,1.0817125401348,1.2324368430419,1.11022302462516e-15,-1.11022302462516e-15,-0.04398475455319,2.22044604925031e-16
"qdesn_glofas_discrepancy_fr09_authoritative","qdesn_transition_full7_fr09_persistence_innovation_p35","p35","qhat_monotone",FALSE,2022-12-25,2023-01-19,25,0.35,1.62382728219975,1.4150973248812,-0.20872995731855,1.43538587339534,1.4150973248812,1.62382728219975,2.22044604925031e-16,-2.22044604925031e-16,-0.02028854851414,2.22044604925031e-16
"qdesn_glofas_discrepancy_fr09_authoritative","qdesn_transition_full7_fr09_persistence_innovation_p50","p50","qhat_monotone",FALSE,2022-12-25,2023-01-19,25,0.5,1.89638186143981,1.62285223481367,-0.273529626626142,1.64323529201739,1.62285223481367,1.89638186143981,-1.99840144432528e-15,1.99840144432528e-15,-0.02038305720372,0
"qdesn_glofas_discrepancy_fr09_authoritative","qdesn_transition_full7_fr09_persistence_innovation_p65","p65","qhat_monotone",FALSE,2022-12-25,2023-01-19,25,0.65,2.16302141668371,1.83017894885994,-0.332842467823774,1.84370676821572,1.83017894885994,2.16302141668371,-4.44089209850063e-15,4.66293670342566e-15,-0.01352781935578,-4.44089209850063e-16
"qdesn_glofas_discrepancy_fr09_authoritative","qdesn_transition_full7_fr09_persistence_innovation_p80","p80","qhat_monotone",FALSE,2022-12-25,2023-01-19,25,0.8,2.54269902410545,2.06858329072548,-0.474115733379967,2.0755276423587,2.06858329072548,2.54269902410545,2.22044604925031e-15,-2.22044604925031e-15,-0.00694435163322016,-8.88178419700125e-16
"qdesn_glofas_discrepancy_fr09_authoritative","qdesn_transition_full7_fr09_persistence_innovation_p95","p95","qhat_monotone",FALSE,2022-12-25,2023-01-19,25,0.95,3.48478728237767,2.47424361481902,-1.01054366755864,2.43397376309287,2.47424361481903,3.48478728237766,1.06581410364015e-14,-1.06581410364015e-14,0.0402698517261499,4.44089209850063e-16
"qdesn_glofas_discrepancy_fr09_authoritative","qdesn_transition_full7_fr09_persistence_innovation_p05","p05","qhat_monotone",FALSE,2022-12-25,2023-01-20,26,0.05,0.83436596906562,0.747044804379508,-0.0873211646861117,0.840629406262924,0.747044804379508,0.83436596906562,2.22044604925031e-16,-2.22044604925031e-16,-0.093584601883416,0
"qdesn_glofas_discrepancy_fr09_authoritative","qdesn_transition_full7_fr09_persistence_innovation_p15","p15","qhat_monotone",FALSE,2022-12-25,2023-01-20,26,0.15,1.23832944960061,1.10240743231173,-0.135922017288875,1.10896179037464,1.10240743231173,1.23832944960061,4.88498130835069e-15,-4.88498130835069e-15,-0.00655435806290994,0
"qdesn_glofas_discrepancy_fr09_authoritative","qdesn_transition_full7_fr09_persistence_innovation_p35","p35","qhat_monotone",FALSE,2022-12-25,2023-01-20,26,0.35,1.51382596957747,1.38831631730886,-0.125509652268612,1.39208950472731,1.38831631730886,1.51382596957747,-1.77635683940025e-15,1.99840144432528e-15,-0.00377318741845012,0
"qdesn_glofas_discrepancy_fr09_authoritative","qdesn_transition_full7_fr09_persistence_innovation_p50","p50","qhat_monotone",FALSE,2022-12-25,2023-01-20,26,0.5,1.71029393848295,1.60059429437286,-0.109699644110096,1.6031682994205,1.60059429437285,1.71029393848296,-6.21724893790088e-15,6.21724893790088e-15,-0.00257400504764016,-4.44089209850063e-16
"qdesn_glofas_discrepancy_fr09_authoritative","qdesn_transition_full7_fr09_persistence_innovation_p65","p65","qhat_monotone",FALSE,2022-12-25,2023-01-20,26,0.65,1.94715264804351,1.81803882438335,-0.129113823660161,1.79295838874339,1.81803882438335,1.94715264804351,-1.55431223447522e-15,1.55431223447522e-15,0.0250804356399601,-4.44089209850063e-16
"qdesn_glofas_discrepancy_fr09_authoritative","qdesn_transition_full7_fr09_persistence_innovation_p80","p80","qhat_monotone",FALSE,2022-12-25,2023-01-20,26,0.8,2.05028964216074,2.02341320342046,-0.0268764387402711,1.97668180772207,2.02341320342047,2.05028964216073,8.88178419700125e-15,-8.88178419700125e-15,0.0467313956983901,0
"qdesn_glofas_discrepancy_fr09_authoritative","qdesn_transition_full7_fr09_persistence_innovation_p95","p95","qhat_monotone",FALSE,2022-12-25,2023-01-20,26,0.95,2.35773339074917,2.43666549024449,0.0789320994953153,2.42106209128785,2.43666549024448,2.35773339074917,-5.32907051820075e-15,5.32907051820075e-15,0.0156033989566398,-4.44089209850063e-16
"qdesn_glofas_discrepancy_fr09_authoritative","qdesn_transition_full7_fr09_persistence_innovation_p05","p05","qhat_monotone",FALSE,2022-12-25,2023-01-21,27,0.05,1.11823381852967,0.902159650719821,-0.216074167809847,0.906866534263927,0.902159650719823,1.11823381852967,1.99840144432528e-15,-2.1094237467878e-15,-0.00470688354410609,0
"qdesn_glofas_discrepancy_fr09_authoritative","qdesn_transition_full7_fr09_persistence_innovation_p15","p15","qhat_monotone",FALSE,2022-12-25,2023-01-21,27,0.15,1.27244305441896,1.02948101710665,-0.242962037312308,1.03405833519362,1.02948101710665,1.27244305441896,1.77635683940025e-15,-1.77635683940025e-15,-0.00457731808696993,-2.22044604925031e-16
"qdesn_glofas_discrepancy_fr09_authoritative","qdesn_transition_full7_fr09_persistence_innovation_p35","p35","qhat_monotone",FALSE,2022-12-25,2023-01-21,27,0.35,1.55517909832419,1.29993631915604,-0.255242779168154,1.30277148025892,1.29993631915604,1.55517909832419,-3.99680288865056e-15,3.99680288865056e-15,-0.00283516110288007,0
"qdesn_glofas_discrepancy_fr09_authoritative","qdesn_transition_full7_fr09_persistence_innovation_p50","p50","qhat_monotone",FALSE,2022-12-25,2023-01-21,27,0.5,1.78859896755986,1.51563527590551,-0.272963691654346,1.51099783962085,1.51563527590551,1.78859896755986,3.5527136788005e-15,-3.5527136788005e-15,0.00463743628465996,-2.22044604925031e-16
"qdesn_glofas_discrepancy_fr09_authoritative","qdesn_transition_full7_fr09_persistence_innovation_p65","p65","qhat_monotone",FALSE,2022-12-25,2023-01-21,27,0.65,2.04718285227932,1.76231492991833,-0.284867922360987,1.75859241236256,1.76231492991833,2.04718285227932,2.22044604925031e-15,-2.44249065417534e-15,0.00372251755577002,-4.44089209850063e-16
"qdesn_glofas_discrepancy_fr09_authoritative","qdesn_transition_full7_fr09_persistence_innovation_p80","p80","qhat_monotone",FALSE,2022-12-25,2023-01-21,27,0.8,2.26292807107535,1.93439229717963,-0.328535773895726,1.93016179208717,1.93439229717962,2.26292807107536,-5.32907051820075e-15,5.32907051820075e-15,0.00423050509245981,4.44089209850063e-16
"qdesn_glofas_discrepancy_fr09_authoritative","qdesn_transition_full7_fr09_persistence_innovation_p95","p95","qhat_monotone",FALSE,2022-12-25,2023-01-21,27,0.95,2.75103824136662,2.3820546126854,-0.368983628681217,2.37962625205187,2.3820546126854,2.75103824136662,3.5527136788005e-15,-3.5527136788005e-15,0.0024283606335298,4.44089209850063e-16
"qdesn_glofas_discrepancy_fr09_authoritative","qdesn_transition_full7_fr09_persistence_innovation_p05","p05","qhat_monotone",FALSE,2022-12-25,2023-01-22,28,0.05,1.08419074424568,0.828131926757548,-0.256058817488136,0.831549503419064,0.828131926757544,1.08419074424568,-3.99680288865056e-15,3.99680288865056e-15,-0.00341757666151599,0
"qdesn_glofas_discrepancy_fr09_authoritative","qdesn_transition_full7_fr09_persistence_innovation_p15","p15","qhat_monotone",FALSE,2022-12-25,2023-01-22,28,0.15,1.21018837004431,0.955790552213325,-0.254397817830983,0.959110729057083,0.955790552213327,1.21018837004431,2.22044604925031e-15,-2.22044604925031e-15,-0.00332017684375796,2.22044604925031e-16
"qdesn_glofas_discrepancy_fr09_authoritative","qdesn_transition_full7_fr09_persistence_innovation_p35","p35","qhat_monotone",FALSE,2022-12-25,2023-01-22,28,0.35,1.57068477992637,1.3142639832931,-0.256420796633269,1.31966815427708,1.3142639832931,1.57068477992637,6.66133814775094e-16,-6.66133814775094e-16,-0.00540417098398005,-2.22044604925031e-16
"qdesn_glofas_discrepancy_fr09_authoritative","qdesn_transition_full7_fr09_persistence_innovation_p50","p50","qhat_monotone",FALSE,2022-12-25,2023-01-22,28,0.5,1.79453452101457,1.51973222142244,-0.274802299592129,1.5212895256574,1.51973222142244,1.79453452101457,8.88178419700125e-16,-6.66133814775094e-16,-0.00155730423495992,-2.22044604925031e-16
"qdesn_glofas_discrepancy_fr09_authoritative","qdesn_transition_full7_fr09_persistence_innovation_p65","p65","qhat_monotone",FALSE,2022-12-25,2023-01-22,28,0.65,2.02792840753308,1.7563934470007,-0.27153496053237,1.7599782516458,1.75639344700071,2.02792840753307,1.02140518265514e-14,-1.02140518265514e-14,-0.00358480464509991,4.44089209850063e-16
"qdesn_glofas_discrepancy_fr09_authoritative","qdesn_transition_full7_fr09_persistence_innovation_p80","p80","qhat_monotone",FALSE,2022-12-25,2023-01-22,28,0.8,2.25455852473374,1.94291095957676,-0.311647565156984,1.94143586866039,1.94291095957676,2.25455852473374,-3.5527136788005e-15,3.77475828372553e-15,0.00147509091636988,4.44089209850063e-16
"qdesn_glofas_discrepancy_fr09_authoritative","qdesn_transition_full7_fr09_persistence_innovation_p95","p95","qhat_monotone",FALSE,2022-12-25,2023-01-22,28,0.95,2.83730668034687,2.34228728011949,-0.495019400227376,2.28097484373632,2.34228728011949,2.83730668034687,4.44089209850063e-15,-4.44089209850063e-15,0.0613124363831701,4.44089209850063e-16
