"origin_date","target_date","horizon","member","g_transformed","ensemble_weight"
2022-12-25,2022-12-26,1,"member_00",0.271933715483642,0.0196078431372549
2022-12-25,2022-12-26,1,"member_01",0.271933715483642,0.0196078431372549
2022-12-25,2022-12-26,1,"member_02",0.271933715483642,0.0196078431372549
2022-12-25,2022-12-26,1,"member_03",0.271933715483642,0.0196078431372549
2022-12-25,2022-12-26,1,"member_04",0.271933715483642,0.0196078431372549
2022-12-25,2022-12-26,1,"member_05",0.271933715483642,0.0196078431372549
2022-12-25,2022-12-26,1,"member_06",0.271933715483642,0.0196078431372549
2022-12-25,2022-12-26,1,"member_07",0.271933715483642,0.0196078431372549
2022-12-25,2022-12-26,1,"member_08",0.271933715483642,0.0196078431372549
2022-12-25,2022-12-26,1,"member_09",0.271933715483642,0.0196078431372549
2022-12-25,2022-12-26,1,"member_10",0.271933715483642,0.0196078431372549
2022-12-25,2022-12-26,1,"member_11",0.271933715483642,0.0196078431372549
2022-12-25,2022-12-26,1,"member_12",0.271933715483642,0.0196078431372549
2022-12-25,2022-12-26,1,"member_13",0.271933715483642,0.0196078431372549
2022-12-25,2022-12-26,1,"member_14",0.271933715483642,0.0196078431372549
2022-12-25,2022-12-26,1,"member_15",0.271933715483642,0.0196078431372549
2022-12-25,2022-12-26,1,"member_16",0.271933715483642,0.0196078431372549
2022-12-25,2022-12-26,1,"member_17",0.271933715483642,0.0196078431372549
2022-12-25,2022-12-26,1,"member_18",0.271933715483642,0.0196078431372549
2022-12-25,2022-12-26,1,"member_19",0.271933715483642,0.0196078431372549
2022-12-25,2022-12-26,1,"member_20",0.271933715483642,0.0196078431372549
2022-12-25,2022-12-26,1,"member_21",0.271933715483642,0.0196078431372549
2022-12-25,2022-12-26,1,"member_22",0.271933715483642,0.0196078431372549
2022-12-25,2022-12-26,1,"member_23",0.271933715483642,0.0196078431372549
2022-12-25,2022-12-26,1,"member_24",0.271933715483642,0.0196078431372549
2022-12-25,2022-12-26,1,"member_25",0.271933715483642,0.0196078431372549
2022-12-25,2022-12-26,1,"member_26",0.271933715483642,0.0196078431372549
2022-12-25,2022-12-26,1,"member_27",0.271933715483642,0.0196078431372549
2022-12-25,2022-12-26,1,"member_28",0.271933715483642,0.0196078431372549
2022-12-25,2022-12-26,1,"member_29",0.271933715483642,0.0196078431372549
2022-12-25,2022-12-26,1,"member_30",0.271933715483642,0.0196078431372549
2022-12-25,2022-12-26,1,"member_31",0.271933715483642,0.0196078431372549
2022-12-25,2022-12-26,1,"member_32",0.271933715483642,0.0196078431372549
2022-12-25,2022-12-26,1,"member_33",0.271933715483642,0.0196078431372549
2022-12-25,2022-12-26,1,"member_34",0.271933715483642,0.0196078431372549
2022-12-25,2022-12-26,1,"member_35",0.271933715483642,0.0196078431372549
2022-12-25,2022-12-26,1,"member_36",0.271933715483642,0.0196078431372549
2022-12-25,2022-12-26,1,"member_37",0.271933715483642,0.0196078431372549
2022-12-25,2022-12-26,1,"member_38",0.271933715483642,0.0196078431372549
2022-12-25,2022-12-26,1,"member_39",0.271933715483642,0.0196078431372549
2022-12-25,2022-12-26,1,"member_40",0.271933715483642,0.0196078431372549
2022-12-25,2022-12-26,1,"member_41",0.271933715483642,0.0196078431372549
2022-12-25,2022-12-26,1,"member_42",0.271933715483642,0.0196078431372549
2022-12-25,2022-12-26,1,"member_43",0.271933715483642,0.0196078431372549
2022-12-25,2022-12-26,1,"member_44",0.271933715483642,0.0196078431372549
2022-12-25,2022-12-26,1,"member_45",0.271933715483642,0.0196078431372549
2022-12-25,2022-12-26,1,"member_46",0.271933715483642,0.0196078431372549
2022-12-25,2022-12-26,1,"member_47",0.271933715483642,0.0196078431372549
2022-12-25,2022-12-26,1,"member_48",0.271933715483642,0.0196078431372549
2022-12-25,2022-12-26,1,"member_49",0.271933715483642,0.0196078431372549
2022-12-25,2022-12-26,1,"member_50",0.271933715483642,0.0196078431372549
2022-12-25,2022-12-27,2,"member_00",0.283768173130645,0.0196078431372549
2022-12-25,2022-12-27,2,"member_01",0.307025035294912,0.0196078431372549
2022-12-25,2022-12-27,2,"member_02",0.405465108108164,0.0196078431372549
2022-12-25,2022-12-27,2,"member_03",0.289633292583043,0.0196078431372549
2022-12-25,2022-12-27,2,"member_04",0.277868451003456,0.0196078431372549
2022-12-25,2022-12-27,2,"member_05",0.277868451003456,0.0196078431372549
2022-12-25,2022-12-27,2,"member_06",0.283768173130645,0.0196078431372549
2022-12-25,2022-12-27,2,"member_07",0.283768173130645,0.0196078431372549
2022-12-25,2022-12-27,2,"member_08",0.283768173130645,0.0196078431372549
2022-12-25,2022-12-27,2,"member_09",0.283768173130645,0.0196078431372549
2022-12-25,2022-12-27,2,"member_10",0.271933715483642,0.0196078431372549
2022-12-25,2022-12-27,2,"member_11",0.693147180559945,0.0196078431372549
2022-12-25,2022-12-27,2,"member_12",1.08286393169997,0.0196078431372549
2022-12-25,2022-12-27,2,"member_13",0.283768173130645,0.0196078431372549
2022-12-25,2022-12-27,2,"member_14",0.295464212893836,0.0196078431372549
2022-12-25,2022-12-27,2,"member_15",0.295464212893836,0.0196078431372549
2022-12-25,2022-12-27,2,"member_16",0.46117571512217,0.0196078431372549
2022-12-25,2022-12-27,2,"member_17",0.466089729924599,0.0196078431372549
2022-12-25,2022-12-27,2,"member_18",0.283768173130645,0.0196078431372549
2022-12-25,2022-12-27,2,"member_19",0.277868451003456,0.0196078431372549
2022-12-25,2022-12-27,2,"member_20",0.985700183246323,0.0196078431372549
2022-12-25,2022-12-27,2,"member_21",0.590387446602176,0.0196078431372549
2022-12-25,2022-12-27,2,"member_22",0.277868451003456,0.0196078431372549
2022-12-25,2022-12-27,2,"member_23",0.283768173130645,0.0196078431372549
2022-12-25,2022-12-27,2,"member_24",0.277868451003456,0.0196078431372549
2022-12-25,2022-12-27,2,"member_25",0.283768173130645,0.0196078431372549
2022-12-25,2022-12-27,2,"member_26",0.329753286372468,0.0196078431372549
2022-12-25,2022-12-27,2,"member_27",0.283768173130645,0.0196078431372549
2022-12-25,2022-12-27,2,"member_28",0.271933715483642,0.0196078431372549
2022-12-25,2022-12-27,2,"member_29",0.283768173130645,0.0196078431372549
2022-12-25,2022-12-27,2,"member_30",0.283768173130645,0.0196078431372549
2022-12-25,2022-12-27,2,"member_31",0.283768173130645,0.0196078431372549
2022-12-25,2022-12-27,2,"member_32",0.283768173130645,0.0196078431372549
2022-12-25,2022-12-27,2,"member_33",0.289633292583043,0.0196078431372549
2022-12-25,2022-12-27,2,"member_34",0.283768173130645,0.0196078431372549
2022-12-25,2022-12-27,2,"member_35",0.277868451003456,0.0196078431372549
2022-12-25,2022-12-27,2,"member_36",0.283768173130645,0.0196078431372549
2022-12-25,2022-12-27,2,"member_37",0.283768173130645,0.0196078431372549
2022-12-25,2022-12-27,2,"member_38",0.283768173130645,0.0196078431372549
2022-12-25,2022-12-27,2,"member_39",0.335355541921138,0.0196078431372549
2022-12-25,2022-12-27,2,"member_40",0.277868451003456,0.0196078431372549
2022-12-25,2022-12-27,2,"member_41",0.277868451003456,0.0196078431372549
2022-12-25,2022-12-27,2,"member_42",0.295464212893836,0.0196078431372549
2022-12-25,2022-12-27,2,"member_43",0.495077266797852,0.0196078431372549
2022-12-25,2022-12-27,2,"member_44",0.277868451003456,0.0196078431372549
2022-12-25,2022-12-27,2,"member_45",0.277868451003456,0.0196078431372549
2022-12-25,2022-12-27,2,"member_46",0.283768173130645,0.0196078431372549
2022-12-25,2022-12-27,2,"member_47",0.283768173130645,0.0196078431372549
2022-12-25,2022-12-27,2,"member_48",0.441274560804875,0.0196078431372549
2022-12-25,2022-12-27,2,"member_49",0.277868451003456,0.0196078431372549
2022-12-25,2022-12-27,2,"member_50",0.289633292583043,0.0196078431372549
2022-12-25,2022-12-28,3,"member_00",1.19297505011639,0.0196078431372549
2022-12-25,2022-12-28,3,"member_01",1.28136777907703,0.0196078431372549
2022-12-25,2022-12-28,3,"member_02",1.36257783450257,0.0196078431372549
2022-12-25,2022-12-28,3,"member_03",1.25943707558306,0.0196078431372549
2022-12-25,2022-12-28,3,"member_04",0.971015631563402,0.0196078431372549
2022-12-25,2022-12-28,3,"member_05",0.968052666432745,0.0196078431372549
2022-12-25,2022-12-28,3,"member_06",1.15678292152298,0.0196078431372549
2022-12-25,2022-12-28,3,"member_07",1.09339034468696,0.0196078431372549
2022-12-25,2022-12-28,3,"member_08",1.07755887947028,0.0196078431372549
2022-12-25,2022-12-28,3,"member_09",1.11923157587085,0.0196078431372549
2022-12-25,2022-12-28,3,"member_10",0.79341663372362,0.0196078431372549
2022-12-25,2022-12-28,3,"member_11",1.54323133419583,0.0196078431372549
2022-12-25,2022-12-28,3,"member_12",1.7667087195976,0.0196078431372549
2022-12-25,2022-12-28,3,"member_13",1.05060306948175,0.0196078431372549
2022-12-25,2022-12-28,3,"member_14",1.27046254559477,0.0196078431372549
2022-12-25,2022-12-28,3,"member_15",1.26606693412173,0.0196078431372549
2022-12-25,2022-12-28,3,"member_16",1.39987361924627,0.0196078431372549
2022-12-25,2022-12-28,3,"member_17",1.40179854765586,0.0196078431372549
2022-12-25,2022-12-28,3,"member_18",1.15432289568212,0.0196078431372549
2022-12-25,2022-12-28,3,"member_19",1.03129212456866,0.0196078431372549
2022-12-25,2022-12-28,3,"member_20",1.71182526261251,0.0196078431372549
2022-12-25,2022-12-28,3,"member_21",1.48302398757844,0.0196078431372549
2022-12-25,2022-12-28,3,"member_22",0.944027486845755,0.0196078431372549
2022-12-25,2022-12-28,3,"member_23",1.05333158413495,0.0196078431372549
2022-12-25,2022-12-28,3,"member_24",0.973969843460833,0.0196078431372549
2022-12-25,2022-12-28,3,"member_25",1.2000589050048,0.0196078431372549
2022-12-25,2022-12-28,3,"member_26",1.3028278300968,0.0196078431372549
2022-12-25,2022-12-28,3,"member_27",1.1444218246994,0.0196078431372549
2022-12-25,2022-12-28,3,"member_28",0.700929321002,0.0196078431372549
2022-12-25,2022-12-28,3,"member_29",1.09339034468696,0.0196078431372549
2022-12-25,2022-12-28,3,"member_30",1.04512360371712,0.0196078431372549
2022-12-25,2022-12-28,3,"member_31",1.11923157587085,0.0196078431372549
2022-12-25,2022-12-28,3,"member_32",1.16899308542991,0.0196078431372549
2022-12-25,2022-12-28,3,"member_33",1.24828868810045,0.0196078431372549
2022-12-25,2022-12-28,3,"member_34",1.19534191512666,0.0196078431372549
2022-12-25,2022-12-28,3,"member_35",0.855080000829259,0.0196078431372549
2022-12-25,2022-12-28,3,"member_36",1.1268555009815,0.0196078431372549
2022-12-25,2022-12-28,3,"member_37",1.04786708966287,0.0196078431372549
2022-12-25,2022-12-28,3,"member_38",1.03961394790615,0.0196078431372549
2022-12-25,2022-12-28,3,"member_39",1.30706512457232,0.0196078431372549
2022-12-25,2022-12-28,3,"member_40",0.916290731874155,0.0196078431372549
2022-12-25,2022-12-28,3,"member_41",0.950088111457446,0.0196078431372549
2022-12-25,2022-12-28,3,"member_42",1.26826715503133,0.0196078431372549
2022-12-25,2022-12-28,3,"member_43",1.42273175732232,0.0196078431372549
2022-12-25,2022-12-28,3,"member_44",0.944027486845755,0.0196078431372549
2022-12-25,2022-12-28,3,"member_45",0.985700183246323,0.0196078431372549
2022-12-25,2022-12-28,3,"member_46",1.03961394790615,0.0196078431372549
2022-12-25,2022-12-28,3,"member_47",1.03407376753054,0.0196078431372549
2022-12-25,2022-12-28,3,"member_48",1.38629436111989,0.0196078431372549
2022-12-25,2022-12-28,3,"member_49",0.817850659060902,0.0196078431372549
2022-12-25,2022-12-28,3,"member_50",1.24153950612552,0.0196078431372549
2022-12-25,2022-12-29,4,"member_00",1.1268555009815,0.0196078431372549
2022-12-25,2022-12-29,4,"member_01",1.21870746408287,0.0196078431372549
2022-12-25,2022-12-29,4,"member_02",1.35856981310504,0.0196078431372549
2022-12-25,2022-12-29,4,"member_03",1.39794497833987,0.0196078431372549
2022-12-25,2022-12-29,4,"member_04",1.06417179868782,0.0196078431372549
2022-12-25,2022-12-29,4,"member_05",0.937929906977636,0.0196078431372549
2022-12-25,2022-12-29,4,"member_06",1.09600472526103,0.0196078431372549
2022-12-25,2022-12-29,4,"member_07",1.34237512718506,0.0196078431372549
2022-12-25,2022-12-29,4,"member_08",1.0200875255558,0.0196078431372549
2022-12-25,2022-12-29,4,"member_09",1.05876638012091,0.0196078431372549
2022-12-25,2022-12-29,4,"member_10",0.881311012978128,0.0196078431372549
2022-12-25,2022-12-29,4,"member_11",1.47590651980958,0.0196078431372549
2022-12-25,2022-12-29,4,"member_12",1.67446459565117,0.0196078431372549
2022-12-25,2022-12-29,4,"member_13",1.09076911120708,0.0196078431372549
2022-12-25,2022-12-29,4,"member_14",1.60630801942517,0.0196078431372549
2022-12-25,2022-12-29,4,"member_15",1.33828514193353,0.0196078431372549
2022-12-25,2022-12-29,4,"member_16",1.41327094881809,0.0196078431372549
2022-12-25,2022-12-29,4,"member_17",1.34644845257269,0.0196078431372549
2022-12-25,2022-12-29,4,"member_18",1.21870746408287,0.0196078431372549
2022-12-25,2022-12-29,4,"member_19",1.1738357099057,0.0196078431372549
2022-12-25,2022-12-29,4,"member_20",1.64925940662077,0.0196078431372549
2022-12-25,2022-12-29,4,"member_21",1.43396783058925,0.0196078431372549
2022-12-25,2022-12-29,4,"member_22",0.928713251872712,0.0196078431372549
2022-12-25,2022-12-29,4,"member_23",1.27483892019457,0.0196078431372549
2022-12-25,2022-12-29,4,"member_24",1.03961394790615,0.0196078431372549
2022-12-25,2022-12-29,4,"member_25",1.14938461404153,0.0196078431372549
2022-12-25,2022-12-29,4,"member_26",1.23474446299269,0.0196078431372549
2022-12-25,2022-12-29,4,"member_27",1.09600472526103,0.0196078431372549
2022-12-25,2022-12-29,4,"member_28",1.21175494476799,0.0196078431372549
2022-12-25,2022-12-29,4,"member_29",1.46873803033097,0.0196078431372549
2022-12-25,2022-12-29,4,"member_30",0.994408511138107,0.0196078431372549
2022-12-25,2022-12-29,4,"member_31",1.17141732904142,0.0196078431372549
2022-12-25,2022-12-29,4,"member_32",1.11411647520407,0.0196078431372549
2022-12-25,2022-12-29,4,"member_33",1.23474446299269,0.0196078431372549
2022-12-25,2022-12-29,4,"member_34",1.43582829624217,0.0196078431372549
2022-12-25,2022-12-29,4,"member_35",1.05876638012091,0.0196078431372549
2022-12-25,2022-12-29,4,"member_36",1.43768530698938,0.0196078431372549
2022-12-25,2022-12-29,4,"member_37",1.06147274171865,0.0196078431372549
2022-12-25,2022-12-29,4,"member_38",1.11923157587085,0.0196078431372549
2022-12-25,2022-12-29,4,"member_39",1.25721731884475,0.0196078431372549
2022-12-25,2022-12-29,4,"member_40",0.93179491841012,0.0196078431372549
2022-12-25,2022-12-29,4,"member_41",0.985700183246323,0.0196078431372549
2022-12-25,2022-12-29,4,"member_42",1.30070243078449,0.0196078431372549
2022-12-25,2022-12-29,4,"member_43",1.49360609690898,0.0196078431372549
2022-12-25,2022-12-29,4,"member_44",1.04786708966287,0.0196078431372549
2022-12-25,2022-12-29,4,"member_45",0.925622059303039,0.0196078431372549
2022-12-25,2022-12-29,4,"member_46",1.03407376753054,0.0196078431372549
2022-12-25,2022-12-29,4,"member_47",0.994408511138107,0.0196078431372549
2022-12-25,2022-12-29,4,"member_48",1.33417835998088,0.0196078431372549
2022-12-25,2022-12-29,4,"member_49",0.838329190404443,0.0196078431372549
2022-12-25,2022-12-29,4,"member_50",1.18584065600252,0.0196078431372549
2022-12-25,2022-12-30,5,"member_00",1.3133875903118,0.0196078431372549
2022-12-25,2022-12-30,5,"member_01",1.3605758318319,0.0196078431372549
2022-12-25,2022-12-30,5,"member_02",1.46151778235748,0.0196078431372549
2022-12-25,2022-12-30,5,"member_03",1.56633467201659,0.0196078431372549
2022-12-25,2022-12-30,5,"member_04",1.05605267424931,0.0196078431372549
2022-12-25,2022-12-30,5,"member_05",1.26165191591261,0.0196078431372549
2022-12-25,2022-12-30,5,"member_06",1.33005464279701,0.0196078431372549
2022-12-25,2022-12-30,5,"member_07",1.50754360475276,0.0196078431372549
2022-12-25,2022-12-30,5,"member_08",1.17865499634165,0.0196078431372549
2022-12-25,2022-12-30,5,"member_09",1.42084674262655,0.0196078431372549
2022-12-25,2022-12-30,5,"member_10",1.21175494476799,0.0196078431372549
2022-12-25,2022-12-30,5,"member_11",1.65075978199601,0.0196078431372549
2022-12-25,2022-12-30,5,"member_12",1.85971013113656,0.0196078431372549
2022-12-25,2022-12-30,5,"member_13",1.13190601676757,0.0196078431372549
2022-12-25,2022-12-30,5,"member_14",1.61566846218474,0.0196078431372549
2022-12-25,2022-12-30,5,"member_15",1.57283875998577,0.0196078431372549
2022-12-25,2022-12-30,5,"member_16",1.49185017020671,0.0196078431372549
2022-12-25,2022-12-30,5,"member_17",1.75597036137647,0.0196078431372549
2022-12-25,2022-12-30,5,"member_18",1.27483892019457,0.0196078431372549
2022-12-25,2022-12-30,5,"member_19",1.1882244473578,0.0196078431372549
2022-12-25,2022-12-30,5,"member_20",1.69044169658719,0.0196078431372549
2022-12-25,2022-12-30,5,"member_21",1.69475514684091,0.0196078431372549
2022-12-25,2022-12-30,5,"member_22",1.28136777907703,0.0196078431372549
2022-12-25,2022-12-30,5,"member_23",1.26826715503133,0.0196078431372549
2022-12-25,2022-12-30,5,"member_24",1.18345116860514,0.0196078431372549
2022-12-25,2022-12-30,5,"member_25",1.20240908234975,0.0196078431372549
2022-12-25,2022-12-30,5,"member_26",1.15678292152298,0.0196078431372549
2022-12-25,2022-12-30,5,"member_27",1.34237512718506,0.0196078431372549
2022-12-25,2022-12-30,5,"member_28",1.18584065600252,0.0196078431372549
2022-12-25,2022-12-30,5,"member_29",1.46513442282767,0.0196078431372549
2022-12-25,2022-12-30,5,"member_30",1.22331576716907,0.0196078431372549
2022-12-25,2022-12-30,5,"member_31",1.47053497600767,0.0196078431372549
2022-12-25,2022-12-30,5,"member_32",1.10897507570366,0.0196078431372549
2022-12-25,2022-12-30,5,"member_33",1.55319819411122,0.0196078431372549
2022-12-25,2022-12-30,5,"member_34",1.47232869846169,0.0196078431372549
2022-12-25,2022-12-30,5,"member_35",1.03961394790615,0.0196078431372549
2022-12-25,2022-12-30,5,"member_36",1.57607500876498,0.0196078431372549
2022-12-25,2022-12-30,5,"member_37",1.16168489212318,0.0196078431372549
2022-12-25,2022-12-30,5,"member_38",1.26165191591261,0.0196078431372549
2022-12-25,2022-12-30,5,"member_39",1.34644845257269,0.0196078431372549
2022-12-25,2022-12-30,5,"member_40",1.23018864645683,0.0196078431372549
2022-12-25,2022-12-30,5,"member_41",0.906871509957663,0.0196078431372549
2022-12-25,2022-12-30,5,"member_42",1.50581200258848,0.0196078431372549
2022-12-25,2022-12-30,5,"member_43",1.57930081801386,0.0196078431372549
2022-12-25,2022-12-30,5,"member_44",1.22561197942942,0.0196078431372549
2022-12-25,2022-12-30,5,"member_45",0.916290731874155,0.0196078431372549
2022-12-25,2022-12-30,5,"member_46",1.22331576716907,0.0196078431372549
2022-12-25,2022-12-30,5,"member_47",1.48832903980813,0.0196078431372549
2022-12-25,2022-12-30,5,"member_48",1.54656467061559,0.0196078431372549
2022-12-25,2022-12-30,5,"member_49",1.00304165828281,0.0196078431372549
2022-12-25,2022-12-30,5,"member_50",1.46513442282767,0.0196078431372549
2022-12-25,2022-12-31,6,"member_00",1.68030402830273,0.0196078431372549
2022-12-25,2022-12-31,6,"member_01",1.74784023529322,0.0196078431372549
2022-12-25,2022-12-31,6,"member_02",1.56796466422753,0.0196078431372549
2022-12-25,2022-12-31,6,"member_03",1.82379295771523,0.0196078431372549
2022-12-25,2022-12-31,6,"member_04",1.37054600415175,0.0196078431372549
2022-12-25,2022-12-31,6,"member_05",1.31758046857184,0.0196078431372549
2022-12-25,2022-12-31,6,"member_06",1.58732010718048,0.0196078431372549
2022-12-25,2022-12-31,6,"member_07",1.73551975090518,0.0196078431372549
2022-12-25,2022-12-31,6,"member_08",1.76804294261074,0.0196078431372549
2022-12-25,2022-12-31,6,"member_09",1.90722500674408,0.0196078431372549
2022-12-25,2022-12-31,6,"member_10",1.59844015822456,0.0196078431372549
2022-12-25,2022-12-31,6,"member_11",2.04668427041037,0.0196078431372549
2022-12-25,2022-12-31,6,"member_12",1.96031483025786,0.0196078431372549
2022-12-25,2022-12-31,6,"member_13",1.71182526261251,0.0196078431372549
2022-12-25,2022-12-31,6,"member_14",1.9436755112539,0.0196078431372549
2022-12-25,2022-12-31,6,"member_15",1.99597501065675,0.0196078431372549
2022-12-25,2022-12-31,6,"member_16",2.77697362573334,0.0196078431372549
2022-12-25,2022-12-31,6,"member_17",1.82126770384804,0.0196078431372549
2022-12-25,2022-12-31,6,"member_18",1.60787419045792,0.0196078431372549
2022-12-25,2022-12-31,6,"member_19",1.42461322542203,0.0196078431372549
2022-12-25,2022-12-31,6,"member_20",1.79306070558603,0.0196078431372549
2022-12-25,2022-12-31,6,"member_21",2.1139939231865,0.0196078431372549
2022-12-25,2022-12-31,6,"member_22",1.50581200258848,0.0196078431372549
2022-12-25,2022-12-31,6,"member_23",1.34847891012307,0.0196078431372549
2022-12-25,2022-12-31,6,"member_24",1.11667729606575,0.0196078431372549
2022-12-25,2022-12-31,6,"member_25",1.66416281212335,0.0196078431372549
2022-12-25,2022-12-31,6,"member_26",1.69188158164518,0.0196078431372549
2022-12-25,2022-12-31,6,"member_27",1.68030402830273,0.0196078431372549
2022-12-25,2022-12-31,6,"member_28",1.48479546722682,0.0196078431372549
2022-12-25,2022-12-31,6,"member_29",1.59685913022724,0.0196078431372549
2022-12-25,2022-12-31,6,"member_30",1.67592765370293,0.0196078431372549
2022-12-25,2022-12-31,6,"member_31",1.75731897924776,0.0196078431372549
2022-12-25,2022-12-31,6,"member_32",1.31758046857184,0.0196078431372549
2022-12-25,2022-12-31,6,"member_33",1.6715320422299,0.0196078431372549
2022-12-25,2022-12-31,6,"member_34",1.43396783058925,0.0196078431372549
2022-12-25,2022-12-31,6,"member_35",1.5482271813892,0.0196078431372549
2022-12-25,2022-12-31,6,"member_36",2.05171699366498,0.0196078431372549
2022-12-25,2022-12-31,6,"member_37",1.23701461152723,0.0196078431372549
2022-12-25,2022-12-31,6,"member_38",1.55814461804655,0.0196078431372549
2022-12-25,2022-12-31,6,"member_39",1.57930081801386,0.0196078431372549
2022-12-25,2022-12-31,6,"member_40",1.48832903980813,0.0196078431372549
2022-12-25,2022-12-31,6,"member_41",0.953104704996871,0.0196078431372549
2022-12-25,2022-12-31,6,"member_42",1.87659834916508,0.0196078431372549
2022-12-25,2022-12-31,6,"member_43",1.69188158164518,0.0196078431372549
2022-12-25,2022-12-31,6,"member_44",1.70474809223843,0.0196078431372549
2022-12-25,2022-12-31,6,"member_45",1.55978800379028,0.0196078431372549
2022-12-25,2022-12-31,6,"member_46",1.63413052502447,0.0196078431372549
2022-12-25,2022-12-31,6,"member_47",1.57607500876498,0.0196078431372549
2022-12-25,2022-12-31,6,"member_48",1.70474809223843,0.0196078431372549
2022-12-25,2022-12-31,6,"member_49",1.54988693280757,0.0196078431372549
2022-12-25,2022-12-31,6,"member_50",1.72443930512861,0.0196078431372549
2022-12-25,2023-01-01,7,"member_00",1.99703601871384,0.0196078431372549
2022-12-25,2023-01-01,7,"member_01",2.00126882926646,0.0196078431372549
2022-12-25,2023-01-01,7,"member_02",1.97342977233569,0.0196078431372549
2022-12-25,2023-01-01,7,"member_03",1.75597036137647,0.0196078431372549
2022-12-25,2023-01-01,7,"member_04",1.47947158597407,0.0196078431372549
2022-12-25,2023-01-01,7,"member_05",1.57283875998577,0.0196078431372549
2022-12-25,2023-01-01,7,"member_06",1.91761171293289,0.0196078431372549
2022-12-25,2023-01-01,7,"member_07",1.85360883094039,0.0196078431372549
2022-12-25,2023-01-01,7,"member_08",2.24137436194915,0.0196078431372549
2022-12-25,2023-01-01,7,"member_09",2.15647491816266,0.0196078431372549
2022-12-25,2023-01-01,7,"member_10",1.96251263334034,0.0196078431372549
2022-12-25,2023-01-01,7,"member_11",2.304146373561,0.0196078431372549
2022-12-25,2023-01-01,7,"member_12",2.09782619108116,0.0196078431372549
2022-12-25,2023-01-01,7,"member_13",2.05071247323898,0.0196078431372549
2022-12-25,2023-01-01,7,"member_14",2.29237691640152,0.0196078431372549
2022-12-25,2023-01-01,7,"member_15",2.14373589238523,0.0196078431372549
2022-12-25,2023-01-01,7,"member_16",3.01889933283553,0.0196078431372549
2022-12-25,2023-01-01,7,"member_17",2.04769284336526,0.0196078431372549
2022-12-25,2023-01-01,7,"member_18",1.58251625486784,0.0196078431372549
2022-12-25,2023-01-01,7,"member_19",1.63413052502447,0.0196078431372549
2022-12-25,2023-01-01,7,"member_20",1.85360883094039,0.0196078431372549
2022-12-25,2023-01-01,7,"member_21",2.48555747961898,0.0196078431372549
2022-12-25,2023-01-01,7,"member_22",1.91416145074073,0.0196078431372549
2022-12-25,2023-01-01,7,"member_23",1.68610955984805,0.0196078431372549
2022-12-25,2023-01-01,7,"member_24",1.60473939165255,0.0196078431372549
2022-12-25,2023-01-01,7,"member_25",2.04162609068302,0.0196078431372549
2022-12-25,2023-01-01,7,"member_26",2.09302079980622,0.0196078431372549
2022-12-25,2023-01-01,7,"member_27",1.94255631695688,0.0196078431372549
2022-12-25,2023-01-01,7,"member_28",1.92675463376556,0.0196078431372549
2022-12-25,2023-01-01,7,"member_29",1.94031416355119,0.0196078431372549
2022-12-25,2023-01-01,7,"member_30",2.15737866878902,0.0196078431372549
2022-12-25,2023-01-01,7,"member_31",2.01177312753334,0.0196078431372549
2022-12-25,2023-01-01,7,"member_32",1.5212895256574,0.0196078431372549
2022-12-25,2023-01-01,7,"member_33",1.80982447662569,0.0196078431372549
2022-12-25,2023-01-01,7,"member_34",1.6094379124341,0.0196078431372549
2022-12-25,2023-01-01,7,"member_35",1.61099919300105,0.0196078431372549
2022-12-25,2023-01-01,7,"member_36",2.08431247191443,0.0196078431372549
2022-12-25,2023-01-01,7,"member_37",1.5889162767133,0.0196078431372549
2022-12-25,2023-01-01,7,"member_38",1.63413052502447,0.0196078431372549
2022-12-25,2023-01-01,7,"member_39",1.95590467978031,0.0196078431372549
2022-12-25,2023-01-01,7,"member_40",1.7667087195976,0.0196078431372549
2022-12-25,2023-01-01,7,"member_41",1.46151778235748,0.0196078431372549
2022-12-25,2023-01-01,7,"member_42",2.06468475643399,0.0196078431372549
2022-12-25,2023-01-01,7,"member_43",2.10831746518169,0.0196078431372549
2022-12-25,2023-01-01,7,"member_44",1.84253179460148,0.0196078431372549
2022-12-25,2023-01-01,7,"member_45",1.99171968508661,0.0196078431372549
2022-12-25,2023-01-01,7,"member_46",1.85605381993345,0.0196078431372549
2022-12-25,2023-01-01,7,"member_47",1.7368962136139,0.0196078431372549
2022-12-25,2023-01-01,7,"member_48",2.02526580757781,0.0196078431372549
2022-12-25,2023-01-01,7,"member_49",1.48656381428357,0.0196078431372549
2022-12-25,2023-01-01,7,"member_50",1.6371746674057,0.0196078431372549
2022-12-25,2023-01-02,8,"member_00",1.99597501065675,0.0196078431372549
2022-12-25,2023-01-02,8,"member_01",2.01386081096382,0.0196078431372549
2022-12-25,2023-01-02,8,"member_02",2.01594414505068,0.0196078431372549
2022-12-25,2023-01-02,8,"member_03",1.88493669408224,0.0196078431372549
2022-12-25,2023-01-02,8,"member_04",1.39407650156195,0.0196078431372549
2022-12-25,2023-01-02,8,"member_05",1.5548497221497,0.0196078431372549
2022-12-25,2023-01-02,8,"member_06",1.83258146374831,0.0196078431372549
2022-12-25,2023-01-02,8,"member_07",1.87420313843913,0.0196078431372549
2022-12-25,2023-01-02,8,"member_08",2.14556571906231,0.0196078431372549
2022-12-25,2023-01-02,8,"member_09",2.09205694430991,0.0196078431372549
2022-12-25,2023-01-02,8,"member_10",1.89672928357206,0.0196078431372549
2022-12-25,2023-01-02,8,"member_11",2.21272876387218,0.0196078431372549
2022-12-25,2023-01-02,8,"member_12",2.00126882926646,0.0196078431372549
2022-12-25,2023-01-02,8,"member_13",1.96031483025786,0.0196078431372549
2022-12-25,2023-01-02,8,"member_14",2.29788657221249,0.0196078431372549
2022-12-25,2023-01-02,8,"member_15",2.05071247323898,0.0196078431372549
2022-12-25,2023-01-02,8,"member_16",2.85142878394756,0.0196078431372549
2022-12-25,2023-01-02,8,"member_17",1.95921411468168,0.0196078431372549
2022-12-25,2023-01-02,8,"member_18",1.49009115480153,0.0196078431372549
2022-12-25,2023-01-02,8,"member_19",1.5515439340152,0.0196078431372549
2022-12-25,2023-01-02,8,"member_20",1.81746782593826,0.0196078431372549
2022-12-25,2023-01-02,8,"member_21",2.37998006774514,0.0196078431372549
2022-12-25,2023-01-02,8,"member_22",1.84376865313887,0.0196078431372549
2022-12-25,2023-01-02,8,"member_23",1.60159473497307,0.0196078431372549
2022-12-25,2023-01-02,8,"member_24",1.5515439340152,0.0196078431372549
2022-12-25,2023-01-02,8,"member_25",2.01386081096382,0.0196078431372549
2022-12-25,2023-01-02,8,"member_26",2.01594414505068,0.0196078431372549
2022-12-25,2023-01-02,8,"member_27",1.96141433559128,0.0196078431372549
2022-12-25,2023-01-02,8,"member_28",1.8955562629097,0.0196078431372549
2022-12-25,2023-01-02,8,"member_29",1.93016179208717,0.0196078431372549
2022-12-25,2023-01-02,8,"member_30",2.07258213212894,0.0196078431372549
2022-12-25,2023-01-02,8,"member_31",2.0567245153956,0.0196078431372549
2022-12-25,2023-01-02,8,"member_32",1.43396783058925,0.0196078431372549
2022-12-25,2023-01-02,8,"member_33",1.72025227877439,0.0196078431372549
2022-12-25,2023-01-02,8,"member_34",1.84253179460148,0.0196078431372549
2022-12-25,2023-01-02,8,"member_35",1.52299455590848,0.0196078431372549
2022-12-25,2023-01-02,8,"member_36",2.17705730023004,0.0196078431372549
2022-12-25,2023-01-02,8,"member_37",1.51272049293229,0.0196078431372549
2022-12-25,2023-01-02,8,"member_38",1.54489939129653,0.0196078431372549
2022-12-25,2023-01-02,8,"member_39",1.87540146093124,0.0196078431372549
2022-12-25,2023-01-02,8,"member_40",1.83383068314874,0.0196078431372549
2022-12-25,2023-01-02,8,"member_41",1.38824558125115,0.0196078431372549
2022-12-25,2023-01-02,8,"member_42",1.97342977233569,0.0196078431372549
2022-12-25,2023-01-02,8,"member_43",2.16905370036952,0.0196078431372549
2022-12-25,2023-01-02,8,"member_44",1.75191356068086,0.0196078431372549
2022-12-25,2023-01-02,8,"member_45",1.91875915998936,0.0196078431372549
2022-12-25,2023-01-02,8,"member_46",1.77468748532941,0.0196078431372549
2022-12-25,2023-01-02,8,"member_47",1.71323470611574,0.0196078431372549
2022-12-25,2023-01-02,8,"member_48",2.00548379862577,0.0196078431372549
2022-12-25,2023-01-02,8,"member_49",1.39213663674412,0.0196078431372549
2022-12-25,2023-01-02,8,"member_50",1.54156049003101,0.0196078431372549
2022-12-25,2023-01-03,9,"member_00",2.32422426809753,0.0196078431372549
2022-12-25,2023-01-03,9,"member_01",2.37345120886268,0.0196078431372549
2022-12-25,2023-01-03,9,"member_02",1.99703601871384,0.0196078431372549
2022-12-25,2023-01-03,9,"member_03",2.3333567516608,0.0196078431372549
2022-12-25,2023-01-03,9,"member_04",1.53316413507811,0.0196078431372549
2022-12-25,2023-01-03,9,"member_05",1.49535894573639,0.0196078431372549
2022-12-25,2023-01-03,9,"member_06",1.9668938013559,0.0196078431372549
2022-12-25,2023-01-03,9,"member_07",2.27726728500976,0.0196078431372549
2022-12-25,2023-01-03,9,"member_08",2.73477327124296,0.0196078431372549
2022-12-25,2023-01-03,9,"member_09",2.12990441323677,0.0196078431372549
2022-12-25,2023-01-03,9,"member_10",1.84993010208292,0.0196078431372549
2022-12-25,2023-01-03,9,"member_11",2.11305008168179,0.0196078431372549
2022-12-25,2023-01-03,9,"member_12",2.19025590802013,0.0196078431372549
2022-12-25,2023-01-03,9,"member_13",2.0023242383354,0.0196078431372549
2022-12-25,2023-01-03,9,"member_14",2.5552874465498,0.0196078431372549
2022-12-25,2023-01-03,9,"member_15",2.00337853469031,0.0196078431372549
2022-12-25,2023-01-03,9,"member_16",2.79241049763695,0.0196078431372549
2022-12-25,2023-01-03,9,"member_17",2.11963834080617,0.0196078431372549
2022-12-25,2023-01-03,9,"member_18",1.60787419045792,0.0196078431372549
2022-12-25,2023-01-03,9,"member_19",1.91300871286092,0.0196078431372549
2022-12-25,2023-01-03,9,"member_20",1.92902736201656,0.0196078431372549
2022-12-25,2023-01-03,9,"member_21",2.45985590015755,0.0196078431372549
2022-12-25,2023-01-03,9,"member_22",2.09590680469535,0.0196078431372549
2022-12-25,2023-01-03,9,"member_23",1.64323529201739,0.0196078431372549
2022-12-25,2023-01-03,9,"member_24",1.46513442282767,0.0196078431372549
2022-12-25,2023-01-03,9,"member_25",2.06170708674007,0.0196078431372549
2022-12-25,2023-01-03,9,"member_26",2.00653477087175,0.0196078431372549
2022-12-25,2023-01-03,9,"member_27",2.34315705625909,0.0196078431372549
2022-12-25,2023-01-03,9,"member_28",2.00337853469031,0.0196078431372549
2022-12-25,2023-01-03,9,"member_29",1.85605381993345,0.0196078431372549
2022-12-25,2023-01-03,9,"member_30",2.21784386453895,0.0196078431372549
2022-12-25,2023-01-03,9,"member_31",1.9906530183188,0.0196078431372549
2022-12-25,2023-01-03,9,"member_32",1.36855990618012,0.0196078431372549
2022-12-25,2023-01-03,9,"member_33",1.7667087195976,0.0196078431372549
2022-12-25,2023-01-03,9,"member_34",1.76001077091347,0.0196078431372549
2022-12-25,2023-01-03,9,"member_35",1.70758497357363,0.0196078431372549
2022-12-25,2023-01-03,9,"member_36",2.49720056069372,0.0196078431372549
2022-12-25,2023-01-03,9,"member_37",1.51615692243088,0.0196078431372549
2022-12-25,2023-01-03,9,"member_38",1.61099919300105,0.0196078431372549
2022-12-25,2023-01-03,9,"member_39",2.02423434797115,0.0196078431372549
2022-12-25,2023-01-03,9,"member_40",2.26029718079129,0.0196078431372549
2022-12-25,2023-01-03,9,"member_41",1.77336210408834,0.0196078431372549
2022-12-25,2023-01-03,9,"member_42",2.06666495510085,0.0196078431372549
2022-12-25,2023-01-03,9,"member_43",2.36173804419902,0.0196078431372549
2022-12-25,2023-01-03,9,"member_44",1.89320608556475,0.0196078431372549
2022-12-25,2023-01-03,9,"member_45",2.02938103972292,0.0196078431372549
2022-12-25,2023-01-03,9,"member_46",1.76537271405486,0.0196078431372549
2022-12-25,2023-01-03,9,"member_47",1.65524744846539,0.0196078431372549
2022-12-25,2023-01-03,9,"member_48",1.97668180772207,0.0196078431372549
2022-12-25,2023-01-03,9,"member_49",1.3444138638749,0.0196078431372549
2022-12-25,2023-01-03,9,"member_50",1.52978575348648,0.0196078431372549
2022-12-25,2023-01-04,10,"member_00",2.2372128911079,0.0196078431372549
2022-12-25,2023-01-04,10,"member_01",2.37998006774514,0.0196078431372549
2022-12-25,2023-01-04,10,"member_02",2.25948185257654,0.0196078431372549
2022-12-25,2023-01-04,10,"member_03",2.28126569097645,0.0196078431372549
2022-12-25,2023-01-04,10,"member_04",1.44507905601432,0.0196078431372549
2022-12-25,2023-01-04,10,"member_05",1.83881201349895,0.0196078431372549
2022-12-25,2023-01-04,10,"member_06",1.87659834916508,0.0196078431372549
2022-12-25,2023-01-04,10,"member_07",2.19287485320975,0.0196078431372549
2022-12-25,2023-01-04,10,"member_08",2.98749531778506,0.0196078431372549
2022-12-25,2023-01-04,10,"member_09",2.22546778964961,0.0196078431372549
2022-12-25,2023-01-04,10,"member_10",1.97125585843607,0.0196078431372549
2022-12-25,2023-01-04,10,"member_11",2.10831746518169,0.0196078431372549
2022-12-25,2023-01-04,10,"member_12",2.40638188667569,0.0196078431372549
2022-12-25,2023-01-04,10,"member_13",2.01177312753334,0.0196078431372549
2022-12-25,2023-01-04,10,"member_14",2.48229908638092,0.0196078431372549
2022-12-25,2023-01-04,10,"member_15",2.46717219484823,0.0196078431372549
2022-12-25,2023-01-04,10,"member_16",2.77551412656889,0.0196078431372549
2022-12-25,2023-01-04,10,"member_17",2.20758736437177,0.0196078431372549
2022-12-25,2023-01-04,10,"member_18",1.52469668397901,0.0196078431372549
2022-12-25,2023-01-04,10,"member_19",2.37708361387368,0.0196078431372549
2022-12-25,2023-01-04,10,"member_20",2.035522307745,0.0196078431372549
2022-12-25,2023-01-04,10,"member_21",2.45785122190517,0.0196078431372549
2022-12-25,2023-01-04,10,"member_22",2.09974190047929,0.0196078431372549
2022-12-25,2023-01-04,10,"member_23",2.08819220520002,0.0196078431372549
2022-12-25,2023-01-04,10,"member_24",1.7667087195976,0.0196078431372549
2022-12-25,2023-01-04,10,"member_25",2.00758463973458,0.0196078431372549
2022-12-25,2023-01-04,10,"member_26",2.19025590802013,0.0196078431372549
2022-12-25,2023-01-04,10,"member_27",2.3325988887977,0.0196078431372549
2022-12-25,2023-01-04,10,"member_28",2.12431780652813,0.0196078431372549
2022-12-25,2023-01-04,10,"member_29",2.01490302054226,0.0196078431372549
2022-12-25,2023-01-04,10,"member_30",2.29867119367291,0.0196078431372549
2022-12-25,2023-01-04,10,"member_31",2.02835381826639,0.0196078431372549
2022-12-25,2023-01-04,10,"member_32",1.43210389715118,0.0196078431372549
2022-12-25,2023-01-04,10,"member_33",1.75326765702858,0.0196078431372549
2022-12-25,2023-01-04,10,"member_34",1.96470561667535,0.0196078431372549
2022-12-25,2023-01-04,10,"member_35",1.7104138297741,0.0196078431372549
2022-12-25,2023-01-04,10,"member_36",2.51567830845475,0.0196078431372549
2022-12-25,2023-01-04,10,"member_37",1.66564100899266,0.0196078431372549
2022-12-25,2023-01-04,10,"member_38",1.55649852713988,0.0196078431372549
2022-12-25,2023-01-04,10,"member_39",2.04769284336526,0.0196078431372549
2022-12-25,2023-01-04,10,"member_40",2.22967832218596,0.0196078431372549
2022-12-25,2023-01-04,10,"member_41",1.96141433559128,0.0196078431372549
2022-12-25,2023-01-04,10,"member_42",2.13822623657426,0.0196078431372549
2022-12-25,2023-01-04,10,"member_43",2.32269404591676,0.0196078431372549
2022-12-25,2023-01-04,10,"member_44",2.02732554054082,0.0196078431372549
2022-12-25,2023-01-04,10,"member_45",2.0755276423587,0.0196078431372549
2022-12-25,2023-01-04,10,"member_46",1.7865375252469,0.0196078431372549
2022-12-25,2023-01-04,10,"member_47",2.02526580757781,0.0196078431372549
2022-12-25,2023-01-04,10,"member_48",1.97125585843607,0.0196078431372549
2022-12-25,2023-01-04,10,"member_49",1.82253112789481,0.0196078431372549
2022-12-25,2023-01-04,10,"member_50",1.71182526261251,0.0196078431372549
2022-12-25,2023-01-05,11,"member_00",2.26192584564642,0.0196078431372549
2022-12-25,2023-01-05,11,"member_01",2.59280300997258,0.0196078431372549
2022-12-25,2023-01-05,11,"member_02",2.24303411336751,0.0196078431372549
2022-12-25,2023-01-05,11,"member_03",2.17439654478002,0.0196078431372549
2022-12-25,2023-01-05,11,"member_04",1.35454566280531,0.0196078431372549
2022-12-25,2023-01-05,11,"member_05",1.82756892192477,0.0196078431372549
2022-12-25,2023-01-05,11,"member_06",1.77997151347601,0.0196078431372549
2022-12-25,2023-01-05,11,"member_07",2.09590680469535,0.0196078431372549
2022-12-25,2023-01-05,11,"member_08",2.85817493051292,0.0196078431372549
2022-12-25,2023-01-05,11,"member_09",2.12897547680211,0.0196078431372549
2022-12-25,2023-01-05,11,"member_10",2.15737866878902,0.0196078431372549
2022-12-25,2023-01-05,11,"member_11",2.10165394695092,0.0196078431372549
2022-12-25,2023-01-05,11,"member_12",2.38214691583023,0.0196078431372549
2022-12-25,2023-01-05,11,"member_13",2.35063093260362,0.0196078431372549
2022-12-25,2023-01-05,11,"member_14",2.47968470580685,0.0196078431372549
2022-12-25,2023-01-05,11,"member_15",2.85097741855962,0.0196078431372549
2022-12-25,2023-01-05,11,"member_16",2.79670952503663,0.0196078431372549
2022-12-25,2023-01-05,11,"member_17",2.43141796483701,0.0196078431372549
2022-12-25,2023-01-05,11,"member_18",1.68610955984805,0.0196078431372549
2022-12-25,2023-01-05,11,"member_19",2.45651253361957,0.0196078431372549
2022-12-25,2023-01-05,11,"member_20",1.98851626536907,0.0196078431372549
2022-12-25,2023-01-05,11,"member_21",2.56314484569368,0.0196078431372549
2022-12-25,2023-01-05,11,"member_22",2.52322551409014,0.0196078431372549
2022-12-25,2023-01-05,11,"member_23",2.13268605619865,0.0196078431372549
2022-12-25,2023-01-05,11,"member_24",1.91185464464282,0.0196078431372549
2022-12-25,2023-01-05,11,"member_25",2.24137436194915,0.0196078431372549
2022-12-25,2023-01-05,11,"member_26",2.14647937833098,0.0196078431372549
2022-12-25,2023-01-05,11,"member_27",2.2321961581783,0.0196078431372549
2022-12-25,2023-01-05,11,"member_28",2.20414502018079,0.0196078431372549
2022-12-25,2023-01-05,11,"member_29",2.17705730023004,0.0196078431372549
2022-12-25,2023-01-05,11,"member_30",2.27164252128499,0.0196078431372549
2022-12-25,2023-01-05,11,"member_31",2.33184045114284,0.0196078431372549
2022-12-25,2023-01-05,11,"member_32",1.35050525326831,0.0196078431372549
2022-12-25,2023-01-05,11,"member_33",2.10926578199055,0.0196078431372549
2022-12-25,2023-01-05,11,"member_34",2.03959563313264,0.0196078431372549
2022-12-25,2023-01-05,11,"member_35",2.05071247323898,0.0196078431372549
2022-12-25,2023-01-05,11,"member_36",2.759317453484,0.0196078431372549
2022-12-25,2023-01-05,11,"member_37",2.04970694273696,0.0196078431372549
2022-12-25,2023-01-05,11,"member_38",1.75326765702858,0.0196078431372549
2022-12-25,2023-01-05,11,"member_39",2.27325282759109,0.0196078431372549
2022-12-25,2023-01-05,11,"member_40",2.49333457649725,0.0196078431372549
2022-12-25,2023-01-05,11,"member_41",2.06071255657356,0.0196078431372549
2022-12-25,2023-01-05,11,"member_42",2.08722368212189,0.0196078431372549
2022-12-25,2023-01-05,11,"member_43",2.37563223480904,0.0196078431372549
2022-12-25,2023-01-05,11,"member_44",1.93581471838996,0.0196078431372549
2022-12-25,2023-01-05,11,"member_45",2.17083782216302,0.0196078431372549
2022-12-25,2023-01-05,11,"member_46",1.9256163297155,0.0196078431372549
2022-12-25,2023-01-05,11,"member_47",2.00337853469031,0.0196078431372549
2022-12-25,2023-01-05,11,"member_48",1.95479909647256,0.0196078431372549
2022-12-25,2023-01-05,11,"member_49",1.73964346808904,0.0196078431372549
2022-12-25,2023-01-05,11,"member_50",1.64474472626625,0.0196078431372549
2022-12-25,2023-01-06,12,"member_00",2.27646568176042,0.0196078431372549
2022-12-25,2023-01-06,12,"member_01",2.89513470260072,0.0196078431372549
2022-12-25,2023-01-06,12,"member_02",2.30570522033029,0.0196078431372549
2022-12-25,2023-01-06,12,"member_03",2.13638291807997,0.0196078431372549
2022-12-25,2023-01-06,12,"member_04",1.38433932628409,0.0196078431372549
2022-12-25,2023-01-06,12,"member_05",1.94031416355119,0.0196078431372549
2022-12-25,2023-01-06,12,"member_06",1.70758497357363,0.0196078431372549
2022-12-25,2023-01-06,12,"member_07",1.99384961134443,0.0196078431372549
2022-12-25,2023-01-06,12,"member_08",2.71272674898611,0.0196078431372549
2022-12-25,2023-01-06,12,"member_09",2.02938103972292,0.0196078431372549
2022-12-25,2023-01-06,12,"member_10",2.20930410299082,0.0196078431372549
2022-12-25,2023-01-06,12,"member_11",2.08722368212189,0.0196078431372549
2022-12-25,2023-01-06,12,"member_12",2.27966824654729,0.0196078431372549
2022-12-25,2023-01-06,12,"member_13",2.31885821459289,0.0196078431372549
2022-12-25,2023-01-06,12,"member_14",2.70544263769513,0.0196078431372549
2022-12-25,2023-01-06,12,"member_15",2.72917956227673,0.0196078431372549
2022-12-25,2023-01-06,12,"member_16",2.68752856538141,0.0196078431372549
2022-12-25,2023-01-06,12,"member_17",2.37490575457367,0.0196078431372549
2022-12-25,2023-01-06,12,"member_18",1.64323529201739,0.0196078431372549
2022-12-25,2023-01-06,12,"member_19",2.65236129524162,0.0196078431372549
2022-12-25,2023-01-06,12,"member_20",2.23470767059096,0.0196078431372549
2022-12-25,2023-01-06,12,"member_21",2.56133707177562,0.0196078431372549
2022-12-25,2023-01-06,12,"member_22",2.74486417422493,0.0196078431372549
2022-12-25,2023-01-06,12,"member_23",2.06468475643399,0.0196078431372549
2022-12-25,2023-01-06,12,"member_24",2.06765358592779,0.0196078431372549
2022-12-25,2023-01-06,12,"member_25",2.20414502018079,0.0196078431372549
2022-12-25,2023-01-06,12,"member_26",2.08722368212189,0.0196078431372549
2022-12-25,2023-01-06,12,"member_27",2.25375586556165,0.0196078431372549
2022-12-25,2023-01-06,12,"member_28",2.12151275560052,0.0196078431372549
2022-12-25,2023-01-06,12,"member_29",2.575113869489,0.0196078431372549
2022-12-25,2023-01-06,12,"member_30",2.17617116813839,0.0196078431372549
2022-12-25,2023-01-06,12,"member_31",2.23971185117554,0.0196078431372549
2022-12-25,2023-01-06,12,"member_32",1.61876923986298,0.0196078431372549
2022-12-25,2023-01-06,12,"member_33",2.32575215227558,0.0196078431372549
2022-12-25,2023-01-06,12,"member_34",1.9668938013559,0.0196078431372549
2022-12-25,2023-01-06,12,"member_35",1.96360972615471,0.0196078431372549
2022-12-25,2023-01-06,12,"member_36",3.03555376774066,0.0196078431372549
2022-12-25,2023-01-06,12,"member_37",2.58281761129238,0.0196078431372549
2022-12-25,2023-01-06,12,"member_38",2.20500671777827,0.0196078431372549
2022-12-25,2023-01-06,12,"member_39",2.28683673602591,0.0196078431372549
2022-12-25,2023-01-06,12,"member_40",2.69283080473884,0.0196078431372549
2022-12-25,2023-01-06,12,"member_41",2.16905370036952,0.0196078431372549
2022-12-25,2023-01-06,12,"member_42",2.07061362755627,0.0196078431372549
2022-12-25,2023-01-06,12,"member_43",2.30102137101786,0.0196078431372549
2022-12-25,2023-01-06,12,"member_44",1.88730636343756,0.0196078431372549
2022-12-25,2023-01-06,12,"member_45",2.1788272121965,0.0196078431372549
2022-12-25,2023-01-06,12,"member_46",2.04870040012556,0.0196078431372549
2022-12-25,2023-01-06,12,"member_47",2.1788272121965,0.0196078431372549
2022-12-25,2023-01-06,12,"member_48",2.17528425012016,0.0196078431372549
2022-12-25,2023-01-06,12,"member_49",1.76135395445994,0.0196078431372549
2022-12-25,2023-01-06,12,"member_50",1.54988693280757,0.0196078431372549
2022-12-25,2023-01-07,13,"member_00",2.29316587107755,0.0196078431372549
2022-12-25,2023-01-07,13,"member_01",3.20185681969861,0.0196078431372549
2022-12-25,2023-01-07,13,"member_02",2.20844610208018,0.0196078431372549
2022-12-25,2023-01-07,13,"member_03",2.04466406770309,0.0196078431372549
2022-12-25,2023-01-07,13,"member_04",1.57445819353807,0.0196078431372549
2022-12-25,2023-01-07,13,"member_05",1.84747007624206,0.0196078431372549
2022-12-25,2023-01-07,13,"member_06",1.88848909568661,0.0196078431372549
2022-12-25,2023-01-07,13,"member_07",1.89320608556475,0.0196078431372549
2022-12-25,2023-01-07,13,"member_08",2.57926941123629,0.0196078431372549
2022-12-25,2023-01-07,13,"member_09",1.93129493668434,0.0196078431372549
2022-12-25,2023-01-07,13,"member_10",2.29395420379477,0.0196078431372549
2022-12-25,2023-01-07,13,"member_11",2.19895918314843,0.0196078431372549
2022-12-25,2023-01-07,13,"member_12",2.21187369755245,0.0196078431372549
2022-12-25,2023-01-07,13,"member_13",2.21869384334066,0.0196078431372549
2022-12-25,2023-01-07,13,"member_14",2.61075889349283,0.0196078431372549
2022-12-25,2023-01-07,13,"member_15",2.60211081422706,0.0196078431372549
2022-12-25,2023-01-07,13,"member_16",2.59979197260831,0.0196078431372549
2022-12-25,2023-01-07,13,"member_17",2.44979207821831,0.0196078431372549
2022-12-25,2023-01-07,13,"member_18",1.76001077091347,0.0196078431372549
2022-12-25,2023-01-07,13,"member_19",2.59163341919597,0.0196078431372549
2022-12-25,2023-01-07,13,"member_20",2.46318812583336,0.0196078431372549
2022-12-25,2023-01-07,13,"member_21",2.61190634054931,0.0196078431372549
2022-12-25,2023-01-07,13,"member_22",2.7012563416808,0.0196078431372549
2022-12-25,2023-01-07,13,"member_23",2.17528425012016,0.0196078431372549
2022-12-25,2023-01-07,13,"member_24",2.00337853469031,0.0196078431372549
2022-12-25,2023-01-07,13,"member_25",2.10451517923195,0.0196078431372549
2022-12-25,2023-01-07,13,"member_26",2.12151275560052,0.0196078431372549
2022-12-25,2023-01-07,13,"member_27",2.15647491816266,0.0196078431372549
2022-12-25,2023-01-07,13,"member_28",2.02216823153368,0.0196078431372549
2022-12-25,2023-01-07,13,"member_29",2.71324501797931,0.0196078431372549
2022-12-25,2023-01-07,13,"member_30",2.16188521089091,0.0196078431372549
2022-12-25,2023-01-07,13,"member_31",2.32651521984408,0.0196078431372549
2022-12-25,2023-01-07,13,"member_32",1.53484905544303,0.0196078431372549
2022-12-25,2023-01-07,13,"member_33",2.27002961770953,0.0196078431372549
2022-12-25,2023-01-07,13,"member_34",2.00126882926646,0.0196078431372549
2022-12-25,2023-01-07,13,"member_35",1.86939543687103,0.0196078431372549
2022-12-25,2023-01-07,13,"member_36",2.96478970184494,0.0196078431372549
2022-12-25,2023-01-07,13,"member_37",2.73274281369258,0.0196078431372549
2022-12-25,2023-01-07,13,"member_38",2.34165555447549,0.0196078431372549
2022-12-25,2023-01-07,13,"member_39",2.53444058491028,0.0196078431372549
2022-12-25,2023-01-07,13,"member_40",2.80902611844221,0.0196078431372549
2022-12-25,2023-01-07,13,"member_41",2.41828262215941,0.0196078431372549
2022-12-25,2023-01-07,13,"member_42",2.0023242383354,0.0196078431372549
2022-12-25,2023-01-07,13,"member_43",2.26273918444685,0.0196078431372549
2022-12-25,2023-01-07,13,"member_44",1.86939543687103,0.0196078431372549
2022-12-25,2023-01-07,13,"member_45",2.12244864710543,0.0196078431372549
2022-12-25,2023-01-07,13,"member_46",2.10165394695092,0.0196078431372549
2022-12-25,2023-01-07,13,"member_47",2.29316587107755,0.0196078431372549
2022-12-25,2023-01-07,13,"member_48",2.31654963334442,0.0196078431372549
2022-12-25,2023-01-07,13,"member_49",2.03040720707823,0.0196078431372549
2022-12-25,2023-01-07,13,"member_50",1.45606817758991,0.0196078431372549
2022-12-25,2023-01-08,14,"member_00",2.19722457733622,0.0196078431372549
2022-12-25,2023-01-08,14,"member_01",3.12215840536639,0.0196078431372549
2022-12-25,2023-01-08,14,"member_02",2.3150076129926,0.0196078431372549
2022-12-25,2023-01-08,14,"member_03",1.9436755112539,0.0196078431372549
2022-12-25,2023-01-08,14,"member_04",1.48832903980813,0.0196078431372549
2022-12-25,2023-01-08,14,"member_05",1.75191356068086,0.0196078431372549
2022-12-25,2023-01-08,14,"member_06",1.7982487846678,0.0196078431372549
2022-12-25,2023-01-08,14,"member_07",1.79436025092811,0.0196078431372549
2022-12-25,2023-01-08,14,"member_08",2.45851989461481,0.0196078431372549
2022-12-25,2023-01-08,14,"member_09",1.85360883094039,0.0196078431372549
2022-12-25,2023-01-08,14,"member_10",2.19982535903628,0.0196078431372549
2022-12-25,2023-01-08,14,"member_11",2.10356234447668,0.0196078431372549
2022-12-25,2023-01-08,14,"member_12",2.24303411336751,0.0196078431372549
2022-12-25,2023-01-08,14,"member_13",2.42797798896457,0.0196078431372549
2022-12-25,2023-01-08,14,"member_14",2.50105165659581,0.0196078431372549
2022-12-25,2023-01-08,14,"member_15",2.56374671149578,0.0196078431372549
2022-12-25,2023-01-08,14,"member_16",2.4901014666651,0.0196078431372549
2022-12-25,2023-01-08,14,"member_17",2.3587881895526,0.0196078431372549
2022-12-25,2023-01-08,14,"member_18",1.67006253425054,0.0196078431372549
2022-12-25,2023-01-08,14,"member_19",2.48164613173807,0.0196078431372549
2022-12-25,2023-01-08,14,"member_20",2.36394473873185,0.0196078431372549
2022-12-25,2023-01-08,14,"member_21",2.51694013827518,0.0196078431372549
2022-12-25,2023-01-08,14,"member_22",2.59280300997258,0.0196078431372549
2022-12-25,2023-01-08,14,"member_23",2.17528425012016,0.0196078431372549
2022-12-25,2023-01-08,14,"member_24",2.36394473873185,0.0196078431372549
2022-12-25,2023-01-08,14,"member_25",2.00548379862577,0.0196078431372549
2022-12-25,2023-01-08,14,"member_26",2.02526580757781,0.0196078431372549
2022-12-25,2023-01-08,14,"member_27",2.11305008168179,0.0196078431372549
2022-12-25,2023-01-08,14,"member_28",1.9256163297155,0.0196078431372549
2022-12-25,2023-01-08,14,"member_29",2.65894748809448,0.0196078431372549
2022-12-25,2023-01-08,14,"member_30",2.08819220520002,0.0196078431372549
2022-12-25,2023-01-08,14,"member_31",2.45046615980771,0.0196078431372549
2022-12-25,2023-01-08,14,"member_32",1.44138901492686,0.0196078431372549
2022-12-25,2023-01-08,14,"member_33",2.16994615915254,0.0196078431372549
2022-12-25,2023-01-08,14,"member_34",1.90606424050811,0.0196078431372549
2022-12-25,2023-01-08,14,"member_35",1.77203496388028,0.0196078431372549
2022-12-25,2023-01-08,14,"member_36",2.84281780846499,0.0196078431372549
2022-12-25,2023-01-08,14,"member_37",2.61305247247993,0.0196078431372549
2022-12-25,2023-01-08,14,"member_38",2.24303411336751,0.0196078431372549
2022-12-25,2023-01-08,14,"member_39",2.47968470580685,0.0196078431372549
2022-12-25,2023-01-08,14,"member_40",2.69968195143169,0.0196078431372549
2022-12-25,2023-01-08,14,"member_41",2.38430907883473,0.0196078431372549
2022-12-25,2023-01-08,14,"member_42",1.91416145074073,0.0196078431372549
2022-12-25,2023-01-08,14,"member_43",2.51630942239176,0.0196078431372549
2022-12-25,2023-01-08,14,"member_44",1.77468748532941,0.0196078431372549
2022-12-25,2023-01-08,14,"member_45",2.02732554054082,0.0196078431372549
2022-12-25,2023-01-08,14,"member_46",2.00758463973458,0.0196078431372549
2022-12-25,2023-01-08,14,"member_47",2.19722457733622,0.0196078431372549
2022-12-25,2023-01-08,14,"member_48",2.26436388017385,0.0196078431372549
2022-12-25,2023-01-08,14,"member_49",2.11776040598197,0.0196078431372549
2022-12-25,2023-01-08,14,"member_50",1.36457583716525,0.0196078431372549
2022-12-25,2023-01-09,15,"member_00",2.15828160338761,0.0196078431372549
2022-12-25,2023-01-09,15,"member_01",3.16659520112613,0.0196078431372549
2022-12-25,2023-01-09,15,"member_02",2.27002961770953,0.0196078431372549
2022-12-25,2023-01-09,15,"member_03",1.84376865313887,0.0196078431372549
2022-12-25,2023-01-09,15,"member_04",1.39601261058881,0.0196078431372549
2022-12-25,2023-01-09,15,"member_05",1.72164990304103,0.0196078431372549
2022-12-25,2023-01-09,15,"member_06",1.70190314010619,0.0196078431372549
2022-12-25,2023-01-09,15,"member_07",1.7104138297741,0.0196078431372549
2022-12-25,2023-01-09,15,"member_08",2.35434702755264,0.0196078431372549
2022-12-25,2023-01-09,15,"member_09",1.81873605692626,0.0196078431372549
2022-12-25,2023-01-09,15,"member_10",2.22462355152433,0.0196078431372549
2022-12-25,2023-01-09,15,"member_11",2.00337853469031,0.0196078431372549
2022-12-25,2023-01-09,15,"member_12",2.14556571906231,0.0196078431372549
2022-12-25,2023-01-09,15,"member_13",2.72098699213293,0.0196078431372549
2022-12-25,2023-01-09,15,"member_14",2.39362480367492,0.0196078431372549
2022-12-25,2023-01-09,15,"member_15",2.45985590015755,0.0196078431372549
2022-12-25,2023-01-09,15,"member_16",2.38358887714713,0.0196078431372549
2022-12-25,2023-01-09,15,"member_17",2.25866585905921,0.0196078431372549
2022-12-25,2023-01-09,15,"member_18",1.5889162767133,0.0196078431372549
2022-12-25,2023-01-09,15,"member_19",2.45315795147342,0.0196078431372549
2022-12-25,2023-01-09,15,"member_20",2.26111184478747,0.0196078431372549
2022-12-25,2023-01-09,15,"member_21",2.41479708360097,0.0196078431372549
2022-12-25,2023-01-09,15,"member_22",2.50616348881342,0.0196078431372549
2022-12-25,2023-01-09,15,"member_23",2.22039163661775,0.0196078431372549
2022-12-25,2023-01-09,15,"member_24",2.8094968174389,0.0196078431372549
2022-12-25,2023-01-09,15,"member_25",1.99171968508661,0.0196078431372549
2022-12-25,2023-01-09,15,"member_26",1.95147499368872,0.0196078431372549
2022-12-25,2023-01-09,15,"member_27",2.34015179479363,0.0196078431372549
2022-12-25,2023-01-09,15,"member_28",2.02938103972292,0.0196078431372549
2022-12-25,2023-01-09,15,"member_29",2.59338729278207,0.0196078431372549
2022-12-25,2023-01-09,15,"member_30",1.98958521255797,0.0196078431372549
2022-12-25,2023-01-09,15,"member_31",2.7408400239252,0.0196078431372549
2022-12-25,2023-01-09,15,"member_32",1.35050525326831,0.0196078431372549
2022-12-25,2023-01-09,15,"member_33",2.07061362755627,0.0196078431372549
2022-12-25,2023-01-09,15,"member_34",1.80982447662569,0.0196078431372549
2022-12-25,2023-01-09,15,"member_35",1.67592765370293,0.0196078431372549
2022-12-25,2023-01-09,15,"member_36",2.72560356868311,0.0196078431372549
2022-12-25,2023-01-09,15,"member_37",2.49526943682355,0.0196078431372549
2022-12-25,2023-01-09,15,"member_38",2.14006616349627,0.0196078431372549
2022-12-25,2023-01-09,15,"member_39",2.37635818765399,0.0196078431372549
2022-12-25,2023-01-09,15,"member_40",2.58987646413201,0.0196078431372549
2022-12-25,2023-01-09,15,"member_41",2.52510344891434,0.0196078431372549
2022-12-25,2023-01-09,15,"member_42",1.91416145074073,0.0196078431372549
2022-12-25,2023-01-09,15,"member_43",2.46518214444022,0.0196078431372549
2022-12-25,2023-01-09,15,"member_44",1.67884736380627,0.0196078431372549
2022-12-25,2023-01-09,15,"member_45",1.92902736201656,0.0196078431372549
2022-12-25,2023-01-09,15,"member_46",1.90954250488444,0.0196078431372549
2022-12-25,2023-01-09,15,"member_47",2.10641812937804,0.0196078431372549
2022-12-25,2023-01-09,15,"member_48",2.3587881895526,0.0196078431372549
2022-12-25,2023-01-09,15,"member_49",2.11587893788227,0.0196078431372549
2022-12-25,2023-01-09,15,"member_50",1.27265312697459,0.0196078431372549
2022-12-25,2023-01-10,16,"member_00",2.05971703633206,0.0196078431372549
2022-12-25,2023-01-10,16,"member_01",3.07961375753469,0.0196078431372549
2022-12-25,2023-01-10,16,"member_02",2.18675327746892,0.0196078431372549
2022-12-25,2023-01-10,16,"member_03",1.76269533628414,0.0196078431372549
2022-12-25,2023-01-10,16,"member_04",1.30494872166594,0.0196078431372549
2022-12-25,2023-01-10,16,"member_05",1.66119984699269,0.0196078431372549
2022-12-25,2023-01-10,16,"member_06",1.61099919300105,0.0196078431372549
2022-12-25,2023-01-10,16,"member_07",1.98958521255797,0.0196078431372549
2022-12-25,2023-01-10,16,"member_08",2.39789527279837,0.0196078431372549
2022-12-25,2023-01-10,16,"member_09",1.88730636343756,0.0196078431372549
2022-12-25,2023-01-10,16,"member_10",2.22967832218596,0.0196078431372549
2022-12-25,2023-01-10,16,"member_11",1.90490212532794,0.0196078431372549
2022-12-25,2023-01-10,16,"member_12",2.04567467920902,0.0196078431372549
2022-12-25,2023-01-10,16,"member_13",2.61476921109898,0.0196078431372549
2022-12-25,2023-01-10,16,"member_14",2.3196265588489,0.0196078431372549
2022-12-25,2023-01-10,16,"member_15",2.34914061936206,0.0196078431372549
2022-12-25,2023-01-10,16,"member_16",2.3993147194526,0.0196078431372549
2022-12-25,2023-01-10,16,"member_17",2.27002961770953,0.0196078431372549
2022-12-25,2023-01-10,16,"member_18",1.80982447662569,0.0196078431372549
2022-12-25,2023-01-10,16,"member_19",2.35286224628506,0.0196078431372549
2022-12-25,2023-01-10,16,"member_20",2.19722457733622,0.0196078431372549
2022-12-25,2023-01-10,16,"member_21",2.49784344081872,0.0196078431372549
2022-12-25,2023-01-10,16,"member_22",2.40073215413357,0.0196078431372549
2022-12-25,2023-01-10,16,"member_23",2.53320065914696,0.0196078431372549
2022-12-25,2023-01-10,16,"member_24",2.68699679190438,0.0196078431372549
2022-12-25,2023-01-10,16,"member_25",1.97451495963698,0.0196078431372549
2022-12-25,2023-01-10,16,"member_26",1.86818989121568,0.0196078431372549
2022-12-25,2023-01-10,16,"member_27",2.28842277918154,0.0196078431372549
2022-12-25,2023-01-10,16,"member_28",1.94143586866039,0.0196078431372549
2022-12-25,2023-01-10,16,"member_29",2.60730863130068,0.0196078431372549
2022-12-25,2023-01-10,16,"member_30",2.15194387280306,0.0196078431372549
2022-12-25,2023-01-10,16,"member_31",2.79575578152132,0.0196078431372549
2022-12-25,2023-01-10,16,"member_32",1.25721731884475,0.0196078431372549
2022-12-25,2023-01-10,16,"member_33",2.06765358592779,0.0196078431372549
2022-12-25,2023-01-10,16,"member_34",1.71323470611574,0.0196078431372549
2022-12-25,2023-01-10,16,"member_35",1.58090982881956,0.0196078431372549
2022-12-25,2023-01-10,16,"member_36",2.67522565545417,0.0196078431372549
2022-12-25,2023-01-10,16,"member_37",2.38214691583023,0.0196078431372549
2022-12-25,2023-01-10,16,"member_38",2.06170708674007,0.0196078431372549
2022-12-25,2023-01-10,16,"member_39",2.27325282759109,0.0196078431372549
2022-12-25,2023-01-10,16,"member_40",2.4829516149522,0.0196078431372549
2022-12-25,2023-01-10,16,"member_41",2.427288571495,0.0196078431372549
2022-12-25,2023-01-10,16,"member_42",1.85971013113656,0.0196078431372549
2022-12-25,2023-01-10,16,"member_43",2.36173804419902,0.0196078431372549
2022-12-25,2023-01-10,16,"member_44",1.58412010444981,0.0196078431372549
2022-12-25,2023-01-10,16,"member_45",1.83258146374831,0.0196078431372549
2022-12-25,2023-01-10,16,"member_46",1.81237875643079,0.0196078431372549
2022-12-25,2023-01-10,16,"member_47",2.00758463973458,0.0196078431372549
2022-12-25,2023-01-10,16,"member_48",2.38790232740085,0.0196078431372549
2022-12-25,2023-01-10,16,"member_49",2.44641483758853,0.0196078431372549
2022-12-25,2023-01-10,16,"member_50",1.18105595787918,0.0196078431372549
2022-12-25,2023-01-11,17,"member_00",2.01281751405124,0.0196078431372549
2022-12-25,2023-01-11,17,"member_01",2.96961286232036,0.0196078431372549
2022-12-25,2023-01-11,17,"member_02",2.26436388017385,0.0196078431372549
2022-12-25,2023-01-11,17,"member_03",2.00021230513226,0.0196078431372549
2022-12-25,2023-01-11,17,"member_04",1.21175494476799,0.0196078431372549
2022-12-25,2023-01-11,17,"member_05",1.95700904212336,0.0196078431372549
2022-12-25,2023-01-11,17,"member_06",1.51958158331224,0.0196078431372549
2022-12-25,2023-01-11,17,"member_07",1.91185464464282,0.0196078431372549
2022-12-25,2023-01-11,17,"member_08",2.5552874465498,0.0196078431372549
2022-12-25,2023-01-11,17,"member_09",1.93242679871803,0.0196078431372549
2022-12-25,2023-01-11,17,"member_10",2.22967832218596,0.0196078431372549
2022-12-25,2023-01-11,17,"member_11",1.80726365576402,0.0196078431372549
2022-12-25,2023-01-11,17,"member_12",1.95479909647256,0.0196078431372549
2022-12-25,2023-01-11,17,"member_13",2.50552593699074,0.0196078431372549
2022-12-25,2023-01-11,17,"member_14",2.43962594525484,0.0196078431372549
2022-12-25,2023-01-11,17,"member_15",2.24137436194915,0.0196078431372549
2022-12-25,2023-01-11,17,"member_16",2.39219725168373,0.0196078431372549
2022-12-25,2023-01-11,17,"member_17",2.22293293404643,0.0196078431372549
2022-12-25,2023-01-11,17,"member_18",1.73551975090518,0.0196078431372549
2022-12-25,2023-01-11,17,"member_19",2.3587881895526,0.0196078431372549
2022-12-25,2023-01-11,17,"member_20",2.10069838070525,0.0196078431372549
2022-12-25,2023-01-11,17,"member_21",2.67844973132592,0.0196078431372549
2022-12-25,2023-01-11,17,"member_22",2.29788657221249,0.0196078431372549
2022-12-25,2023-01-11,17,"member_23",2.43689743060164,0.0196078431372549
2022-12-25,2023-01-11,17,"member_24",2.56374671149578,0.0196078431372549
2022-12-25,2023-01-11,17,"member_25",2.18675327746892,0.0196078431372549
2022-12-25,2023-01-11,17,"member_26",2.06567534591569,0.0196078431372549
2022-12-25,2023-01-11,17,"member_27",2.18675327746892,0.0196078431372549
2022-12-25,2023-01-11,17,"member_28",1.99171968508661,0.0196078431372549
2022-12-25,2023-01-11,17,"member_29",2.5244778624066,0.0196078431372549
2022-12-25,2023-01-11,17,"member_30",2.47968470580685,0.0196078431372549
2022-12-25,2023-01-11,17,"member_31",2.72252822028286,0.0196078431372549
2022-12-25,2023-01-11,17,"member_32",1.16899308542991,0.0196078431372549
2022-12-25,2023-01-11,17,"member_33",2.09686695839369,0.0196078431372549
2022-12-25,2023-01-11,17,"member_34",1.61876923986298,0.0196078431372549
2022-12-25,2023-01-11,17,"member_35",1.6031682994205,0.0196078431372549
2022-12-25,2023-01-11,17,"member_36",2.62896189894991,0.0196078431372549
2022-12-25,2023-01-11,17,"member_37",2.27244799857381,0.0196078431372549
2022-12-25,2023-01-11,17,"member_38",2.06170708674007,0.0196078431372549
2022-12-25,2023-01-11,17,"member_39",2.17172869081883,0.0196078431372549
2022-12-25,2023-01-11,17,"member_40",2.37780851423163,0.0196078431372549
2022-12-25,2023-01-11,17,"member_41",2.32575215227558,0.0196078431372549
2022-12-25,2023-01-11,17,"member_42",1.77601111225992,0.0196078431372549
2022-12-25,2023-01-11,17,"member_43",2.25948185257654,0.0196078431372549
2022-12-25,2023-01-11,17,"member_44",1.49185017020671,0.0196078431372549
2022-12-25,2023-01-11,17,"member_45",1.73551975090518,0.0196078431372549
2022-12-25,2023-01-11,17,"member_46",1.71604764749236,0.0196078431372549
2022-12-25,2023-01-11,17,"member_47",1.90954250488444,0.0196078431372549
2022-12-25,2023-01-11,17,"member_48",2.2915873387845,0.0196078431372549
2022-12-25,2023-01-11,17,"member_49",2.38790232740085,0.0196078431372549
2022-12-25,2023-01-11,17,"member_50",1.09339034468696,0.0196078431372549
2022-12-25,2023-01-12,18,"member_00",1.91646294772901,0.0196078431372549
2022-12-25,2023-01-12,18,"member_01",2.9050208781124,0.0196078431372549
2022-12-25,2023-01-12,18,"member_02",2.17083782216302,0.0196078431372549
2022-12-25,2023-01-12,18,"member_03",1.9436755112539,0.0196078431372549
2022-12-25,2023-01-12,18,"member_04",1.12432064537832,0.0196078431372549
2022-12-25,2023-01-12,18,"member_05",2.0211335702929,0.0196078431372549
2022-12-25,2023-01-12,18,"member_06",1.46873803033097,0.0196078431372549
2022-12-25,2023-01-12,18,"member_07",2.12711501114919,0.0196078431372549
2022-12-25,2023-01-12,18,"member_08",2.45584251684409,0.0196078431372549
2022-12-25,2023-01-12,18,"member_09",1.84253179460148,0.0196078431372549
2022-12-25,2023-01-12,18,"member_10",2.13268605619865,0.0196078431372549
2022-12-25,2023-01-12,18,"member_11",1.71323470611574,0.0196078431372549
2022-12-25,2023-01-12,18,"member_12",1.85727407633868,0.0196078431372549
2022-12-25,2023-01-12,18,"member_13",2.39789527279837,0.0196078431372549
2022-12-25,2023-01-12,18,"member_14",2.52822552450684,0.0196078431372549
2022-12-25,2023-01-12,18,"member_15",2.13638291807997,0.0196078431372549
2022-12-25,2023-01-12,18,"member_16",2.47575027450201,0.0196078431372549
2022-12-25,2023-01-12,18,"member_17",2.12525107771113,0.0196078431372549
2022-12-25,2023-01-12,18,"member_18",2.0334794061152,0.0196078431372549
2022-12-25,2023-01-12,18,"member_19",2.25784919915265,0.0196078431372549
2022-12-25,2023-01-12,18,"member_20",2.11021320034659,0.0196078431372549
2022-12-25,2023-01-12,18,"member_21",2.71738152853109,0.0196078431372549
2022-12-25,2023-01-12,18,"member_22",2.19548695743768,0.0196078431372549
2022-12-25,2023-01-12,18,"member_23",2.33184045114284,0.0196078431372549
2022-12-25,2023-01-12,18,"member_24",2.44776710283854,0.0196078431372549
2022-12-25,2023-01-12,18,"member_25",2.14921535814986,0.0196078431372549
2022-12-25,2023-01-12,18,"member_26",1.97884397072656,0.0196078431372549
2022-12-25,2023-01-12,18,"member_27",2.08722368212189,0.0196078431372549
2022-12-25,2023-01-12,18,"member_28",1.89790092986895,0.0196078431372549
2022-12-25,2023-01-12,18,"member_29",2.74687019295179,0.0196078431372549
2022-12-25,2023-01-12,18,"member_30",2.43279064864899,0.0196078431372549
2022-12-25,2023-01-12,18,"member_31",2.72457950305342,0.0196078431372549
2022-12-25,2023-01-12,18,"member_32",1.08286393169997,0.0196078431372549
2022-12-25,2023-01-12,18,"member_33",2.00863340752867,0.0196078431372549
2022-12-25,2023-01-12,18,"member_34",1.7104138297741,0.0196078431372549
2022-12-25,2023-01-12,18,"member_35",1.51099783962085,0.0196078431372549
2022-12-25,2023-01-12,18,"member_36",2.57808387464218,0.0196078431372549
2022-12-25,2023-01-12,18,"member_37",2.16726638979543,0.0196078431372549
2022-12-25,2023-01-12,18,"member_38",2.07159836421881,0.0196078431372549
2022-12-25,2023-01-12,18,"member_39",2.07159836421881,0.0196078431372549
2022-12-25,2023-01-12,18,"member_40",2.27405700937951,0.0196078431372549
2022-12-25,2023-01-12,18,"member_41",2.22546778964961,0.0196078431372549
2022-12-25,2023-01-12,18,"member_42",1.68175857401373,0.0196078431372549
2022-12-25,2023-01-12,18,"member_43",2.15828160338761,0.0196078431372549
2022-12-25,2023-01-12,18,"member_44",1.39794497833987,0.0196078431372549
2022-12-25,2023-01-12,18,"member_45",1.64020957110085,0.0196078431372549
2022-12-25,2023-01-12,18,"member_46",1.62186043243266,0.0196078431372549
2022-12-25,2023-01-12,18,"member_47",1.81237875643079,0.0196078431372549
2022-12-25,2023-01-12,18,"member_48",2.19200263335507,0.0196078431372549
2022-12-25,2023-01-12,18,"member_49",2.28524817334077,0.0196078431372549
2022-12-25,2023-01-12,18,"member_50",1.00875595954625,0.0196078431372549
2022-12-25,2023-01-13,19,"member_00",1.82000268154145,0.0196078431372549
2022-12-25,2023-01-13,19,"member_01",2.99963091396965,0.0196078431372549
2022-12-25,2023-01-13,19,"member_02",2.14739220358834,0.0196078431372549
2022-12-25,2023-01-13,19,"member_03",1.84747007624206,0.0196078431372549
2022-12-25,2023-01-13,19,"member_04",1.04512360371712,0.0196078431372549
2022-12-25,2023-01-13,19,"member_05",1.94813980438258,0.0196078431372549
2022-12-25,2023-01-13,19,"member_06",1.46873803033097,0.0196078431372549
2022-12-25,2023-01-13,19,"member_07",2.0334794061152,0.0196078431372549
2022-12-25,2023-01-13,19,"member_08",2.42452613879909,0.0196078431372549
2022-12-25,2023-01-13,19,"member_09",1.74919985480926,0.0196078431372549
2022-12-25,2023-01-13,19,"member_10",2.035522307745,0.0196078431372549
2022-12-25,2023-01-13,19,"member_11",1.61876923986298,0.0196078431372549
2022-12-25,2023-01-13,19,"member_12",1.76001077091347,0.0196078431372549
2022-12-25,2023-01-13,19,"member_13",2.29316587107755,0.0196078431372549
2022-12-25,2023-01-13,19,"member_14",2.52947163058709,0.0196078431372549
2022-12-25,2023-01-13,19,"member_15",2.0334794061152,0.0196078431372549
2022-12-25,2023-01-13,19,"member_16",2.59804930588788,0.0196078431372549
2022-12-25,2023-01-13,19,"member_17",2.08528381730406,0.0196078431372549
2022-12-25,2023-01-13,19,"member_18",1.98100146886658,0.0196078431372549
2022-12-25,2023-01-13,19,"member_19",2.15466496291742,0.0196078431372549
2022-12-25,2023-01-13,19,"member_20",2.06567534591569,0.0196078431372549
2022-12-25,2023-01-13,19,"member_21",2.65894748809448,0.0196078431372549
2022-12-25,2023-01-13,19,"member_22",2.11021320034659,0.0196078431372549
2022-12-25,2023-01-13,19,"member_23",2.22799623600297,0.0196078431372549
2022-12-25,2023-01-13,19,"member_24",2.33638247257734,0.0196078431372549
2022-12-25,2023-01-13,19,"member_25",2.22967832218596,0.0196078431372549
2022-12-25,2023-01-13,19,"member_26",1.88374975032271,0.0196078431372549
2022-12-25,2023-01-13,19,"member_27",1.98744617430923,0.0196078431372549
2022-12-25,2023-01-13,19,"member_28",1.94143586866039,0.0196078431372549
2022-12-25,2023-01-13,19,"member_29",3.10093652700351,0.0196078431372549
2022-12-25,2023-01-13,19,"member_30",2.33939906611676,0.0196078431372549
2022-12-25,2023-01-13,19,"member_31",2.62330897264712,0.0196078431372549
2022-12-25,2023-01-13,19,"member_32",1.00017221585486,0.0196078431372549
2022-12-25,2023-01-13,19,"member_33",1.91185464464282,0.0196078431372549
2022-12-25,2023-01-13,19,"member_34",1.61876923986298,0.0196078431372549
2022-12-25,2023-01-13,19,"member_35",1.42084674262655,0.0196078431372549
2022-12-25,2023-01-13,19,"member_36",2.56013007102559,0.0196078431372549
2022-12-25,2023-01-13,19,"member_37",2.12525107771113,0.0196078431372549
2022-12-25,2023-01-13,19,"member_38",2.05572501506252,0.0196078431372549
2022-12-25,2023-01-13,19,"member_39",1.97451495963698,0.0196078431372549
2022-12-25,2023-01-13,19,"member_40",2.17261876653402,0.0196078431372549
2022-12-25,2023-01-13,19,"member_41",2.12525107771113,0.0196078431372549
2022-12-25,2023-01-13,19,"member_42",1.71323470611574,0.0196078431372549
2022-12-25,2023-01-13,19,"member_43",2.05772301772519,0.0196078431372549
2022-12-25,2023-01-13,19,"member_44",1.30917705777546,0.0196078431372549
2022-12-25,2023-01-13,19,"member_45",1.5482271813892,0.0196078431372549
2022-12-25,2023-01-13,19,"member_46",1.59685913022724,0.0196078431372549
2022-12-25,2023-01-13,19,"member_47",1.71885269841997,0.0196078431372549
2022-12-25,2023-01-13,19,"member_48",2.09302079980622,0.0196078431372549
2022-12-25,2023-01-13,19,"member_49",2.27244799857381,0.0196078431372549
2022-12-25,2023-01-13,19,"member_50",0.928713251872712,0.0196078431372549
2022-12-25,2023-01-14,20,"member_00",1.78915190582097,0.0196078431372549
2022-12-25,2023-01-14,20,"member_01",2.91269028085186,0.0196078431372549
2022-12-25,2023-01-14,20,"member_02",2.0755276423587,0.0196078431372549
2022-12-25,2023-01-14,20,"member_03",1.75191356068086,0.0196078431372549
2022-12-25,2023-01-14,20,"member_04",1.20709293166218,0.0196078431372549
2022-12-25,2023-01-14,20,"member_05",1.85483207268313,0.0196078431372549
2022-12-25,2023-01-14,20,"member_06",1.48302398757844,0.0196078431372549
2022-12-25,2023-01-14,20,"member_07",1.98958521255797,0.0196078431372549
2022-12-25,2023-01-14,20,"member_08",2.32116147856698,0.0196078431372549
2022-12-25,2023-01-14,20,"member_09",1.65524744846539,0.0196078431372549
2022-12-25,2023-01-14,20,"member_10",1.93694147907255,0.0196078431372549
2022-12-25,2023-01-14,20,"member_11",1.52469668397901,0.0196078431372549
2022-12-25,2023-01-14,20,"member_12",1.66416281212335,0.0196078431372549
2022-12-25,2023-01-14,20,"member_13",2.19025590802013,0.0196078431372549
2022-12-25,2023-01-14,20,"member_14",2.50041083632397,0.0196078431372549
2022-12-25,2023-01-14,20,"member_15",1.9436755112539,0.0196078431372549
2022-12-25,2023-01-14,20,"member_16",2.5552874465498,0.0196078431372549
2022-12-25,2023-01-14,20,"member_17",2.18147622036808,0.0196078431372549
2022-12-25,2023-01-14,20,"member_18",1.90490212532794,0.0196078431372549
2022-12-25,2023-01-14,20,"member_19",2.05372301239185,0.0196078431372549
2022-12-25,2023-01-14,20,"member_20",1.96798610075451,0.0196078431372549
2022-12-25,2023-01-14,20,"member_21",2.55650030297501,0.0196078431372549
2022-12-25,2023-01-14,20,"member_22",2.0813927618111,0.0196078431372549
2022-12-25,2023-01-14,20,"member_23",2.15285172579324,0.0196078431372549
2022-12-25,2023-01-14,20,"member_24",2.31808927953001,0.0196078431372549
2022-12-25,2023-01-14,20,"member_25",2.5709409871298,0.0196078431372549
2022-12-25,2023-01-14,20,"member_26",1.79695428610516,0.0196078431372549
2022-12-25,2023-01-14,20,"member_27",1.89085037187229,0.0196078431372549
2022-12-25,2023-01-14,20,"member_28",1.91185464464282,0.0196078431372549
2022-12-25,2023-01-14,20,"member_29",3.22137270506679,0.0196078431372549
2022-12-25,2023-01-14,20,"member_30",2.23804657185647,0.0196078431372549
2022-12-25,2023-01-14,20,"member_31",2.52071610248471,0.0196078431372549
2022-12-25,2023-01-14,20,"member_32",0.916290731874155,0.0196078431372549
2022-12-25,2023-01-14,20,"member_33",1.81492652850959,0.0196078431372549
2022-12-25,2023-01-14,20,"member_34",1.52469668397901,0.0196078431372549
2022-12-25,2023-01-14,20,"member_35",1.33005464279701,0.0196078431372549
2022-12-25,2023-01-14,20,"member_36",2.45851989461481,0.0196078431372549
2022-12-25,2023-01-14,20,"member_37",2.02732554054082,0.0196078431372549
2022-12-25,2023-01-14,20,"member_38",2.05171699366498,0.0196078431372549
2022-12-25,2023-01-14,20,"member_39",1.87659834916508,0.0196078431372549
2022-12-25,2023-01-14,20,"member_40",2.07159836421881,0.0196078431372549
2022-12-25,2023-01-14,20,"member_41",2.02732554054082,0.0196078431372549
2022-12-25,2023-01-14,20,"member_42",1.62186043243266,0.0196078431372549
2022-12-25,2023-01-14,20,"member_43",1.95700904212336,0.0196078431372549
2022-12-25,2023-01-14,20,"member_44",1.23474446299269,0.0196078431372549
2022-12-25,2023-01-14,20,"member_45",1.4542450230284,0.0196078431372549
2022-12-25,2023-01-14,20,"member_46",1.50407739677627,0.0196078431372549
2022-12-25,2023-01-14,20,"member_47",1.62494209897007,0.0196078431372549
2022-12-25,2023-01-14,20,"member_48",1.99597501065675,0.0196078431372549
2022-12-25,2023-01-14,20,"member_49",2.19548695743768,0.0196078431372549
2022-12-25,2023-01-14,20,"member_50",0.845063222585787,0.0196078431372549
2022-12-25,2023-01-15,21,"member_00",1.69905007112379,0.0196078431372549
2022-12-25,2023-01-15,21,"member_01",2.80808405525431,0.0196078431372549
2022-12-25,2023-01-15,21,"member_02",2.32116147856698,0.0196078431372549
2022-12-25,2023-01-15,21,"member_03",1.65524744846539,0.0196078431372549
2022-12-25,2023-01-15,21,"member_04",1.15923691048454,0.0196078431372549
2022-12-25,2023-01-15,21,"member_05",1.93919119880657,0.0196078431372549
2022-12-25,2023-01-15,21,"member_06",1.39407650156195,0.0196078431372549
2022-12-25,2023-01-15,21,"member_07",2.29945519998512,0.0196078431372549
2022-12-25,2023-01-15,21,"member_08",2.21784386453895,0.0196078431372549
2022-12-25,2023-01-15,21,"member_09",1.56142869324774,0.0196078431372549
2022-12-25,2023-01-15,21,"member_10",1.84005347858701,0.0196078431372549
2022-12-25,2023-01-15,21,"member_11",1.43210389715118,0.0196078431372549
2022-12-25,2023-01-15,21,"member_12",1.5712166996139,0.0196078431372549
2022-12-25,2023-01-15,21,"member_13",2.08915979114876,0.0196078431372549
2022-12-25,2023-01-15,21,"member_14",2.46252256840446,0.0196078431372549
2022-12-25,2023-01-15,21,"member_15",1.84747007624206,0.0196078431372549
2022-12-25,2023-01-15,21,"member_16",2.45584251684409,0.0196078431372549
2022-12-25,2023-01-15,21,"member_17",2.24303411336751,0.0196078431372549
2022-12-25,2023-01-15,21,"member_18",1.82000268154145,0.0196078431372549
2022-12-25,2023-01-15,21,"member_19",1.95479909647256,0.0196078431372549
2022-12-25,2023-01-15,21,"member_20",1.86939543687103,0.0196078431372549
2022-12-25,2023-01-15,21,"member_21",2.45315795147342,0.0196078431372549
2022-12-25,2023-01-15,21,"member_22",1.98530255076597,0.0196078431372549
2022-12-25,2023-01-15,21,"member_23",2.16368215656761,0.0196078431372549
2022-12-25,2023-01-15,21,"member_24",2.21443670621734,0.0196078431372549
2022-12-25,2023-01-15,21,"member_25",2.68699679190438,0.0196078431372549
2022-12-25,2023-01-15,21,"member_26",1.70190314010619,0.0196078431372549
2022-12-25,2023-01-15,21,"member_27",1.79695428610516,0.0196078431372549
2022-12-25,2023-01-15,21,"member_28",1.89085037187229,0.0196078431372549
2022-12-25,2023-01-15,21,"member_29",3.1128206235277,0.0196078431372549
2022-12-25,2023-01-15,21,"member_30",2.13638291807997,0.0196078431372549
2022-12-25,2023-01-15,21,"member_31",2.42175605392528,0.0196078431372549
2022-12-25,2023-01-15,21,"member_32",0.897362721988636,0.0196078431372549
2022-12-25,2023-01-15,21,"member_33",1.72164990304103,0.0196078431372549
2022-12-25,2023-01-15,21,"member_34",1.43210389715118,0.0196078431372549
2022-12-25,2023-01-15,21,"member_35",1.24828868810045,0.0196078431372549
2022-12-25,2023-01-15,21,"member_36",2.35582960751286,0.0196078431372549
2022-12-25,2023-01-15,21,"member_37",1.9256163297155,0.0196078431372549
2022-12-25,2023-01-15,21,"member_38",1.95700904212336,0.0196078431372549
2022-12-25,2023-01-15,21,"member_39",1.78128816936076,0.0196078431372549
2022-12-25,2023-01-15,21,"member_40",2.02732554054082,0.0196078431372549
2022-12-25,2023-01-15,21,"member_41",1.93468668668546,0.0196078431372549
2022-12-25,2023-01-15,21,"member_42",1.53147637096439,0.0196078431372549
2022-12-25,2023-01-15,21,"member_43",1.85971013113656,0.0196078431372549
2022-12-25,2023-01-15,21,"member_44",1.18345116860514,0.0196078431372549
2022-12-25,2023-01-15,21,"member_45",1.36257783450257,0.0196078431372549
2022-12-25,2023-01-15,21,"member_46",1.41327094881809,0.0196078431372549
2022-12-25,2023-01-15,21,"member_47",1.53147637096439,0.0196078431372549
2022-12-25,2023-01-15,21,"member_48",2.11210534849863,0.0196078431372549
2022-12-25,2023-01-15,21,"member_49",2.09686695839369,0.0196078431372549
2022-12-25,2023-01-15,21,"member_50",0.768370601797533,0.0196078431372549
2022-12-25,2023-01-16,22,"member_00",1.6031682994205,0.0196078431372549
2022-12-25,2023-01-16,22,"member_01",2.70282825712106,0.0196078431372549
2022-12-25,2023-01-16,22,"member_02",2.25293518435023,0.0196078431372549
2022-12-25,2023-01-16,22,"member_03",1.56470201859271,0.0196078431372549
2022-12-25,2023-01-16,22,"member_04",1.07222553349491,0.0196078431372549
2022-12-25,2023-01-16,22,"member_05",1.84747007624206,0.0196078431372549
2022-12-25,2023-01-16,22,"member_06",1.30494872166594,0.0196078431372549
2022-12-25,2023-01-16,22,"member_07",2.54797925324308,0.0196078431372549
2022-12-25,2023-01-16,22,"member_08",2.14190271130357,0.0196078431372549
2022-12-25,2023-01-16,22,"member_09",1.46873803033097,0.0196078431372549
2022-12-25,2023-01-16,22,"member_10",1.7464787646949,0.0196078431372549
2022-12-25,2023-01-16,22,"member_11",1.34237512718506,0.0196078431372549
2022-12-25,2023-01-16,22,"member_12",1.47947158597407,0.0196078431372549
2022-12-25,2023-01-16,22,"member_13",1.98958521255797,0.0196078431372549
2022-12-25,2023-01-16,22,"member_14",2.37199454436621,0.0196078431372549
2022-12-25,2023-01-16,22,"member_15",1.74919985480926,0.0196078431372549
2022-12-25,2023-01-16,22,"member_16",2.35434702755264,0.0196078431372549
2022-12-25,2023-01-16,22,"member_17",2.14739220358834,0.0196078431372549
2022-12-25,2023-01-16,22,"member_18",1.96580030753453,0.0196078431372549
2022-12-25,2023-01-16,22,"member_19",1.94591014905531,0.0196078431372549
2022-12-25,2023-01-16,22,"member_20",1.77336210408834,0.0196078431372549
2022-12-25,2023-01-16,22,"member_21",2.35286224628506,0.0196078431372549
2022-12-25,2023-01-16,22,"member_22",1.88612223067634,0.0196078431372549
2022-12-25,2023-01-16,22,"member_23",2.09109215889981,0.0196078431372549
2022-12-25,2023-01-16,22,"member_24",2.11021320034659,0.0196078431372549
2022-12-25,2023-01-16,22,"member_25",2.65236129524162,0.0196078431372549
2022-12-25,2023-01-16,22,"member_26",1.60630801942517,0.0196078431372549
2022-12-25,2023-01-16,22,"member_27",1.99171968508661,0.0196078431372549
2022-12-25,2023-01-16,22,"member_28",1.84993010208292,0.0196078431372549
2022-12-25,2023-01-16,22,"member_29",3.08248319996265,0.0196078431372549
2022-12-25,2023-01-16,22,"member_30",2.035522307745,0.0196078431372549
2022-12-25,2023-01-16,22,"member_31",2.35730999268329,0.0196078431372549
2022-12-25,2023-01-16,22,"member_32",0.817850659060902,0.0196078431372549
2022-12-25,2023-01-16,22,"member_33",1.62801429800704,0.0196078431372549
2022-12-25,2023-01-16,22,"member_34",1.34237512718506,0.0196078431372549
2022-12-25,2023-01-16,22,"member_35",1.15923691048454,0.0196078431372549
2022-12-25,2023-01-16,22,"member_36",2.27886856637673,0.0196078431372549
2022-12-25,2023-01-16,22,"member_37",1.82756892192477,0.0196078431372549
2022-12-25,2023-01-16,22,"member_38",1.85971013113656,0.0196078431372549
2022-12-25,2023-01-16,22,"member_39",1.68466133367169,0.0196078431372549
2022-12-25,2023-01-16,22,"member_40",1.93016179208717,0.0196078431372549
2022-12-25,2023-01-16,22,"member_41",1.84500398374687,0.0196078431372549
2022-12-25,2023-01-16,22,"member_42",1.4395388756387,0.0196078431372549
2022-12-25,2023-01-16,22,"member_43",1.76269533628414,0.0196078431372549
2022-12-25,2023-01-16,22,"member_44",1.28785428830664,0.0196078431372549
2022-12-25,2023-01-16,22,"member_45",1.27483892019457,0.0196078431372549
2022-12-25,2023-01-16,22,"member_46",1.32175583998232,0.0196078431372549
2022-12-25,2023-01-16,22,"member_47",1.4395388756387,0.0196078431372549
2022-12-25,2023-01-16,22,"member_48",2.08722368212189,0.0196078431372549
2022-12-25,2023-01-16,22,"member_49",1.99809590222588,0.0196078431372549
2022-12-25,2023-01-16,22,"member_50",0.685304003098919,0.0196078431372549
2022-12-25,2023-01-17,23,"member_00",1.51099783962085,0.0196078431372549
2022-12-25,2023-01-17,23,"member_01",2.59804930588788,0.0196078431372549
2022-12-25,2023-01-17,23,"member_02",2.38646657697475,0.0196078431372549
2022-12-25,2023-01-17,23,"member_03",1.48302398757844,0.0196078431372549
2022-12-25,2023-01-17,23,"member_04",0.988611393453781,0.0196078431372549
2022-12-25,2023-01-17,23,"member_05",1.75191356068086,0.0196078431372549
2022-12-25,2023-01-17,23,"member_06",1.21175494476799,0.0196078431372549
2022-12-25,2023-01-17,23,"member_07",2.45851989461481,0.0196078431372549
2022-12-25,2023-01-17,23,"member_08",2.23804657185647,0.0196078431372549
2022-12-25,2023-01-17,23,"member_09",1.37845118365886,0.0196078431372549
2022-12-25,2023-01-17,23,"member_10",1.65225790961703,0.0196078431372549
2022-12-25,2023-01-17,23,"member_11",1.25276296849537,0.0196078431372549
2022-12-25,2023-01-17,23,"member_12",1.38629436111989,0.0196078431372549
2022-12-25,2023-01-17,23,"member_13",1.89085037187229,0.0196078431372549
2022-12-25,2023-01-17,23,"member_14",2.27244799857381,0.0196078431372549
2022-12-25,2023-01-17,23,"member_15",1.65225790961703,0.0196078431372549
2022-12-25,2023-01-17,23,"member_16",2.25293518435023,0.0196078431372549
2022-12-25,2023-01-17,23,"member_17",2.04970694273696,0.0196078431372549
2022-12-25,2023-01-17,23,"member_18",2.39505032066614,0.0196078431372549
2022-12-25,2023-01-17,23,"member_19",1.88374975032271,0.0196078431372549
2022-12-25,2023-01-17,23,"member_20",1.67884736380627,0.0196078431372549
2022-12-25,2023-01-17,23,"member_21",2.2512917986065,0.0196078431372549
2022-12-25,2023-01-17,23,"member_22",1.79175946922805,0.0196078431372549
2022-12-25,2023-01-17,23,"member_23",1.99597501065675,0.0196078431372549
2022-12-25,2023-01-17,23,"member_24",2.00653477087175,0.0196078431372549
2022-12-25,2023-01-17,23,"member_25",2.63905732961526,0.0196078431372549
2022-12-25,2023-01-17,23,"member_26",1.51444018381182,0.0196078431372549
2022-12-25,2023-01-17,23,"member_27",1.95479909647256,0.0196078431372549
2022-12-25,2023-01-17,23,"member_28",1.7546199222786,0.0196078431372549
2022-12-25,2023-01-17,23,"member_29",2.97521063783319,0.0196078431372549
2022-12-25,2023-01-17,23,"member_30",1.93694147907255,0.0196078431372549
2022-12-25,2023-01-17,23,"member_31",2.42866693146512,0.0196078431372549
2022-12-25,2023-01-17,23,"member_32",0.73895671659124,0.0196078431372549
2022-12-25,2023-01-17,23,"member_33",1.53484905544303,0.0196078431372549
2022-12-25,2023-01-17,23,"member_34",1.45058871182529,0.0196078431372549
2022-12-25,2023-01-17,23,"member_35",1.07222553349491,0.0196078431372549
2022-12-25,2023-01-17,23,"member_36",2.17971099484351,0.0196078431372549
2022-12-25,2023-01-17,23,"member_37",1.78128816936076,0.0196078431372549
2022-12-25,2023-01-17,23,"member_38",1.77070606003022,0.0196078431372549
2022-12-25,2023-01-17,23,"member_39",1.59050990254858,0.0196078431372549
2022-12-25,2023-01-17,23,"member_40",1.83258146374831,0.0196078431372549
2022-12-25,2023-01-17,23,"member_41",1.77336210408834,0.0196078431372549
2022-12-25,2023-01-17,23,"member_42",1.34644845257269,0.0196078431372549
2022-12-25,2023-01-17,23,"member_43",1.66711702402078,0.0196078431372549
2022-12-25,2023-01-17,23,"member_44",1.5712166996139,0.0196078431372549
2022-12-25,2023-01-17,23,"member_45",1.18345116860514,0.0196078431372549
2022-12-25,2023-01-17,23,"member_46",1.23018864645683,0.0196078431372549
2022-12-25,2023-01-17,23,"member_47",1.34644845257269,0.0196078431372549
2022-12-25,2023-01-17,23,"member_48",2.03143232249348,0.0196078431372549
2022-12-25,2023-01-17,23,"member_49",1.90024011222212,0.0196078431372549
2022-12-25,2023-01-17,23,"member_50",0.611801541105993,0.0196078431372549
2022-12-25,2023-01-18,24,"member_00",1.42084674262655,0.0196078431372549
2022-12-25,2023-01-18,24,"member_01",2.49526943682355,0.0196078431372549
2022-12-25,2023-01-18,24,"member_02",2.36173804419902,0.0196078431372549
2022-12-25,2023-01-18,24,"member_03",1.39019300153555,0.0196078431372549
2022-12-25,2023-01-18,24,"member_04",0.91002111886056,0.0196078431372549
2022-12-25,2023-01-18,24,"member_05",1.65822807660353,0.0196078431372549
2022-12-25,2023-01-18,24,"member_06",1.12938394733486,0.0196078431372549
2022-12-25,2023-01-18,24,"member_07",2.40356101033405,0.0196078431372549
2022-12-25,2023-01-18,24,"member_08",2.16905370036952,0.0196078431372549
2022-12-25,2023-01-18,24,"member_09",1.28785428830664,0.0196078431372549
2022-12-25,2023-01-18,24,"member_10",1.55814461804655,0.0196078431372549
2022-12-25,2023-01-18,24,"member_11",1.16412689577874,0.0196078431372549
2022-12-25,2023-01-18,24,"member_12",1.29643803199803,0.0196078431372549
2022-12-25,2023-01-18,24,"member_13",1.79175946922805,0.0196078431372549
2022-12-25,2023-01-18,24,"member_14",2.17261876653402,0.0196078431372549
2022-12-25,2023-01-18,24,"member_15",1.55814461804655,0.0196078431372549
2022-12-25,2023-01-18,24,"member_16",2.15466496291742,0.0196078431372549
2022-12-25,2023-01-18,24,"member_17",1.95258425614301,0.0196078431372549
2022-12-25,2023-01-18,24,"member_18",2.48360371800758,0.0196078431372549
2022-12-25,2023-01-18,24,"member_19",1.83007833353019,0.0196078431372549
2022-12-25,2023-01-18,24,"member_20",1.58412010444981,0.0196078431372549
2022-12-25,2023-01-18,24,"member_21",2.15285172579324,0.0196078431372549
2022-12-25,2023-01-18,24,"member_22",1.69618883884276,0.0196078431372549
2022-12-25,2023-01-18,24,"member_23",1.91185464464282,0.0196078431372549
2022-12-25,2023-01-18,24,"member_24",1.90722500674408,0.0196078431372549
2022-12-25,2023-01-18,24,"member_25",2.53691583369882,0.0196078431372549
2022-12-25,2023-01-18,24,"member_26",1.42084674262655,0.0196078431372549
2022-12-25,2023-01-18,24,"member_27",1.99597501065675,0.0196078431372549
2022-12-25,2023-01-18,24,"member_28",1.74375025004169,0.0196078431372549
2022-12-25,2023-01-18,24,"member_29",2.87108982834671,0.0196078431372549
2022-12-25,2023-01-18,24,"member_30",1.84005347858701,0.0196078431372549
2022-12-25,2023-01-18,24,"member_31",2.45450113501989,0.0196078431372549
2022-12-25,2023-01-18,24,"member_32",0.669430653942629,0.0196078431372549
2022-12-25,2023-01-18,24,"member_33",1.44323573752003,0.0196078431372549
2022-12-25,2023-01-18,24,"member_34",1.38629436111989,0.0196078431372549
2022-12-25,2023-01-18,24,"member_35",0.994408511138107,0.0196078431372549
2022-12-25,2023-01-18,24,"member_36",2.07944154167984,0.0196078431372549
2022-12-25,2023-01-18,24,"member_37",1.68755569169805,0.0196078431372549
2022-12-25,2023-01-18,24,"member_38",1.67592765370293,0.0196078431372549
2022-12-25,2023-01-18,24,"member_39",1.49710872746018,0.0196078431372549
2022-12-25,2023-01-18,24,"member_40",1.73827078427707,0.0196078431372549
2022-12-25,2023-01-18,24,"member_41",1.77601111225992,0.0196078431372549
2022-12-25,2023-01-18,24,"member_42",1.25721731884475,0.0196078431372549
2022-12-25,2023-01-18,24,"member_43",1.57445819353807,0.0196078431372549
2022-12-25,2023-01-18,24,"member_44",1.49360609690898,0.0196078431372549
2022-12-25,2023-01-18,24,"member_45",1.09861228866811,0.0196078431372549
2022-12-25,2023-01-18,24,"member_46",1.13943428318836,0.0196078431372549
2022-12-25,2023-01-18,24,"member_47",1.25721731884475,0.0196078431372549
2022-12-25,2023-01-18,24,"member_48",2.08722368212189,0.0196078431372549
2022-12-25,2023-01-18,24,"member_49",1.8021222562636,0.0196078431372549
2022-12-25,2023-01-18,24,"member_50",0.541597282432744,0.0196078431372549
2022-12-25,2023-01-19,25,"member_00",1.33417835998088,0.0196078431372549
2022-12-25,2023-01-19,25,"member_01",2.39219725168373,0.0196078431372549
2022-12-25,2023-01-19,25,"member_02",2.28842277918154,0.0196078431372549
2022-12-25,2023-01-19,25,"member_03",1.30070243078449,0.0196078431372549
2022-12-25,2023-01-19,25,"member_04",0.824723538348665,0.0196078431372549
2022-12-25,2023-01-19,25,"member_05",1.56470201859271,0.0196078431372549
2022-12-25,2023-01-19,25,"member_06",1.04512360371712,0.0196078431372549
2022-12-25,2023-01-19,25,"member_07",2.30570522033029,0.0196078431372549
2022-12-25,2023-01-19,25,"member_08",2.16188521089091,0.0196078431372549
2022-12-25,2023-01-19,25,"member_09",1.19770319131234,0.0196078431372549
2022-12-25,2023-01-19,25,"member_10",1.46513442282767,0.0196078431372549
2022-12-25,2023-01-19,25,"member_11",1.07755887947028,0.0196078431372549
2022-12-25,2023-01-19,25,"member_12",1.20709293166218,0.0196078431372549
2022-12-25,2023-01-19,25,"member_13",1.69618883884276,0.0196078431372549
2022-12-25,2023-01-19,25,"member_14",2.0755276423587,0.0196078431372549
2022-12-25,2023-01-19,25,"member_15",1.46513442282767,0.0196078431372549
2022-12-25,2023-01-19,25,"member_16",2.11210534849863,0.0196078431372549
2022-12-25,2023-01-19,25,"member_17",1.85483207268313,0.0196078431372549
2022-12-25,2023-01-19,25,"member_18",2.47575027450201,0.0196078431372549
2022-12-25,2023-01-19,25,"member_19",1.92789164355263,0.0196078431372549
2022-12-25,2023-01-19,25,"member_20",1.49360609690898,0.0196078431372549
2022-12-25,2023-01-19,25,"member_21",2.05772301772519,0.0196078431372549
2022-12-25,2023-01-19,25,"member_22",1.60001869051761,0.0196078431372549
2022-12-25,2023-01-19,25,"member_23",2.13453619548681,0.0196078431372549
2022-12-25,2023-01-19,25,"member_24",1.80982447662569,0.0196078431372549
2022-12-25,2023-01-19,25,"member_25",2.4901014666651,0.0196078431372549
2022-12-25,2023-01-19,25,"member_26",1.33417835998088,0.0196078431372549
2022-12-25,2023-01-19,25,"member_27",1.90257383556835,0.0196078431372549
2022-12-25,2023-01-19,25,"member_28",1.93694147907255,0.0196078431372549
2022-12-25,2023-01-19,25,"member_29",2.76474554477876,0.0196078431372549
2022-12-25,2023-01-19,25,"member_30",1.7464787646949,0.0196078431372549
2022-12-25,2023-01-19,25,"member_31",2.38646657697475,0.0196078431372549
2022-12-25,2023-01-19,25,"member_32",0.594707107746693,0.0196078431372549
2022-12-25,2023-01-19,25,"member_33",1.36257783450257,0.0196078431372549
2022-12-25,2023-01-19,25,"member_34",1.36656985577211,0.0196078431372549
2022-12-25,2023-01-19,25,"member_35",0.916290731874155,0.0196078431372549
2022-12-25,2023-01-19,25,"member_36",1.98100146886658,0.0196078431372549
2022-12-25,2023-01-19,25,"member_37",1.6933193964148,0.0196078431372549
2022-12-25,2023-01-19,25,"member_38",1.58090982881956,0.0196078431372549
2022-12-25,2023-01-19,25,"member_39",1.40563732396302,0.0196078431372549
2022-12-25,2023-01-19,25,"member_40",1.64323529201739,0.0196078431372549
2022-12-25,2023-01-19,25,"member_41",1.83258146374831,0.0196078431372549
2022-12-25,2023-01-19,25,"member_42",1.1738357099057,0.0196078431372549
2022-12-25,2023-01-19,25,"member_43",1.47947158597407,0.0196078431372549
2022-12-25,2023-01-19,25,"member_44",1.71323470611574,0.0196078431372549
2022-12-25,2023-01-19,25,"member_45",1.01726664921416,0.0196078431372549
2022-12-25,2023-01-19,25,"member_46",1.06147274171865,0.0196078431372549
2022-12-25,2023-01-19,25,"member_47",1.18345116860514,0.0196078431372549
2022-12-25,2023-01-19,25,"member_48",1.99384961134443,0.0196078431372549
2022-12-25,2023-01-19,25,"member_49",1.70758497357363,0.0196078431372549
2022-12-25,2023-01-19,25,"member_50",0.475845904869964,0.0196078431372549
2022-12-25,2023-01-20,26,"member_00",1.61255803977034,0.0196078431372549
2022-12-25,2023-01-20,26,"member_01",2.2915873387845,0.0196078431372549
2022-12-25,2023-01-20,26,"member_02",2.18850612629634,0.0196078431372549
2022-12-25,2023-01-20,26,"member_03",1.21175494476799,0.0196078431372549
2022-12-25,2023-01-20,26,"member_04",0.746391695078758,0.0196078431372549
2022-12-25,2023-01-20,26,"member_05",1.47232869846169,0.0196078431372549
2022-12-25,2023-01-20,26,"member_06",0.959110729057083,0.0196078431372549
2022-12-25,2023-01-20,26,"member_07",2.20930410299082,0.0196078431372549
2022-12-25,2023-01-20,26,"member_08",2.11587893788227,0.0196078431372549
2022-12-25,2023-01-20,26,"member_09",1.11411647520407,0.0196078431372549
2022-12-25,2023-01-20,26,"member_10",1.37450640536785,0.0196078431372549
2022-12-25,2023-01-20,26,"member_11",0.994408511138107,0.0196078431372549
2022-12-25,2023-01-20,26,"member_12",1.12432064537832,0.0196078431372549
2022-12-25,2023-01-20,26,"member_13",1.6031682994205,0.0196078431372549
2022-12-25,2023-01-20,26,"member_14",1.97668180772207,0.0196078431372549
2022-12-25,2023-01-20,26,"member_15",1.38238046179875,0.0196078431372549
2022-12-25,2023-01-20,26,"member_16",2.02526580757781,0.0196078431372549
2022-12-25,2023-01-20,26,"member_17",1.76001077091347,0.0196078431372549
2022-12-25,2023-01-20,26,"member_18",2.49784344081872,0.0196078431372549
2022-12-25,2023-01-20,26,"member_19",1.94143586866039,0.0196078431372549
2022-12-25,2023-01-20,26,"member_20",1.40179854765586,0.0196078431372549
2022-12-25,2023-01-20,26,"member_21",1.96141433559128,0.0196078431372549
2022-12-25,2023-01-20,26,"member_22",1.50754360475276,0.0196078431372549
2022-12-25,2023-01-20,26,"member_23",2.04567467920902,0.0196078431372549
2022-12-25,2023-01-20,26,"member_24",1.71323470611574,0.0196078431372549
2022-12-25,2023-01-20,26,"member_25",2.42036812865043,0.0196078431372549
2022-12-25,2023-01-20,26,"member_26",1.24828868810045,0.0196078431372549
2022-12-25,2023-01-20,26,"member_27",1.80726365576402,0.0196078431372549
2022-12-25,2023-01-20,26,"member_28",1.84747007624206,0.0196078431372549
2022-12-25,2023-01-20,26,"member_29",2.66004098191585,0.0196078431372549
2022-12-25,2023-01-20,26,"member_30",1.65822807660353,0.0196078431372549
2022-12-25,2023-01-20,26,"member_31",2.42175605392528,0.0196078431372549
2022-12-25,2023-01-20,26,"member_32",0.532464798869472,0.0196078431372549
2022-12-25,2023-01-20,26,"member_33",1.27046254559477,0.0196078431372549
2022-12-25,2023-01-20,26,"member_34",1.29643803199803,0.0196078431372549
2022-12-25,2023-01-20,26,"member_35",1.42836557504058,0.0196078431372549
2022-12-25,2023-01-20,26,"member_36",1.90954250488444,0.0196078431372549
2022-12-25,2023-01-20,26,"member_37",1.6031682994205,0.0196078431372549
2022-12-25,2023-01-20,26,"member_38",1.49009115480153,0.0196078431372549
2022-12-25,2023-01-20,26,"member_39",1.31758046857184,0.0196078431372549
2022-12-25,2023-01-20,26,"member_40",1.5515439340152,0.0196078431372549
2022-12-25,2023-01-20,26,"member_41",1.86214026598985,0.0196078431372549
2022-12-25,2023-01-20,26,"member_42",1.10380710554521,0.0196078431372549
2022-12-25,2023-01-20,26,"member_43",1.40563732396302,0.0196078431372549
2022-12-25,2023-01-20,26,"member_44",1.77865312172275,0.0196078431372549
2022-12-25,2023-01-20,26,"member_45",0.934867117447091,0.0196078431372549
2022-12-25,2023-01-20,26,"member_46",0.97691535369059,0.0196078431372549
2022-12-25,2023-01-20,26,"member_47",1.11411647520407,0.0196078431372549
2022-12-25,2023-01-20,26,"member_48",1.89790092986895,0.0196078431372549
2022-12-25,2023-01-20,26,"member_49",1.61255803977034,0.0196078431372549
2022-12-25,2023-01-20,26,"member_50",0.415827895143711,0.0196078431372549
2022-12-25,2023-01-21,27,"member_00",1.71323470611574,0.0196078431372549
2022-12-25,2023-01-21,27,"member_01",2.19025590802013,0.0196078431372549
2022-12-25,2023-01-21,27,"member_02",2.08915979114876,0.0196078431372549
2022-12-25,2023-01-21,27,"member_03",1.12938394733486,0.0196078431372549
2022-12-25,2023-01-21,27,"member_04",0.677398823591806,0.0196078431372549
2022-12-25,2023-01-21,27,"member_05",1.38238046179875,0.0196078431372549
2022-12-25,2023-01-21,27,"member_06",0.91002111886056,0.0196078431372549
2022-12-25,2023-01-21,27,"member_07",2.13268605619865,0.0196078431372549
2022-12-25,2023-01-21,27,"member_08",2.18675327746892,0.0196078431372549
2022-12-25,2023-01-21,27,"member_09",1.02850272248108,0.0196078431372549
2022-12-25,2023-01-21,27,"member_10",1.28785428830664,0.0196078431372549
2022-12-25,2023-01-21,27,"member_11",0.916290731874155,0.0196078431372549
2022-12-25,2023-01-21,27,"member_12",1.03961394790615,0.0196078431372549
2022-12-25,2023-01-21,27,"member_13",1.51099783962085,0.0196078431372549
2022-12-25,2023-01-21,27,"member_14",1.88137162791774,0.0196078431372549
2022-12-25,2023-01-21,27,"member_15",1.29215537020603,0.0196078431372549
2022-12-25,2023-01-21,27,"member_16",1.93016179208717,0.0196078431372549
2022-12-25,2023-01-21,27,"member_17",1.66416281212335,0.0196078431372549
2022-12-25,2023-01-21,27,"member_18",2.45851989461481,0.0196078431372549
2022-12-25,2023-01-21,27,"member_19",1.84747007624206,0.0196078431372549
2022-12-25,2023-01-21,27,"member_20",1.3133875903118,0.0196078431372549
2022-12-25,2023-01-21,27,"member_21",1.86456450960136,0.0196078431372549
2022-12-25,2023-01-21,27,"member_22",1.42836557504058,0.0196078431372549
2022-12-25,2023-01-21,27,"member_23",2.09109215889981,0.0196078431372549
2022-12-25,2023-01-21,27,"member_24",1.61566846218474,0.0196078431372549
2022-12-25,2023-01-21,27,"member_25",2.3196265588489,0.0196078431372549
2022-12-25,2023-01-21,27,"member_26",1.16412689577874,0.0196078431372549
2022-12-25,2023-01-21,27,"member_27",1.7464787646949,0.0196078431372549
2022-12-25,2023-01-21,27,"member_28",1.82756892192477,0.0196078431372549
2022-12-25,2023-01-21,27,"member_29",2.55650030297501,0.0196078431372549
2022-12-25,2023-01-21,27,"member_30",1.59685913022724,0.0196078431372549
2022-12-25,2023-01-21,27,"member_31",2.43962594525484,0.0196078431372549
2022-12-25,2023-01-21,27,"member_32",1.12938394733486,0.0196078431372549
2022-12-25,2023-01-21,27,"member_33",1.17865499634165,0.0196078431372549
2022-12-25,2023-01-21,27,"member_34",1.21175494476799,0.0196078431372549
2022-12-25,2023-01-21,27,"member_35",1.60001869051761,0.0196078431372549
2022-12-25,2023-01-21,27,"member_36",1.82000268154145,0.0196078431372549
2022-12-25,2023-01-21,27,"member_37",1.50754360475276,0.0196078431372549
2022-12-25,2023-01-21,27,"member_38",1.39794497833987,0.0196078431372549
2022-12-25,2023-01-21,27,"member_39",1.22561197942942,0.0196078431372549
2022-12-25,2023-01-21,27,"member_40",1.4578880143069,0.0196078431372549
2022-12-25,2023-01-21,27,"member_41",1.77070606003022,0.0196078431372549
2022-12-25,2023-01-21,27,"member_42",1.01726664921416,0.0196078431372549
2022-12-25,2023-01-21,27,"member_43",1.31758046857184,0.0196078431372549
2022-12-25,2023-01-21,27,"member_44",1.94813980438258,0.0196078431372549
2022-12-25,2023-01-21,27,"member_45",0.91002111886056,0.0196078431372549
2022-12-25,2023-01-21,27,"member_46",0.903711949667295,0.0196078431372549
2022-12-25,2023-01-21,27,"member_47",1.15432289568212,0.0196078431372549
2022-12-25,2023-01-21,27,"member_48",1.8021222562636,0.0196078431372549
2022-12-25,2023-01-21,27,"member_49",1.5548497221497,0.0196078431372549
2022-12-25,2023-01-21,27,"member_50",0.373716409793584,0.0196078431372549
2022-12-25,2023-01-22,28,"member_00",1.69905007112379,0.0196078431372549
2022-12-25,2023-01-22,28,"member_01",2.09302079980622,0.0196078431372549
2022-12-25,2023-01-22,28,"member_02",1.99171968508661,0.0196078431372549
2022-12-25,2023-01-22,28,"member_03",1.04512360371712,0.0196078431372549
2022-12-25,2023-01-22,28,"member_04",0.628608659422374,0.0196078431372549
2022-12-25,2023-01-22,28,"member_05",1.29215537020603,0.0196078431372549
2022-12-25,2023-01-22,28,"member_06",0.831549503419064,0.0196078431372549
2022-12-25,2023-01-22,28,"member_07",2.18675327746892,0.0196078431372549
2022-12-25,2023-01-22,28,"member_08",2.11776040598197,0.0196078431372549
2022-12-25,2023-01-22,28,"member_09",0.959110729057083,0.0196078431372549
2022-12-25,2023-01-22,28,"member_10",1.19297505011639,0.0196078431372549
2022-12-25,2023-01-22,28,"member_11",0.838329190404443,0.0196078431372549
2022-12-25,2023-01-22,28,"member_12",0.959110729057083,0.0196078431372549
2022-12-25,2023-01-22,28,"member_13",1.42084674262655,0.0196078431372549
2022-12-25,2023-01-22,28,"member_14",1.78391629176703,0.0196078431372549
2022-12-25,2023-01-22,28,"member_15",1.19770319131234,0.0196078431372549
2022-12-25,2023-01-22,28,"member_16",1.85727407633868,0.0196078431372549
2022-12-25,2023-01-22,28,"member_17",1.57445819353807,0.0196078431372549
2022-12-25,2023-01-22,28,"member_18",2.48620788614597,0.0196078431372549
2022-12-25,2023-01-22,28,"member_19",1.75191356068086,0.0196078431372549
2022-12-25,2023-01-22,28,"member_20",1.22561197942942,0.0196078431372549
2022-12-25,2023-01-22,28,"member_21",1.76804294261074,0.0196078431372549
2022-12-25,2023-01-22,28,"member_22",1.35050525326831,0.0196078431372549
2022-12-25,2023-01-22,28,"member_23",2.12711501114919,0.0196078431372549
2022-12-25,2023-01-22,28,"member_24",1.5212895256574,0.0196078431372549
2022-12-25,2023-01-22,28,"member_25",2.21954310029192,0.0196078431372549
2022-12-25,2023-01-22,28,"member_26",1.32175583998232,0.0196078431372549
2022-12-25,2023-01-22,28,"member_27",2.10069838070525,0.0196078431372549
2022-12-25,2023-01-22,28,"member_28",1.7464787646949,0.0196078431372549
2022-12-25,2023-01-22,28,"member_29",2.45450113501989,0.0196078431372549
2022-12-25,2023-01-22,28,"member_30",1.51099783962085,0.0196078431372549
2022-12-25,2023-01-22,28,"member_31",2.34240658718072,0.0196078431372549
2022-12-25,2023-01-22,28,"member_32",1.85483207268313,0.0196078431372549
2022-12-25,2023-01-22,28,"member_33",1.09861228866811,0.0196078431372549
2022-12-25,2023-01-22,28,"member_34",1.60001869051761,0.0196078431372549
2022-12-25,2023-01-22,28,"member_35",1.94143586866039,0.0196078431372549
2022-12-25,2023-01-22,28,"member_36",1.7327611284661,0.0196078431372549
2022-12-25,2023-01-22,28,"member_37",1.44691898293633,0.0196078431372549
2022-12-25,2023-01-22,28,"member_38",1.31758046857184,0.0196078431372549
2022-12-25,2023-01-22,28,"member_39",1.13943428318836,0.0196078431372549
2022-12-25,2023-01-22,28,"member_40",1.36656985577211,0.0196078431372549
2022-12-25,2023-01-22,28,"member_41",1.67592765370293,0.0196078431372549
2022-12-25,2023-01-22,28,"member_42",0.934867117447091,0.0196078431372549
2022-12-25,2023-01-22,28,"member_43",1.23018864645683,0.0196078431372549
2022-12-25,2023-01-22,28,"member_44",1.93694147907255,0.0196078431372549
2022-12-25,2023-01-22,28,"member_45",0.831549503419064,0.0196078431372549
2022-12-25,2023-01-22,28,"member_46",0.858396753455252,0.0196078431372549
2022-12-25,2023-01-22,28,"member_47",1.50754360475276,0.0196078431372549
2022-12-25,2023-01-22,28,"member_48",1.77865312172275,0.0196078431372549
2022-12-25,2023-01-22,28,"member_49",1.85238409104449,0.0196078431372549
2022-12-25,2023-01-22,28,"member_50",0.362905493689368,0.0196078431372549
