"model_id","source_model_id","model_label","likelihood","fit_structure","n_cases","n_pass","n_review","n_fail","mcmc_fit_truth_mae","mcmc_forecast_truth_mae","mcmc_forecast_check_loss","vb_forecast_truth_mae","mcmc_minus_vb_forecast_truth_mae","mcmc_forecast_raw_crossing_pairs","mcmc_forecast_contract_crossing_pairs","max_abs_adjustment","vb_mcmc_max_normalized_distance","max_chain_to_pooled_normalized_distance","mean_total_runtime_minutes","total_mcmc_runtime_minutes","gate_status","mcmc_forecast_crps_grid","mcmc_abs_hit_rate_error","mcmc_abs_coverage_error"
"joint_qdesn_rhs_mcmc","joint_qdesn_rhs_vb","Joint QDESN RHS","al","joint",8,6,2,0,0.0906313430760829,0.102834093115491,0.160040014547932,0.0962015689153819,0.00663252420010873,1,0,5.07380733627549e-05,0.241947423882717,0.155995325042851,19.81624375,135.039633333333,"review",0.366452319256638,0.0194264069264069,0.0287457912457912
"qdesn_rhs_independent_mcmc","qdesn_rhs_independent_vb","Independent QDESN RHS","al","independent_single_tau",8,1,7,0,0.0941485624937491,0.097822217184015,0.159750403899528,0.0974549099338952,0.000367307250119861,37,0,0.12579218363524,0.20050941492455,0.181476149400107,21.4194104166667,149.237266666667,"review",0.365465409138409,0.0169372294372294,0.0272306397306397
"joint_exqdesn_rhs_mcmc","joint_exqdesn_rhs_vb","Joint exQDESN RHS","exal","joint",8,8,0,0,0.109022526902159,0.12327211234638,0.16076388210725,0.14535514399308,-0.0220830316467,0,0,1.77635683940025e-15,0.834735757940543,0.143341146075831,26.72800625,164.883466666667,"pass",0.366595147430699,0.0298520923520924,0.0556397306397306
"exqdesn_rhs_independent_mcmc","exqdesn_rhs_independent_vb","Independent exQDESN RHS","exal","independent_single_tau",8,7,1,0,0.104287460353093,0.107037540203064,0.159962941010105,0.136359999805388,-0.0293224596023233,0,0,1.77635683940025e-15,0.825179340443294,0.145006623659317,31.3772458333333,191.59235,"review",0.365231217155739,0.0263708513708514,0.0515993265993266
