region,fold,selected_family,AQL,AQCR,MAE,RMSE,current_authoritative_qdesn_AQL,cached_pricefm_AQL,delta_AQL_candidate_minus_current,delta_AQL_candidate_minus_pricefm,rhs_tau0,lag_window,depth,units,alpha,rho,input_scale,feature_policy,state_output,selection_source_stage,selected_atom_manifest_path,selected_atom_manifest_sha256,selected_validation_AQL,selected_validation_AQCR,selected_validation_MAE,selected_validation_RMSE,test_evidence_path,test_evidence_sha256,deprecated_R92_method_id,deprecated_R92_AQL,deprecated_R92_source_class,deprecated_R92_experiment_id,deprecated_R92_feature_policy,qdesn_method_id,qdesn_AQL,qdesn_AQCR,qdesn_MAE,qdesn_RMSE,pricefm_AQL,delta_AQL_qdesn_minus_pricefm,delta_AQL_qdesn_minus_deprecated_R92,decision_label,authority_status,authority_basis,authority_transition_rule,selected_on_split,selection_is_validation_only,same_desn_tau0_all_folds_within_region,same_likelihood_family_all_folds_within_region,test_driven_case_mixing_used,R92_case_fallback_used,test_metrics_role,r97_preregistered_performance_gate_passed,registry_mutation_authorized,article_mutation_authorized,joint_model_authorized,mcmc_authorized
AT,1,al,6.811123672807097,0.0104166666666666,16.77109930989621,24.45936210325476,6.739249934522802,7.402188067926763,0.0718737382842951,-0.5910643951196652,0.01,48,2,"[48,48]",0.35,0.82,0.2,graph_summary_mean,final_layer,R97,/data/jaguir26/local/src/Article-Q-DESN/application/data_local/pricefm/campaigns/pricefm_stage_r97_global_region_frozen_campaign_20260908/region_closeouts/AT/pricefm_stage_r97_selected_atom_manifest.csv,5264eaefe13e970059e4af43b5614b805373486d577e2d8c34beff18fa698fae,8.159388246639748,0.005734858834244,19.643706365711555,40.45214866504947,/data/jaguir26/local/src/Article-Q-DESN/application/data_local/pricefm/campaigns/pricefm_stage_r97_global_region_frozen_campaign_20260908/global_scoring/runs/region=AT/fold=1/score/test_metric.csv,8366854fc77b03d6051a91d5e3f7f9978dca6d5293662a8c9d1c253c956d9801,qdesn_exal_rhs_ns_exact_chunked,6.739249934522802,stage_m,stagec_p0_completionfolds_at_f1_core_l096_d1_n120_a0p5_r0p9_in0p50_seed20260601,target_only,qdesn_al_rhs_ns_r98_region_frozen,6.811123672807097,0.0104166666666666,16.77109930989621,24.45936210325476,7.402188067926763,-0.5910643951196652,0.07187373828429511,qdesn_wins,R98_coordinator_ready_not_integrated,prospective_region_frozen_validation_only_protocol,complete_114_case_replacement_regardless_of_performance,fold1_train_internal_temporal_validation_and_fold1_outer_validation,True,True,True,False,False,audit_and_reporting_only,False,False,False,False,False
AT,2,al,6.944002915485355,0.0546098690153568,17.068180310015823,25.06167577448265,6.87229102788184,6.992348792458196,0.0717118876035156,-0.0483458769728404,0.01,48,2,"[48,48]",0.35,0.82,0.2,graph_summary_mean,final_layer,R97,/data/jaguir26/local/src/Article-Q-DESN/application/data_local/pricefm/campaigns/pricefm_stage_r97_global_region_frozen_campaign_20260908/region_closeouts/AT/pricefm_stage_r97_selected_atom_manifest.csv,5264eaefe13e970059e4af43b5614b805373486d577e2d8c34beff18fa698fae,6.508234021287648,0.0147280092592592,15.925717647095656,23.77638714334316,/data/jaguir26/local/src/Article-Q-DESN/application/data_local/pricefm/campaigns/pricefm_stage_r97_global_region_frozen_campaign_20260908/global_scoring/runs/region=AT/fold=2/score/test_metric.csv,d91946bdc2c09be06573ac2b46c7ad0444551c0f1fe54a8af006a5ace7f2d612,qdesn_exal_rhs_ns_exact_chunked,6.87229102788184,provenance_bridge_30,stageb_lowinput_l096_d1_n120_a0p5_r0p9_in0p25_seed20260603,target_only,qdesn_al_rhs_ns_r98_region_frozen,6.944002915485355,0.0546098690153568,17.068180310015823,25.06167577448265,6.992348792458196,-0.04834587697284043,0.07171188760351566,qdesn_wins,R98_coordinator_ready_not_integrated,prospective_region_frozen_validation_only_protocol,complete_114_case_replacement_regardless_of_performance,fold1_train_internal_temporal_validation_and_fold1_outer_validation,True,True,True,False,False,audit_and_reporting_only,False,False,False,False,False
AT,3,al,9.860031874796306,0.0152692395264116,23.931786253547763,41.26707465821925,7.646580096734823,6.755037304751026,2.213451778061483,3.10499457004528,0.01,48,2,"[48,48]",0.35,0.82,0.2,graph_summary_mean,final_layer,R97,/data/jaguir26/local/src/Article-Q-DESN/application/data_local/pricefm/campaigns/pricefm_stage_r97_global_region_frozen_campaign_20260908/region_closeouts/AT/pricefm_stage_r97_selected_atom_manifest.csv,5264eaefe13e970059e4af43b5614b805373486d577e2d8c34beff18fa698fae,6.604235986818696,0.0362607271906052,16.40272810301626,24.55025437966538,/data/jaguir26/local/src/Article-Q-DESN/application/data_local/pricefm/campaigns/pricefm_stage_r97_global_region_frozen_campaign_20260908/global_scoring/runs/region=AT/fold=3/score/test_metric.csv,8a369d6c6c35d9c5ac2fc7b51c7777d5e3a09c121677cc8a8ec93ce85153104b,qdesn_exal_rhs_ns_exact_chunked,7.646580096734823,stage_m,stagec_p0_completionfolds_at_f3_core_l096_d1_n120_a0p5_r0p9_in0p50_seed20260601,target_only,qdesn_al_rhs_ns_r98_region_frozen,9.860031874796306,0.0152692395264116,23.931786253547763,41.26707465821925,6.755037304751026,3.10499457004528,2.213451778061483,pricefm_wins,R98_coordinator_ready_not_integrated,prospective_region_frozen_validation_only_protocol,complete_114_case_replacement_regardless_of_performance,fold1_train_internal_temporal_validation_and_fold1_outer_validation,True,True,True,False,False,audit_and_reporting_only,False,False,False,False,False
BE,1,exal,5.528270415765069,0.0005208333333333,13.823777710454436,20.176619975251032,5.669390199115978,5.835215611047912,-0.1411197833509092,-0.306945195282843,0.002,168,2,"[48,48]",0.4,0.95,0.25,graph_summary_mean,final_layer,R97,/data/jaguir26/local/src/Article-Q-DESN/application/data_local/pricefm/campaigns/pricefm_stage_r97_global_region_frozen_campaign_20260908/region_closeouts/BE/pricefm_stage_r97_selected_atom_manifest.csv,a0669f01ba90ca4dbf8f94cbaf27b25535f0d0d90717d6c09d0682e7dda530a8,5.553335494573579,0.0009249772313296,13.695638390139258,22.60205980201161,/data/jaguir26/local/src/Article-Q-DESN/application/data_local/pricefm/campaigns/pricefm_stage_r97_global_region_frozen_campaign_20260908/global_scoring/runs/region=BE/fold=1/score/test_metric.csv,e892164003f91397b1a4c7230bf9bd70ddb74ddc247473ce44b3c680eadd0e72,qdesn_al_rhs_ns_exact_chunked,5.669390199115978,stage_m,stagec_p1_diversenewregions_be_f1_lowinput_l096_d1_n120_a0p5_r0p9_in0p25_seed20260603,target_only,qdesn_exal_rhs_ns_r98_region_frozen,5.528270415765069,0.0005208333333333,13.823777710454436,20.176619975251032,5.835215611047912,-0.30694519528284303,-0.14111978335090924,qdesn_wins,R98_coordinator_ready_not_integrated,prospective_region_frozen_validation_only_protocol,complete_114_case_replacement_regardless_of_performance,fold1_train_internal_temporal_validation_and_fold1_outer_validation,True,True,True,False,False,audit_and_reporting_only,False,False,False,False,False
BE,2,exal,6.463738587651144,0.0007480803974706,16.142047344266217,26.90894910849083,6.3967543590098535,6.496657402913407,0.0669842286412905,-0.0329188152622634,0.002,168,2,"[48,48]",0.4,0.95,0.25,graph_summary_mean,final_layer,R97,/data/jaguir26/local/src/Article-Q-DESN/application/data_local/pricefm/campaigns/pricefm_stage_r97_global_region_frozen_campaign_20260908/region_closeouts/BE/pricefm_stage_r97_selected_atom_manifest.csv,a0669f01ba90ca4dbf8f94cbaf27b25535f0d0d90717d6c09d0682e7dda530a8,5.29997950223808,0.001099537037037,13.20742237295856,19.728061278668548,/data/jaguir26/local/src/Article-Q-DESN/application/data_local/pricefm/campaigns/pricefm_stage_r97_global_region_frozen_campaign_20260908/global_scoring/runs/region=BE/fold=2/score/test_metric.csv,159602061d001d9e84489b4692ead58f98ceae677f58ab90059e7ff62f3bd306,qdesn_exal_rhs_ns_exact_chunked,6.3967543590098535,stage_m,staged_be_f2_graphd1_alpha_lo_seedrob20260618,graph_khop,qdesn_exal_rhs_ns_r98_region_frozen,6.463738587651144,0.0007480803974706,16.142047344266217,26.90894910849083,6.496657402913407,-0.03291881526226348,0.0669842286412905,qdesn_wins,R98_coordinator_ready_not_integrated,prospective_region_frozen_validation_only_protocol,complete_114_case_replacement_regardless_of_performance,fold1_train_internal_temporal_validation_and_fold1_outer_validation,True,True,True,False,False,audit_and_reporting_only,False,False,False,False,False
BE,3,exal,5.495943723094341,0.0003130692167577,13.882120604144738,18.4295491918204,5.566922976175035,5.293482258838876,-0.0709792530806936,0.2024614642554656,0.002,168,2,"[48,48]",0.4,0.95,0.25,graph_summary_mean,final_layer,R97,/data/jaguir26/local/src/Article-Q-DESN/application/data_local/pricefm/campaigns/pricefm_stage_r97_global_region_frozen_campaign_20260908/region_closeouts/BE/pricefm_stage_r97_selected_atom_manifest.csv,a0669f01ba90ca4dbf8f94cbaf27b25535f0d0d90717d6c09d0682e7dda530a8,6.400558350561399,0.0001834914182475,16.010501579505156,26.85331995395229,/data/jaguir26/local/src/Article-Q-DESN/application/data_local/pricefm/campaigns/pricefm_stage_r97_global_region_frozen_campaign_20260908/global_scoring/runs/region=BE/fold=3/score/test_metric.csv,f86964cf66f2d4fe2f09a344e9f3fb205c41d4bcc3a18b4c17bb78dd30a68384,qdesn_exal_rhs_ns_exact_chunked,5.566922976175035,stage_m,staged_be_f3_graphd1_input_lo_seedrob20260616,graph_khop,qdesn_exal_rhs_ns_r98_region_frozen,5.495943723094341,0.0003130692167577,13.882120604144738,18.4295491918204,5.293482258838876,0.20246146425546563,-0.07097925308069364,pricefm_wins,R98_coordinator_ready_not_integrated,prospective_region_frozen_validation_only_protocol,complete_114_case_replacement_regardless_of_performance,fold1_train_internal_temporal_validation_and_fold1_outer_validation,True,True,True,False,False,audit_and_reporting_only,False,False,False,False,False
BG,1,al,10.09762725980426,0.0043547453703703,25.31022638551725,37.004463650692486,7.722892178381238,8.581395563937951,2.374735081423024,1.5162316958663098,0.0001,240,3,"[40,40,40]",0.25,0.82,0.35,target_only,final_layer,R97,/data/jaguir26/local/src/Article-Q-DESN/application/data_local/pricefm/campaigns/pricefm_stage_r97_global_region_frozen_campaign_20260908/region_closeouts/BG/pricefm_stage_r97_selected_atom_manifest.csv,ddc716bb9d3039f156cbbbb094a5ee6d3f18120fed11f4c56fe271cb961e2326,14.140879687263428,0.0001707650273224,34.620284206808314,67.56846610152164,/data/jaguir26/local/src/Article-Q-DESN/application/data_local/pricefm/campaigns/pricefm_stage_r97_global_region_frozen_campaign_20260908/global_scoring/runs/region=BG/fold=1/score/test_metric.csv,914e8e09421911523f7629b1082721398c17a3ecbc79829f0b0d33aef6a17138,qdesn_exal_rhs_ns_exact_chunked,7.722892178381238,provenance_bridge_30,stageb_lowinput_l096_d1_n120_a0p5_r0p9_in0p25_seed20260603,target_only,qdesn_al_rhs_ns_r98_region_frozen,10.09762725980426,0.0043547453703703,25.31022638551725,37.004463650692486,8.581395563937951,1.516231695866308,2.3747350814230215,pricefm_wins,R98_coordinator_ready_not_integrated,prospective_region_frozen_validation_only_protocol,complete_114_case_replacement_regardless_of_performance,fold1_train_internal_temporal_validation_and_fold1_outer_validation,True,True,True,False,False,audit_and_reporting_only,False,False,False,False,False
BG,2,al,8.397617846177125,0.0011291779584462,20.856666242961296,29.41999676113693,7.349159054358303,8.002690564021277,1.0484587918188222,0.394927282155848,0.0001,240,3,"[40,40,40]",0.25,0.82,0.35,target_only,final_layer,R97,/data/jaguir26/local/src/Article-Q-DESN/application/data_local/pricefm/campaigns/pricefm_stage_r97_global_region_frozen_campaign_20260908/region_closeouts/BG/pricefm_stage_r97_selected_atom_manifest.csv,ddc716bb9d3039f156cbbbb094a5ee6d3f18120fed11f4c56fe271cb961e2326,10.025979821830122,0.0074652777777777,24.851614902416067,36.39722967853563,/data/jaguir26/local/src/Article-Q-DESN/application/data_local/pricefm/campaigns/pricefm_stage_r97_global_region_frozen_campaign_20260908/global_scoring/runs/region=BG/fold=2/score/test_metric.csv,db318f84a3421a8fbd08f531d4051b950ec815e58d05c659e6e6478bfdcdc5ac,qdesn_exal_rhs_ns_exact_chunked,7.349159054358303,provenance_bridge_30,stageb_core_l096_d1_n120_a0p5_r0p9_in0p50_seed20260601,target_only,qdesn_al_rhs_ns_r98_region_frozen,8.397617846177125,0.0011291779584462,20.856666242961296,29.41999676113693,8.002690564021277,0.39492728215584805,1.0484587918188222,pricefm_wins,R98_coordinator_ready_not_integrated,prospective_region_frozen_validation_only_protocol,complete_114_case_replacement_regardless_of_performance,fold1_train_internal_temporal_validation_and_fold1_outer_validation,True,True,True,False,False,audit_and_reporting_only,False,False,False,False,False
BG,3,al,10.483208278194407,0.0001849954462659,26.15039777678551,38.73265954545205,8.997503773220512,9.035185672364738,1.4857045049738955,1.448022605829669,0.0001,240,3,"[40,40,40]",0.25,0.82,0.35,target_only,final_layer,R97,/data/jaguir26/local/src/Article-Q-DESN/application/data_local/pricefm/campaigns/pricefm_stage_r97_global_region_frozen_campaign_20260908/region_closeouts/BG/pricefm_stage_r97_selected_atom_manifest.csv,ddc716bb9d3039f156cbbbb094a5ee6d3f18120fed11f4c56fe271cb961e2326,8.322038666333357,0.0015949638663053,20.78578896457621,29.358003136150877,/data/jaguir26/local/src/Article-Q-DESN/application/data_local/pricefm/campaigns/pricefm_stage_r97_global_region_frozen_campaign_20260908/global_scoring/runs/region=BG/fold=3/score/test_metric.csv,b1514d9b7ab6ec42635ef14672c309092ae3c96b1b22ba8e7fd868feb090de65,qdesn_exal_rhs_ns_exact_chunked,8.997503773220512,provenance_bridge_30,stageb_d2_l096_d2_n080x080_a0p4_r0p9_in0p35_seed20260603,target_only,qdesn_al_rhs_ns_r98_region_frozen,10.483208278194407,0.0001849954462659,26.15039777678551,38.73265954545205,9.035185672364738,1.448022605829669,1.4857045049738957,pricefm_wins,R98_coordinator_ready_not_integrated,prospective_region_frozen_validation_only_protocol,complete_114_case_replacement_regardless_of_performance,fold1_train_internal_temporal_validation_and_fold1_outer_validation,True,True,True,False,False,audit_and_reporting_only,False,False,False,False,False
CZ,1,exal,6.911386573164172,0.0049045138888888,17.008017215454004,25.521283610941683,6.1489934207526895,6.749695514772501,0.7623931524114829,0.1616910583916713,0.01,48,2,"[64,64]",0.25,0.95,0.15,graph_summary_mean,final_layer,R97,/data/jaguir26/local/src/Article-Q-DESN/application/data_local/pricefm/campaigns/pricefm_stage_r97_global_region_frozen_campaign_20260908/region_closeouts/CZ/pricefm_stage_r97_selected_atom_manifest.csv,9c5c2abe64ab6e8a8b3808b10f374544ec88ea62077520269cd590f076dc112e,9.45480453676054,0.0140738843351548,22.91021235736353,42.1667691977575,/data/jaguir26/local/src/Article-Q-DESN/application/data_local/pricefm/campaigns/pricefm_stage_r97_global_region_frozen_campaign_20260908/global_scoring/runs/region=CZ/fold=1/score/test_metric.csv,cdbd54aa169efd52c11e96567170fbc39c454d3a5bb64992b54060e1eec0de43,qdesn_exal_rhs_ns_exact_chunked,6.1489934207526895,current_r3q,covm_cz_f1_graphsum_g1_d1_n120_s035,graph_summary_mean,qdesn_exal_rhs_ns_r98_region_frozen,6.911386573164172,0.0049045138888888,17.008017215454004,25.521283610941683,6.749695514772501,0.1616910583916713,0.7623931524114829,pricefm_wins,R98_coordinator_ready_not_integrated,prospective_region_frozen_validation_only_protocol,complete_114_case_replacement_regardless_of_performance,fold1_train_internal_temporal_validation_and_fold1_outer_validation,True,True,True,False,False,audit_and_reporting_only,False,False,False,False,False
CZ,2,exal,6.3903260081917805,0.0056035456187895,15.612618213360005,24.15892116129061,6.370272863412463,6.46957313047084,0.0200531447793173,-0.0792471222790593,0.01,48,2,"[64,64]",0.25,0.95,0.15,graph_summary_mean,final_layer,R97,/data/jaguir26/local/src/Article-Q-DESN/application/data_local/pricefm/campaigns/pricefm_stage_r97_global_region_frozen_campaign_20260908/region_closeouts/CZ/pricefm_stage_r97_selected_atom_manifest.csv,9c5c2abe64ab6e8a8b3808b10f374544ec88ea62077520269cd590f076dc112e,6.536344465211513,0.0,16.00733180599554,24.303549809977323,/data/jaguir26/local/src/Article-Q-DESN/application/data_local/pricefm/campaigns/pricefm_stage_r97_global_region_frozen_campaign_20260908/global_scoring/runs/region=CZ/fold=2/score/test_metric.csv,842c18d09e07208f453a00a733fd04338a2bcdf227c64c8dc873df25bab6eef2,qdesn_exal_rhs_ns_exact_chunked,6.370272863412463,current_r3q,covm_cz_f2_graphsum_g1_d1_n120_s035,graph_summary_mean,qdesn_exal_rhs_ns_r98_region_frozen,6.3903260081917805,0.0056035456187895,15.612618213360005,24.15892116129061,6.46957313047084,-0.07924712227905939,0.0200531447793173,qdesn_wins,R98_coordinator_ready_not_integrated,prospective_region_frozen_validation_only_protocol,complete_114_case_replacement_regardless_of_performance,fold1_train_internal_temporal_validation_and_fold1_outer_validation,True,True,True,False,False,audit_and_reporting_only,False,False,False,False,False
CZ,3,exal,7.529963175752749,0.0020064890710382,18.65220403504695,29.41154055193779,7.810778596057343,7.321703986182859,-0.2808154203045943,0.2082591895698895,0.01,48,2,"[64,64]",0.25,0.95,0.15,graph_summary_mean,final_layer,R97,/data/jaguir26/local/src/Article-Q-DESN/application/data_local/pricefm/campaigns/pricefm_stage_r97_global_region_frozen_campaign_20260908/region_closeouts/CZ/pricefm_stage_r97_selected_atom_manifest.csv,9c5c2abe64ab6e8a8b3808b10f374544ec88ea62077520269cd590f076dc112e,6.303527178755881,0.0238679990966576,15.50005176772006,24.124476877599328,/data/jaguir26/local/src/Article-Q-DESN/application/data_local/pricefm/campaigns/pricefm_stage_r97_global_region_frozen_campaign_20260908/global_scoring/runs/region=CZ/fold=3/score/test_metric.csv,8585a37ed9dfffc1e481f23c63bc8e7a5c472babdd18a01f31ba05b72fc35f05,qdesn_exal_rhs_ns_exact_chunked,7.810778596057343,current_r3q,covm_cz_f3_graphsum_g1_d1_n120_s035,graph_summary_mean,qdesn_exal_rhs_ns_r98_region_frozen,7.529963175752749,0.0020064890710382,18.65220403504695,29.41154055193779,7.321703986182859,0.20825918956988954,-0.2808154203045943,pricefm_wins,R98_coordinator_ready_not_integrated,prospective_region_frozen_validation_only_protocol,complete_114_case_replacement_regardless_of_performance,fold1_train_internal_temporal_validation_and_fold1_outer_validation,True,True,True,False,False,audit_and_reporting_only,False,False,False,False,False
DE_LU,1,exal,5.022860845643483,0.0002025462962962,12.240070040128826,20.466232163704376,5.302525873082846,5.323539526886216,-0.2796650274393633,-0.3006786812427329,0.0005,48,2,"[48,48]",0.55,0.82,0.15,graph_khop,final_layer,R97,/data/jaguir26/local/src/Article-Q-DESN/application/data_local/pricefm/campaigns/pricefm_stage_r97_global_region_frozen_campaign_20260908/region_closeouts/DE_LU/pricefm_stage_r97_selected_atom_manifest.csv,86d9bada0fa1e9635c21a700b5c21a6c652c9946659b4f6eabc118a2ce61ab83,6.546245173164528,4.269125683060109e-05,15.57011444880268,41.52032866146603,/data/jaguir26/local/src/Article-Q-DESN/application/data_local/pricefm/campaigns/pricefm_stage_r97_global_region_frozen_campaign_20260908/global_scoring/runs/region=DE_LU/fold=1/score/test_metric.csv,76c9654182d9b31f8b0bdbc4fa317ebe923132f363e7f470e5dbf4e707efdeec,qdesn_exal_rhs_ns_exact_chunked,5.302525873082846,provenance_bridge_30,localar_d2_u120_alpha_input_scale0p5_alpha0p5_graphd1_fold1_delu,graph_khop,qdesn_exal_rhs_ns_r98_region_frozen,5.022860845643483,0.0002025462962962,12.240070040128826,20.466232163704376,5.323539526886216,-0.3006786812427329,-0.2796650274393633,qdesn_wins,R98_coordinator_ready_not_integrated,prospective_region_frozen_validation_only_protocol,complete_114_case_replacement_regardless_of_performance,fold1_train_internal_temporal_validation_and_fold1_outer_validation,True,True,True,False,False,audit_and_reporting_only,False,False,False,False,False
DE_LU,2,exal,5.612595420393365,0.0,14.142419556820071,20.910443032678856,5.288746769127772,5.355079281228597,0.3238486512655933,0.2575161391647684,0.0005,48,2,"[48,48]",0.55,0.82,0.15,graph_khop,final_layer,R97,/data/jaguir26/local/src/Article-Q-DESN/application/data_local/pricefm/campaigns/pricefm_stage_r97_global_region_frozen_campaign_20260908/region_closeouts/DE_LU/pricefm_stage_r97_selected_atom_manifest.csv,86d9bada0fa1e9635c21a700b5c21a6c652c9946659b4f6eabc118a2ce61ab83,4.784417229350592,0.0001446759259259,11.81319076060271,20.0279271485416,/data/jaguir26/local/src/Article-Q-DESN/application/data_local/pricefm/campaigns/pricefm_stage_r97_global_region_frozen_campaign_20260908/global_scoring/runs/region=DE_LU/fold=2/score/test_metric.csv,12715749e7fce398aab68b691bcb16e23c16ceece6afb9beb78fd298faef4d16,qdesn_exal_rhs_ns_exact_chunked,5.288746769127772,provenance_bridge_30,panel_core_l096_d1_n120_a0p5_r0p9_in0p50_seed20260601_graphd1_fold2_delu,graph_khop,qdesn_exal_rhs_ns_r98_region_frozen,5.612595420393365,0.0,14.142419556820071,20.910443032678856,5.355079281228597,0.25751613916476845,0.32384865126559337,pricefm_wins,R98_coordinator_ready_not_integrated,prospective_region_frozen_validation_only_protocol,complete_114_case_replacement_regardless_of_performance,fold1_train_internal_temporal_validation_and_fold1_outer_validation,True,True,True,False,False,audit_and_reporting_only,False,False,False,False,False
DE_LU,3,exal,7.19390912423477,0.0001280737704918,17.462348397286227,27.33294548565266,6.944708294545968,6.029767217747075,0.2492008296888013,1.1641419064876946,0.0005,48,2,"[48,48]",0.55,0.82,0.15,graph_khop,final_layer,R97,/data/jaguir26/local/src/Article-Q-DESN/application/data_local/pricefm/campaigns/pricefm_stage_r97_global_region_frozen_campaign_20260908/region_closeouts/DE_LU/pricefm_stage_r97_selected_atom_manifest.csv,86d9bada0fa1e9635c21a700b5c21a6c652c9946659b4f6eabc118a2ce61ab83,5.503255318852749,0.0,13.78512962920738,20.566184212577237,/data/jaguir26/local/src/Article-Q-DESN/application/data_local/pricefm/campaigns/pricefm_stage_r97_global_region_frozen_campaign_20260908/global_scoring/runs/region=DE_LU/fold=3/score/test_metric.csv,61f0b3fbe73e86ed8ce46325673146b5f589b7de273e4524592513564461c09d,qdesn_al_rhs_ns_exact_chunked,6.944708294545968,provenance_bridge_30,broad_l096_d2_n120x120_a0p4_r0p9_in0p25_seed20260608_graphd1_fold3_delu,graph_khop,qdesn_exal_rhs_ns_r98_region_frozen,7.19390912423477,0.0001280737704918,17.462348397286227,27.33294548565266,6.029767217747075,1.1641419064876946,0.2492008296888013,pricefm_wins,R98_coordinator_ready_not_integrated,prospective_region_frozen_validation_only_protocol,complete_114_case_replacement_regardless_of_performance,fold1_train_internal_temporal_validation_and_fold1_outer_validation,True,True,True,False,False,audit_and_reporting_only,False,False,False,False,False
DK_1,1,exal,6.144731266374995,0.0125144675925925,15.292139706962056,23.46911128835944,6.139505792427964,7.848864557961895,0.0052254739470312,-1.7041332915869,0.01,168,3,"[40,40,40]",0.25,0.82,0.15,graph_khop,final_layer,R97,/data/jaguir26/local/src/Article-Q-DESN/application/data_local/pricefm/campaigns/pricefm_stage_r97_global_region_frozen_campaign_20260908/region_closeouts/DK_1/pricefm_stage_r97_selected_atom_manifest.csv,0eb449b14f5872115dcc7570a31c3401b9bf29be2b9e86b4bb30fb4b92b4904c,7.535683791402302,0.0020491803278688,18.30433956708702,38.951190140881984,/data/jaguir26/local/src/Article-Q-DESN/application/data_local/pricefm/campaigns/pricefm_stage_r97_global_region_frozen_campaign_20260908/global_scoring/runs/region=DK_1/fold=1/score/test_metric.csv,28b0541a6515f00ecbd60177ff5176f739d7f9eed1cc56abf27e4d1042eb28b7,qdesn_exal_rhs_ns_exact_chunked,6.139505792427964,stage_m,stagef_dk1_f1_graphd1_alpha_lo_seedrob20260616,graph_khop,qdesn_exal_rhs_ns_r98_region_frozen,6.144731266374995,0.0125144675925925,15.292139706962056,23.46911128835944,7.848864557961895,-1.7041332915869,0.005225473947031212,qdesn_wins,R98_coordinator_ready_not_integrated,prospective_region_frozen_validation_only_protocol,complete_114_case_replacement_regardless_of_performance,fold1_train_internal_temporal_validation_and_fold1_outer_validation,True,True,True,False,False,audit_and_reporting_only,False,False,False,False,False
DK_1,2,exal,5.735640189777048,0.0066480352303523,14.359419109043332,20.57903788796817,9.169474346736925,9.35804645872364,-3.433834156959877,-3.622406268946593,0.01,168,3,"[40,40,40]",0.25,0.82,0.15,graph_khop,final_layer,R97,/data/jaguir26/local/src/Article-Q-DESN/application/data_local/pricefm/campaigns/pricefm_stage_r97_global_region_frozen_campaign_20260908/region_closeouts/DK_1/pricefm_stage_r97_selected_atom_manifest.csv,0eb449b14f5872115dcc7570a31c3401b9bf29be2b9e86b4bb30fb4b92b4904c,6.063132075238696,0.0047598379629629,15.198976262771732,23.223988933847316,/data/jaguir26/local/src/Article-Q-DESN/application/data_local/pricefm/campaigns/pricefm_stage_r97_global_region_frozen_campaign_20260908/global_scoring/runs/region=DK_1/fold=2/score/test_metric.csv,8f9c79b4f6a54c45aa878e92631eef8580acd01fd02e46218f067c4ca3e421d4,qdesn_al_rhs_ns_exact_chunked,9.169474346736925,stage_m,stagec_p1_diversenewregions_dk1_f2_d2_l096_d2_n080x080_a0p4_r0p9_in0p35_seed20260603,target_only,qdesn_exal_rhs_ns_r98_region_frozen,5.735640189777048,0.0066480352303523,14.359419109043332,20.57903788796817,9.35804645872364,-3.622406268946592,-3.4338341569598763,qdesn_wins,R98_coordinator_ready_not_integrated,prospective_region_frozen_validation_only_protocol,complete_114_case_replacement_regardless_of_performance,fold1_train_internal_temporal_validation_and_fold1_outer_validation,True,True,True,False,False,audit_and_reporting_only,False,False,False,False,False
DK_1,3,exal,6.933747854516588,0.001707650273224,17.115881113263153,26.88998641156231,7.212994003401844,7.943293319758972,-0.2792461488852567,-1.0095454652423843,0.01,168,3,"[40,40,40]",0.25,0.82,0.15,graph_khop,final_layer,R97,/data/jaguir26/local/src/Article-Q-DESN/application/data_local/pricefm/campaigns/pricefm_stage_r97_global_region_frozen_campaign_20260908/region_closeouts/DK_1/pricefm_stage_r97_selected_atom_manifest.csv,0eb449b14f5872115dcc7570a31c3401b9bf29be2b9e86b4bb30fb4b92b4904c,5.702656633120109,0.0002964092140921,14.241459368070988,20.426579780177224,/data/jaguir26/local/src/Article-Q-DESN/application/data_local/pricefm/campaigns/pricefm_stage_r97_global_region_frozen_campaign_20260908/global_scoring/runs/region=DK_1/fold=3/score/test_metric.csv,1feeeb623f507a4e9723e97883a0eef72e34b6f82e6b720d295f453f0ba2a8a2,qdesn_exal_rhs_ns_exact_chunked,7.212994003401844,stage_m,stageg_dk1_f3_graphd1_input_lo_seedrob20260617,graph_khop,qdesn_exal_rhs_ns_r98_region_frozen,6.933747854516588,0.001707650273224,17.115881113263153,26.88998641156231,7.943293319758972,-1.0095454652423843,-0.2792461488852567,qdesn_wins,R98_coordinator_ready_not_integrated,prospective_region_frozen_validation_only_protocol,complete_114_case_replacement_regardless_of_performance,fold1_train_internal_temporal_validation_and_fold1_outer_validation,True,True,True,False,False,audit_and_reporting_only,False,False,False,False,False
DK_2,1,exal,7.728713375727158,0.0060185185185185,19.42598315153817,29.35276537414115,6.314829162625138,8.061048220322405,1.41388421310202,-0.3323348445952474,0.0001,168,2,"[96,48]",0.35,0.9,0.15,graph_summary_mean_std,final_layer,R97,/data/jaguir26/local/src/Article-Q-DESN/application/data_local/pricefm/campaigns/pricefm_stage_r97_global_region_frozen_campaign_20260908/region_closeouts/DK_2/pricefm_stage_r97_selected_atom_manifest.csv,a20212b52b8cc6d095daa95175f7b1eb474ff543eafe6657ae5931679c5e361e,8.7502279981345,0.0054360200364298,21.31968240047796,41.52447459790769,/data/jaguir26/local/src/Article-Q-DESN/application/data_local/pricefm/campaigns/pricefm_stage_r97_global_region_frozen_campaign_20260908/global_scoring/runs/region=DK_2/fold=1/score/test_metric.csv,fe68526a0308d76cc57d353911145770e4b36d6c63b69377cc178e1c801dc1e4,qdesn_exal_rhs_ns_exact_chunked,6.314829162625138,stage_m,stageg_dk2_f1_graphd1_d1_units_hi_seedrob20260616,graph_khop,qdesn_exal_rhs_ns_r98_region_frozen,7.728713375727158,0.0060185185185185,19.42598315153817,29.35276537414115,8.061048220322405,-0.3323348445952474,1.41388421310202,qdesn_wins,R98_coordinator_ready_not_integrated,prospective_region_frozen_validation_only_protocol,complete_114_case_replacement_regardless_of_performance,fold1_train_internal_temporal_validation_and_fold1_outer_validation,True,True,True,False,False,audit_and_reporting_only,False,False,False,False,False
DK_2,2,exal,8.40559402569834,0.0064645438121047,20.92472022752457,28.519353007109515,6.314901823540136,8.251470912118323,2.090692202158204,0.1541231135800167,0.0001,168,2,"[96,48]",0.35,0.9,0.15,graph_summary_mean_std,final_layer,R97,/data/jaguir26/local/src/Article-Q-DESN/application/data_local/pricefm/campaigns/pricefm_stage_r97_global_region_frozen_campaign_20260908/region_closeouts/DK_2/pricefm_stage_r97_selected_atom_manifest.csv,a20212b52b8cc6d095daa95175f7b1eb474ff543eafe6657ae5931679c5e361e,7.482182269621382,0.0031105324074074,18.711892891956044,28.40168393452536,/data/jaguir26/local/src/Article-Q-DESN/application/data_local/pricefm/campaigns/pricefm_stage_r97_global_region_frozen_campaign_20260908/global_scoring/runs/region=DK_2/fold=2/score/test_metric.csv,c8cd5fec53fda10f256bc4d8e29387ca9d8ca0ee221ef3f7967834e9d69b83cd,qdesn_exal_rhs_ns_exact_chunked,6.314901823540136,stage_m,stageg_dk2_f2_graphd1_d3_compact_seedrob20260616,graph_khop,qdesn_exal_rhs_ns_r98_region_frozen,8.40559402569834,0.0064645438121047,20.92472022752457,28.519353007109515,8.251470912118323,0.15412311358001674,2.0906922021582037,pricefm_wins,R98_coordinator_ready_not_integrated,prospective_region_frozen_validation_only_protocol,complete_114_case_replacement_regardless_of_performance,fold1_train_internal_temporal_validation_and_fold1_outer_validation,True,True,True,False,False,audit_and_reporting_only,False,False,False,False,False
DK_2,3,exal,7.945891824027549,0.0041268214936247,19.849709042874867,31.522115853705422,7.407690324517049,9.36851241011154,0.5382014995104996,-1.4226205860839911,0.0001,168,2,"[96,48]",0.35,0.9,0.15,graph_summary_mean_std,final_layer,R97,/data/jaguir26/local/src/Article-Q-DESN/application/data_local/pricefm/campaigns/pricefm_stage_r97_global_region_frozen_campaign_20260908/region_closeouts/DK_2/pricefm_stage_r97_selected_atom_manifest.csv,a20212b52b8cc6d095daa95175f7b1eb474ff543eafe6657ae5931679c5e361e,8.326048496566246,0.0064363143631436,20.771859519877488,28.43079786895663,/data/jaguir26/local/src/Article-Q-DESN/application/data_local/pricefm/campaigns/pricefm_stage_r97_global_region_frozen_campaign_20260908/global_scoring/runs/region=DK_2/fold=3/score/test_metric.csv,1c5941094ad2ea5ce6b01fb95a59a63063e196b4f7ef2ae531856e2795d70203,qdesn_exal_rhs_ns_exact_chunked,7.407690324517049,stage_m,stagef_dk2_f3_graphd2_input_lo_seedrob20260616,graph_khop,qdesn_exal_rhs_ns_r98_region_frozen,7.945891824027549,0.0041268214936247,19.849709042874867,31.522115853705422,9.36851241011154,-1.4226205860839913,0.5382014995104996,qdesn_wins,R98_coordinator_ready_not_integrated,prospective_region_frozen_validation_only_protocol,complete_114_case_replacement_regardless_of_performance,fold1_train_internal_temporal_validation_and_fold1_outer_validation,True,True,True,False,False,audit_and_reporting_only,False,False,False,False,False
EE,1,exal,15.338438021475714,0.0881799768518518,36.81074884797537,53.54550440978485,15.483309889910569,19.27035326578145,-0.1448718684348549,-3.931915244305735,0.0001,168,3,"[64,64,64]",0.35,0.9,0.15,graph_summary_mean,final_layer,R97,/data/jaguir26/local/src/Article-Q-DESN/application/data_local/pricefm/campaigns/pricefm_stage_r97_global_region_frozen_campaign_20260908/region_closeouts/EE/pricefm_stage_r97_selected_atom_manifest.csv,6ad83b996af4b837bc8ec308d1f4aed8d4268cb993da3f46de37b0fb7ae8ae51,13.852008789075368,0.0980475865209471,32.73283473654291,48.53169866653632,/data/jaguir26/local/src/Article-Q-DESN/application/data_local/pricefm/campaigns/pricefm_stage_r97_global_region_frozen_campaign_20260908/global_scoring/runs/region=EE/fold=1/score/test_metric.csv,483f0c7b7685e32c4ec568ede4de6902df59d9600612b3667cf2d55a57260b63,qdesn_exal_rhs_ns_exact_chunked,15.483309889910569,stage_m,stageh_ee_f1_graphd2_rho_low_seedrob20260623,graph_khop,qdesn_exal_rhs_ns_r98_region_frozen,15.338438021475714,0.0881799768518518,36.81074884797537,53.54550440978485,19.27035326578145,-3.931915244305735,-0.1448718684348549,qdesn_wins,R98_coordinator_ready_not_integrated,prospective_region_frozen_validation_only_protocol,complete_114_case_replacement_regardless_of_performance,fold1_train_internal_temporal_validation_and_fold1_outer_validation,True,True,True,False,False,audit_and_reporting_only,False,False,False,False,False
EE,2,exal,12.952671580344484,0.0504177958446251,32.09228766483919,42.9887319720029,12.462102646107738,13.364556588242776,0.4905689342367463,-0.4118850078982916,0.0001,168,3,"[64,64,64]",0.35,0.9,0.15,graph_summary_mean,final_layer,R97,/data/jaguir26/local/src/Article-Q-DESN/application/data_local/pricefm/campaigns/pricefm_stage_r97_global_region_frozen_campaign_20260908/region_closeouts/EE/pricefm_stage_r97_selected_atom_manifest.csv,6ad83b996af4b837bc8ec308d1f4aed8d4268cb993da3f46de37b0fb7ae8ae51,14.992486282548631,0.0288773148148148,36.682715843673705,53.80451081902696,/data/jaguir26/local/src/Article-Q-DESN/application/data_local/pricefm/campaigns/pricefm_stage_r97_global_region_frozen_campaign_20260908/global_scoring/runs/region=EE/fold=2/score/test_metric.csv,89ed63327bbc1487cfb93f6bf871df13071891c670a71418c96960b8cfad5669,qdesn_exal_rhs_ns_exact_chunked,12.462102646107738,stage_m,stageg_ee_f2_graphd2_alpha_lo_seedrob20260616,graph_khop,qdesn_exal_rhs_ns_r98_region_frozen,12.952671580344484,0.0504177958446251,32.09228766483919,42.9887319720029,13.364556588242776,-0.41188500789829163,0.4905689342367463,qdesn_wins,R98_coordinator_ready_not_integrated,prospective_region_frozen_validation_only_protocol,complete_114_case_replacement_regardless_of_performance,fold1_train_internal_temporal_validation_and_fold1_outer_validation,True,True,True,False,False,audit_and_reporting_only,False,False,False,False,False
EE,3,exal,13.880973790450703,0.0274077868852459,34.03869307153501,56.0658842321277,13.620500615515098,16.11386746032765,0.2604731749356048,-2.2328936698769475,0.0001,168,3,"[64,64,64]",0.35,0.9,0.15,graph_summary_mean,final_layer,R97,/data/jaguir26/local/src/Article-Q-DESN/application/data_local/pricefm/campaigns/pricefm_stage_r97_global_region_frozen_campaign_20260908/region_closeouts/EE/pricefm_stage_r97_selected_atom_manifest.csv,6ad83b996af4b837bc8ec308d1f4aed8d4268cb993da3f46de37b0fb7ae8ae51,12.228906584623434,0.0345246160794941,30.746135819080862,41.2752986847135,/data/jaguir26/local/src/Article-Q-DESN/application/data_local/pricefm/campaigns/pricefm_stage_r97_global_region_frozen_campaign_20260908/global_scoring/runs/region=EE/fold=3/score/test_metric.csv,abced60fcc76659b9ea7d693b67b43986a11e7d43e4b20ccf3271dc6542c981f,qdesn_exal_rhs_ns_exact_chunked,13.620500615515098,stage_m,stagef_ee_f3_graphd2_alpha_hi_seedrob20260617,graph_khop,qdesn_exal_rhs_ns_r98_region_frozen,13.880973790450703,0.0274077868852459,34.03869307153501,56.0658842321277,16.11386746032765,-2.2328936698769475,0.26047317493560485,qdesn_wins,R98_coordinator_ready_not_integrated,prospective_region_frozen_validation_only_protocol,complete_114_case_replacement_regardless_of_performance,fold1_train_internal_temporal_validation_and_fold1_outer_validation,True,True,True,False,False,audit_and_reporting_only,False,False,False,False,False
ES,1,al,5.1524661565606005,0.0010416666666666,13.064611519868532,17.46840762688842,5.232137202854714,5.959307661149726,-0.0796710462941137,-0.8068415045891255,5e-05,48,2,"[96,48]",0.5,0.82,0.35,graph_summary_mean,final_layer,R97,/data/jaguir26/local/src/Article-Q-DESN/application/data_local/pricefm/campaigns/pricefm_stage_r97_global_region_frozen_campaign_20260908/region_closeouts/ES/pricefm_stage_r97_selected_atom_manifest.csv,fc7e2830bf19ac55cc47997c7f169939344ae2d5aa540de2f74f778209590b36,4.163181924549121,0.0041125910746812,10.552083653438205,14.82877871954725,/data/jaguir26/local/src/Article-Q-DESN/application/data_local/pricefm/campaigns/pricefm_stage_r97_global_region_frozen_campaign_20260908/global_scoring/runs/region=ES/fold=1/score/test_metric.csv,a6b1c325cbefafa38991ff62b5091f666e274f15d1f0176dd3b5cba1e9469bf9,qdesn_al_rhs_ns_exact_chunked,5.232137202854714,provenance_bridge_30,stageb_core_l096_d1_n120_a0p5_r0p9_in0p50_seed20260601,target_only,qdesn_al_rhs_ns_r98_region_frozen,5.1524661565606005,0.0010416666666666,13.064611519868532,17.46840762688842,5.959307661149726,-0.8068415045891255,-0.0796710462941137,qdesn_wins,R98_coordinator_ready_not_integrated,prospective_region_frozen_validation_only_protocol,complete_114_case_replacement_regardless_of_performance,fold1_train_internal_temporal_validation_and_fold1_outer_validation,True,True,True,False,False,audit_and_reporting_only,False,False,False,False,False
ES,2,al,5.641527046596819,0.0025547651309846,14.453797271028812,20.46068293253223,5.886921058463456,6.411375511558783,-0.2453940118666375,-0.7698484649619646,5e-05,48,2,"[96,48]",0.5,0.82,0.35,graph_summary_mean,final_layer,R97,/data/jaguir26/local/src/Article-Q-DESN/application/data_local/pricefm/campaigns/pricefm_stage_r97_global_region_frozen_campaign_20260908/region_closeouts/ES/pricefm_stage_r97_selected_atom_manifest.csv,fc7e2830bf19ac55cc47997c7f169939344ae2d5aa540de2f74f778209590b36,5.144255289856304,0.0006655092592592,13.014658148017958,17.459649150831126,/data/jaguir26/local/src/Article-Q-DESN/application/data_local/pricefm/campaigns/pricefm_stage_r97_global_region_frozen_campaign_20260908/global_scoring/runs/region=ES/fold=2/score/test_metric.csv,c821e9408a9dbd36f647b6188204acb8c75fd9c16d2040dfdf687918d6cdc4db,qdesn_al_rhs_ns_exact_chunked,5.886921058463456,provenance_bridge_30,stageb_lowinput_l096_d1_n120_a0p5_r0p9_in0p25_seed20260603,target_only,qdesn_al_rhs_ns_r98_region_frozen,5.641527046596819,0.0025547651309846,14.453797271028812,20.46068293253223,6.411375511558783,-0.7698484649619646,-0.24539401186663756,qdesn_wins,R98_coordinator_ready_not_integrated,prospective_region_frozen_validation_only_protocol,complete_114_case_replacement_regardless_of_performance,fold1_train_internal_temporal_validation_and_fold1_outer_validation,True,True,True,False,False,audit_and_reporting_only,False,False,False,False,False
ES,3,al,4.651019679741437,0.0020491803278688,11.902934612279184,15.55058059655159,4.880603524642613,6.194171740504748,-0.2295838449011755,-1.543152060763311,5e-05,48,2,"[96,48]",0.5,0.82,0.35,graph_summary_mean,final_layer,R97,/data/jaguir26/local/src/Article-Q-DESN/application/data_local/pricefm/campaigns/pricefm_stage_r97_global_region_frozen_campaign_20260908/region_closeouts/ES/pricefm_stage_r97_selected_atom_manifest.csv,fc7e2830bf19ac55cc47997c7f169939344ae2d5aa540de2f74f778209590b36,5.531248842452603,0.0043049909665763,14.112865174641383,19.78769180313365,/data/jaguir26/local/src/Article-Q-DESN/application/data_local/pricefm/campaigns/pricefm_stage_r97_global_region_frozen_campaign_20260908/global_scoring/runs/region=ES/fold=3/score/test_metric.csv,f00dac41c766f9db8de3a201a69cec939ab35e988be6e11e8981da6221276251,qdesn_al_rhs_ns_exact_chunked,4.880603524642613,provenance_bridge_30,stageb_d2_l096_d2_n080x080_a0p4_r0p9_in0p35_seed20260603,target_only,qdesn_al_rhs_ns_r98_region_frozen,4.651019679741437,0.0020491803278688,11.902934612279184,15.55058059655159,6.194171740504748,-1.543152060763311,-0.22958384490117556,qdesn_wins,R98_coordinator_ready_not_integrated,prospective_region_frozen_validation_only_protocol,complete_114_case_replacement_regardless_of_performance,fold1_train_internal_temporal_validation_and_fold1_outer_validation,True,True,True,False,False,audit_and_reporting_only,False,False,False,False,False
FI,1,exal,10.575035839420217,0.0801215277777777,25.7456207402987,38.14686524229482,10.554770090730004,9.253370653224348,0.0202657486902122,1.3216651861958688,0.01,240,2,"[96,96]",0.5,0.82,0.15,target_only,final_layer,R97,/data/jaguir26/local/src/Article-Q-DESN/application/data_local/pricefm/campaigns/pricefm_stage_r97_global_region_frozen_campaign_20260908/region_closeouts/FI/pricefm_stage_r97_selected_atom_manifest.csv,92732274b93ddb246ef826bd0fe432599beb3a61666cbb6f78d67b964738a50a,9.76613166313662,0.0498206967213114,24.52812865576861,38.796518667571966,/data/jaguir26/local/src/Article-Q-DESN/application/data_local/pricefm/campaigns/pricefm_stage_r97_global_region_frozen_campaign_20260908/global_scoring/runs/region=FI/fold=1/score/test_metric.csv,e36ac5c419c39b529f26f24ea3853aa6dd3fb556da0a7ff4bae6e14156ee136f,qdesn_exal_rhs_ns_exact_chunked,10.554770090730004,stage_m,stagec_p0_completionfolds_fi_f1_d2_l096_d2_n080x080_a0p4_r0p9_in0p35_seed20260603,target_only,qdesn_exal_rhs_ns_r98_region_frozen,10.575035839420217,0.0801215277777777,25.7456207402987,38.14686524229482,9.253370653224348,1.3216651861958688,0.02026574869021225,pricefm_wins,R98_coordinator_ready_not_integrated,prospective_region_frozen_validation_only_protocol,complete_114_case_replacement_regardless_of_performance,fold1_train_internal_temporal_validation_and_fold1_outer_validation,True,True,True,False,False,audit_and_reporting_only,False,False,False,False,False
FI,2,exal,7.752073155881696,0.0531419376693766,19.091056573734942,29.78398532581953,7.950607068915866,8.146459173960796,-0.1985339130341694,-0.3943860180790999,0.01,240,2,"[96,96]",0.5,0.82,0.15,target_only,final_layer,R97,/data/jaguir26/local/src/Article-Q-DESN/application/data_local/pricefm/campaigns/pricefm_stage_r97_global_region_frozen_campaign_20260908/region_closeouts/FI/pricefm_stage_r97_selected_atom_manifest.csv,92732274b93ddb246ef826bd0fe432599beb3a61666cbb6f78d67b964738a50a,10.285385387735184,0.0432581018518518,25.139101578742284,37.8847925545751,/data/jaguir26/local/src/Article-Q-DESN/application/data_local/pricefm/campaigns/pricefm_stage_r97_global_region_frozen_campaign_20260908/global_scoring/runs/region=FI/fold=2/score/test_metric.csv,91e66c8036e514dfd6116d8c1163c288a48343fe87e481543cfce3e2f32cd5e7,qdesn_exal_rhs_ns_exact_chunked,7.950607068915866,stage_m,stagec_p0_completionfolds_fi_f2_d2_l096_d2_n080x080_a0p4_r0p9_in0p35_seed20260603,target_only,qdesn_exal_rhs_ns_r98_region_frozen,7.752073155881696,0.0531419376693766,19.091056573734942,29.78398532581953,8.146459173960796,-0.3943860180790999,-0.19853391303416945,qdesn_wins,R98_coordinator_ready_not_integrated,prospective_region_frozen_validation_only_protocol,complete_114_case_replacement_regardless_of_performance,fold1_train_internal_temporal_validation_and_fold1_outer_validation,True,True,True,False,False,audit_and_reporting_only,False,False,False,False,False
FI,3,exal,8.056215539009807,0.0104308970856102,20.13620028040588,30.032131476790653,8.115846414914657,7.279636650849257,-0.0596308759048493,0.7765788881605502,0.01,240,2,"[96,96]",0.5,0.82,0.15,target_only,final_layer,R97,/data/jaguir26/local/src/Article-Q-DESN/application/data_local/pricefm/campaigns/pricefm_stage_r97_global_region_frozen_campaign_20260908/region_closeouts/FI/pricefm_stage_r97_selected_atom_manifest.csv,92732274b93ddb246ef826bd0fe432599beb3a61666cbb6f78d67b964738a50a,7.575678729215077,0.0360490063233965,18.781940572323684,29.80841434603443,/data/jaguir26/local/src/Article-Q-DESN/application/data_local/pricefm/campaigns/pricefm_stage_r97_global_region_frozen_campaign_20260908/global_scoring/runs/region=FI/fold=3/score/test_metric.csv,ce66de06320ba43d31f051b029e9c1685876bf5583bbbbc6193c5d54ff875cfd,qdesn_exal_rhs_ns_exact_chunked,8.115846414914657,provenance_bridge_30,stageb_lowinput_l096_d1_n120_a0p5_r0p9_in0p25_seed20260603,target_only,qdesn_exal_rhs_ns_r98_region_frozen,8.056215539009807,0.0104308970856102,20.13620028040588,30.032131476790653,7.279636650849257,0.7765788881605502,-0.05963087590484939,pricefm_wins,R98_coordinator_ready_not_integrated,prospective_region_frozen_validation_only_protocol,complete_114_case_replacement_regardless_of_performance,fold1_train_internal_temporal_validation_and_fold1_outer_validation,True,True,True,False,False,audit_and_reporting_only,False,False,False,False,False
FR,1,exal,5.517975979924961,0.0326533564814814,13.698186461218077,18.86337764793417,5.442734755478332,7.99123960448101,0.0752412244466285,-2.4732636245560498,0.001,168,2,"[80,80]",0.35,0.82,0.15,target_only,final_layer,R97,/data/jaguir26/local/src/Article-Q-DESN/application/data_local/pricefm/campaigns/pricefm_stage_r97_global_region_frozen_campaign_20260908/region_closeouts/FR/pricefm_stage_r97_selected_atom_manifest.csv,aa6046ad5ef5c38c377160699892812f61489d0132cc319dff8219fcae994e32,5.431106829906891,0.0075136612021857,13.709941116087093,18.067207647291067,/data/jaguir26/local/src/Article-Q-DESN/application/data_local/pricefm/campaigns/pricefm_stage_r97_global_region_frozen_campaign_20260908/global_scoring/runs/region=FR/fold=1/score/test_metric.csv,f635f33dd444cc2731ee3a4542a3fa1cedec2d83dd8dcb1faf5bc0365a0956bb,qdesn_exal_rhs_ns_exact_chunked,5.442734755478332,provenance_bridge_30,stageb_d2_l096_d2_n080x080_a0p4_r0p9_in0p35_seed20260603,target_only,qdesn_exal_rhs_ns_r98_region_frozen,5.517975979924961,0.0326533564814814,13.698186461218077,18.86337764793417,7.99123960448101,-2.4732636245560498,0.07524122444662851,qdesn_wins,R98_coordinator_ready_not_integrated,prospective_region_frozen_validation_only_protocol,complete_114_case_replacement_regardless_of_performance,fold1_train_internal_temporal_validation_and_fold1_outer_validation,True,True,True,False,False,audit_and_reporting_only,False,False,False,False,False
FR,2,exal,5.9113282568120455,0.0110235998193315,14.79819962296227,19.4899692462878,5.936035546812598,7.369217194875478,-0.0247072900005527,-1.4578889380634328,0.001,168,2,"[80,80]",0.35,0.82,0.15,target_only,final_layer,R97,/data/jaguir26/local/src/Article-Q-DESN/application/data_local/pricefm/campaigns/pricefm_stage_r97_global_region_frozen_campaign_20260908/region_closeouts/FR/pricefm_stage_r97_selected_atom_manifest.csv,aa6046ad5ef5c38c377160699892812f61489d0132cc319dff8219fcae994e32,5.362825245991162,0.0209924768518518,13.326048730588738,18.541889722152074,/data/jaguir26/local/src/Article-Q-DESN/application/data_local/pricefm/campaigns/pricefm_stage_r97_global_region_frozen_campaign_20260908/global_scoring/runs/region=FR/fold=2/score/test_metric.csv,67c07a19a914ea5df847b8a68c18e056fa09388c7f83caf702afb1ce00269744,qdesn_exal_rhs_ns_exact_chunked,5.936035546812598,provenance_bridge_30,stageb_d2_l096_d2_n080x080_a0p4_r0p9_in0p35_seed20260603,target_only,qdesn_exal_rhs_ns_r98_region_frozen,5.9113282568120455,0.0110235998193315,14.79819962296227,19.4899692462878,7.369217194875478,-1.4578889380634328,-0.024707290000552717,qdesn_wins,R98_coordinator_ready_not_integrated,prospective_region_frozen_validation_only_protocol,complete_114_case_replacement_regardless_of_performance,fold1_train_internal_temporal_validation_and_fold1_outer_validation,True,True,True,False,False,audit_and_reporting_only,False,False,False,False,False
FR,3,exal,5.513733981270419,0.0216302367941712,13.893713023560586,17.780392231352685,5.719495284131799,6.817622784413432,-0.2057613028613802,-1.3038888031430131,0.001,168,2,"[80,80]",0.35,0.82,0.15,target_only,final_layer,R97,/data/jaguir26/local/src/Article-Q-DESN/application/data_local/pricefm/campaigns/pricefm_stage_r97_global_region_frozen_campaign_20260908/region_closeouts/FR/pricefm_stage_r97_selected_atom_manifest.csv,aa6046ad5ef5c38c377160699892812f61489d0132cc319dff8219fcae994e32,5.803903276012395,0.0053353658536585,14.584371314867168,19.364166499862623,/data/jaguir26/local/src/Article-Q-DESN/application/data_local/pricefm/campaigns/pricefm_stage_r97_global_region_frozen_campaign_20260908/global_scoring/runs/region=FR/fold=3/score/test_metric.csv,6dcd4f154833adac4c3c816c6c2b59f396c0e9cbaed5135522b4199e86a1982a,qdesn_exal_rhs_ns_exact_chunked,5.719495284131799,provenance_bridge_30,stageb_core_l096_d1_n120_a0p5_r0p9_in0p50_seed20260601,target_only,qdesn_exal_rhs_ns_r98_region_frozen,5.513733981270419,0.0216302367941712,13.893713023560586,17.780392231352685,6.817622784413432,-1.3038888031430131,-0.20576130286138028,qdesn_wins,R98_coordinator_ready_not_integrated,prospective_region_frozen_validation_only_protocol,complete_114_case_replacement_regardless_of_performance,fold1_train_internal_temporal_validation_and_fold1_outer_validation,True,True,True,False,False,audit_and_reporting_only,False,False,False,False,False
GR,1,al,7.241662429194929,0.0173755787037037,18.031920137381928,26.545135192601656,7.157172901902184,7.282948510338475,0.084489527292745,-0.0412860811435455,0.001,168,3,"[64,64,64]",0.25,0.9,0.15,graph_khop,final_layer,R97,/data/jaguir26/local/src/Article-Q-DESN/application/data_local/pricefm/campaigns/pricefm_stage_r97_global_region_frozen_campaign_20260908/region_closeouts/GR/pricefm_stage_r97_selected_atom_manifest.csv,525bc7cc435f8134fec81cf6d9a14488d7365b1677b4453b3210ecec4504df3c,9.353291212505706,0.0082251821493624,22.76261234367156,45.365332128491865,/data/jaguir26/local/src/Article-Q-DESN/application/data_local/pricefm/campaigns/pricefm_stage_r97_global_region_frozen_campaign_20260908/global_scoring/runs/region=GR/fold=1/score/test_metric.csv,0ea575bb93e4ac912053da475e02d1ffa501e6163a8b745f6fe5e9ed2a00af53,qdesn_exal_rhs_ns_exact_chunked,7.157172901902184,current_r3q,covm_gr_f1_graphsum_g1_d1_n120_s035,graph_summary_mean,qdesn_al_rhs_ns_r98_region_frozen,7.241662429194929,0.0173755787037037,18.031920137381928,26.545135192601656,7.282948510338475,-0.041286081143545594,0.08448952729274506,qdesn_wins,R98_coordinator_ready_not_integrated,prospective_region_frozen_validation_only_protocol,complete_114_case_replacement_regardless_of_performance,fold1_train_internal_temporal_validation_and_fold1_outer_validation,True,True,True,False,False,audit_and_reporting_only,False,False,False,False,False
GR,2,al,6.371337581174139,0.0580538617886178,15.700879898427472,23.15204740913013,6.3811350037202255,7.178184101227247,-0.0097974225460868,-0.8068465200531083,0.001,168,3,"[64,64,64]",0.25,0.9,0.15,graph_khop,final_layer,R97,/data/jaguir26/local/src/Article-Q-DESN/application/data_local/pricefm/campaigns/pricefm_stage_r97_global_region_frozen_campaign_20260908/region_closeouts/GR/pricefm_stage_r97_selected_atom_manifest.csv,525bc7cc435f8134fec81cf6d9a14488d7365b1677b4453b3210ecec4504df3c,6.919033122550888,0.0121672453703703,17.17159265164262,26.225969714632424,/data/jaguir26/local/src/Article-Q-DESN/application/data_local/pricefm/campaigns/pricefm_stage_r97_global_region_frozen_campaign_20260908/global_scoring/runs/region=GR/fold=2/score/test_metric.csv,0c682de052d75ae7fd4e2eb912db43506112b94cb71db7a6c7a8429dc0599a81,qdesn_exal_rhs_ns_exact_chunked,6.3811350037202255,current_r3q,covm_gr_f2_graphsum_g1_d1_n120_s035,graph_summary_mean,qdesn_al_rhs_ns_r98_region_frozen,6.371337581174139,0.0580538617886178,15.700879898427472,23.15204740913013,7.178184101227247,-0.8068465200531083,-0.009797422546086842,qdesn_wins,R98_coordinator_ready_not_integrated,prospective_region_frozen_validation_only_protocol,complete_114_case_replacement_regardless_of_performance,fold1_train_internal_temporal_validation_and_fold1_outer_validation,True,True,True,False,False,audit_and_reporting_only,False,False,False,False,False
GR,3,al,8.661561515028382,0.0067309881602914,21.51110175588691,33.637213617317435,9.317762356042136,8.32175301438347,-0.6562008410137548,0.3398085006449118,0.001,168,3,"[64,64,64]",0.25,0.9,0.15,graph_khop,final_layer,R97,/data/jaguir26/local/src/Article-Q-DESN/application/data_local/pricefm/campaigns/pricefm_stage_r97_global_region_frozen_campaign_20260908/region_closeouts/GR/pricefm_stage_r97_selected_atom_manifest.csv,525bc7cc435f8134fec81cf6d9a14488d7365b1677b4453b3210ecec4504df3c,6.286935194327144,0.0226259033423667,15.609797749713,23.021708942808896,/data/jaguir26/local/src/Article-Q-DESN/application/data_local/pricefm/campaigns/pricefm_stage_r97_global_region_frozen_campaign_20260908/global_scoring/runs/region=GR/fold=3/score/test_metric.csv,1add4f7abd25dfd2a4b4b185fc49b4d75e48d2539f0a8a4ded2d3e1dac7e2a10,qdesn_exal_rhs_ns_exact_chunked,9.317762356042136,current_r3q,covm_gr_f3_graphsum_g1_d1_n120_s035,graph_summary_mean,qdesn_al_rhs_ns_r98_region_frozen,8.661561515028382,0.0067309881602914,21.51110175588691,33.637213617317435,8.32175301438347,0.33980850064491186,-0.6562008410137548,pricefm_wins,R98_coordinator_ready_not_integrated,prospective_region_frozen_validation_only_protocol,complete_114_case_replacement_regardless_of_performance,fold1_train_internal_temporal_validation_and_fold1_outer_validation,True,True,True,False,False,audit_and_reporting_only,False,False,False,False,False
HR,1,exal,13.75939352877943,0.0021412037037037,32.05783983737287,46.25689609716475,7.124005922071876,8.691007453696567,6.635387606707554,5.068386075082863,0.0001,168,3,"[96,64,48]",0.25,0.9,0.2,target_only,final_layer,R97,/data/jaguir26/local/src/Article-Q-DESN/application/data_local/pricefm/campaigns/pricefm_stage_r97_global_region_frozen_campaign_20260908/region_closeouts/HR/pricefm_stage_r97_selected_atom_manifest.csv,0ef31b702732d75c9878b7b0b75efc2ce4a1c4c948552e1347997c39320f0ca6,14.177370509701234,0.0061902322404371,33.54098217111658,59.2652224056021,/data/jaguir26/local/src/Article-Q-DESN/application/data_local/pricefm/campaigns/pricefm_stage_r97_global_region_frozen_campaign_20260908/global_scoring/runs/region=HR/fold=1/score/test_metric.csv,ba2d1bdf0600ff6a942ffb6c3ee1e1278de0f3a1fe6aaf92c2631d98365db04b,qdesn_exal_rhs_ns_exact_chunked,7.124005922071876,current_r3q,covm_hr_f1_graphsum_g1_d1_n120_s035,graph_summary_mean,qdesn_exal_rhs_ns_r98_region_frozen,13.75939352877943,0.0021412037037037,32.05783983737287,46.25689609716475,8.691007453696567,5.068386075082863,6.635387606707554,pricefm_wins,R98_coordinator_ready_not_integrated,prospective_region_frozen_validation_only_protocol,complete_114_case_replacement_regardless_of_performance,fold1_train_internal_temporal_validation_and_fold1_outer_validation,True,True,True,False,False,audit_and_reporting_only,False,False,False,False,False
HR,2,exal,16.144769299033385,0.0752597109304426,40.94909130219511,58.67855485774916,9.416938795578552,12.05168368717721,6.7278305034548325,4.093085611856175,0.0001,168,3,"[96,64,48]",0.25,0.9,0.2,target_only,final_layer,R97,/data/jaguir26/local/src/Article-Q-DESN/application/data_local/pricefm/campaigns/pricefm_stage_r97_global_region_frozen_campaign_20260908/region_closeouts/HR/pricefm_stage_r97_selected_atom_manifest.csv,0ef31b702732d75c9878b7b0b75efc2ce4a1c4c948552e1347997c39320f0ca6,9.23907255070134,0.0051938657407407,23.191738285142723,33.92465077128944,/data/jaguir26/local/src/Article-Q-DESN/application/data_local/pricefm/campaigns/pricefm_stage_r97_global_region_frozen_campaign_20260908/global_scoring/runs/region=HR/fold=2/score/test_metric.csv,9ff7b860eb4df9a78497d79711b28a974ac194c2ec77e0eae02e3913f01606b2,qdesn_exal_rhs_ns_exact_chunked,9.416938795578552,current_r3q,covm_hr_f2_graphsum_g1_d1_n120_s035,graph_summary_mean,qdesn_exal_rhs_ns_r98_region_frozen,16.144769299033385,0.0752597109304426,40.94909130219511,58.67855485774916,12.05168368717721,4.093085611856175,6.7278305034548325,pricefm_wins,R98_coordinator_ready_not_integrated,prospective_region_frozen_validation_only_protocol,complete_114_case_replacement_regardless_of_performance,fold1_train_internal_temporal_validation_and_fold1_outer_validation,True,True,True,False,False,audit_and_reporting_only,False,False,False,False,False
HR,3,exal,12.815914747045548,0.0121954690346083,31.57588367625544,41.32595457529308,9.95242512200148,8.529764999237905,2.863489625044066,4.286149747807642,0.0001,168,3,"[96,64,48]",0.25,0.9,0.2,target_only,final_layer,R97,/data/jaguir26/local/src/Article-Q-DESN/application/data_local/pricefm/campaigns/pricefm_stage_r97_global_region_frozen_campaign_20260908/region_closeouts/HR/pricefm_stage_r97_selected_atom_manifest.csv,0ef31b702732d75c9878b7b0b75efc2ce4a1c4c948552e1347997c39320f0ca6,11.17373251304803,0.0220613143631436,28.15313382526601,40.37030070751606,/data/jaguir26/local/src/Article-Q-DESN/application/data_local/pricefm/campaigns/pricefm_stage_r97_global_region_frozen_campaign_20260908/global_scoring/runs/region=HR/fold=3/score/test_metric.csv,8a60e4410d7f04ecbb65340dba00e05d75b7f8c41431e82a92f197c2774a728b,qdesn_al_rhs_ns_exact_chunked,9.95242512200148,current_r3q,covm_hr_f3_graphsum_g1_d1_n120_s035,graph_summary_mean,qdesn_exal_rhs_ns_r98_region_frozen,12.815914747045548,0.0121954690346083,31.57588367625544,41.32595457529308,8.529764999237905,4.286149747807643,2.8634896250440676,pricefm_wins,R98_coordinator_ready_not_integrated,prospective_region_frozen_validation_only_protocol,complete_114_case_replacement_regardless_of_performance,fold1_train_internal_temporal_validation_and_fold1_outer_validation,True,True,True,False,False,audit_and_reporting_only,False,False,False,False,False
HU,1,al,9.449983720529996,0.0150318287037037,23.332404583859272,34.528577866111675,7.871386186505393,8.500269904729523,1.5785975340246037,0.9497138158004734,0.0001,168,3,"[80,80,80]",0.35,0.95,0.25,target_only,final_layer,R97,/data/jaguir26/local/src/Article-Q-DESN/application/data_local/pricefm/campaigns/pricefm_stage_r97_global_region_frozen_campaign_20260908/region_closeouts/HU/pricefm_stage_r97_selected_atom_manifest.csv,816ae3f47db4a2f13fde92ee5090d54ee0133fa90089c1a25adfd20f0ec5a728,13.450871377300953,0.0073855874316939,32.23864424917214,67.5445466299275,/data/jaguir26/local/src/Article-Q-DESN/application/data_local/pricefm/campaigns/pricefm_stage_r97_global_region_frozen_campaign_20260908/global_scoring/runs/region=HU/fold=1/score/test_metric.csv,e4d846c96d75e3b26ae1b5813ed0a921e3608a472585463b00ee0e9ad83fb3ed,qdesn_exal_rhs_ns_exact_chunked,7.871386186505393,stage_m,stageh_hu_f1_graphd2_input_low_seedrob20260625,graph_khop,qdesn_al_rhs_ns_r98_region_frozen,9.449983720529996,0.0150318287037037,23.332404583859272,34.528577866111675,8.500269904729523,0.9497138158004734,1.5785975340246035,pricefm_wins,R98_coordinator_ready_not_integrated,prospective_region_frozen_validation_only_protocol,complete_114_case_replacement_regardless_of_performance,fold1_train_internal_temporal_validation_and_fold1_outer_validation,True,True,True,False,False,audit_and_reporting_only,False,False,False,False,False
HU,2,al,11.938826706983376,0.0677365627822945,29.459804244795425,41.35054422313552,8.68414129014653,7.322209389048813,3.254685416836848,4.616617317934565,0.0001,168,3,"[80,80,80]",0.35,0.95,0.25,target_only,final_layer,R97,/data/jaguir26/local/src/Article-Q-DESN/application/data_local/pricefm/campaigns/pricefm_stage_r97_global_region_frozen_campaign_20260908/region_closeouts/HU/pricefm_stage_r97_selected_atom_manifest.csv,816ae3f47db4a2f13fde92ee5090d54ee0133fa90089c1a25adfd20f0ec5a728,9.299657896152423,0.0347077546296296,22.97520901495372,34.42261495607599,/data/jaguir26/local/src/Article-Q-DESN/application/data_local/pricefm/campaigns/pricefm_stage_r97_global_region_frozen_campaign_20260908/global_scoring/runs/region=HU/fold=2/score/test_metric.csv,8e86b3da293df9956b11d9d1db28a6308c8eccc20b59d712558533759cb7a1f1,qdesn_exal_rhs_ns_exact_chunked,8.68414129014653,stage_m,stageg_hu_f2_graphd1_d3_compact_seedrob20260618,graph_khop,qdesn_al_rhs_ns_r98_region_frozen,11.938826706983376,0.0677365627822945,29.459804244795425,41.35054422313552,7.322209389048813,4.616617317934563,3.254685416836846,pricefm_wins,R98_coordinator_ready_not_integrated,prospective_region_frozen_validation_only_protocol,complete_114_case_replacement_regardless_of_performance,fold1_train_internal_temporal_validation_and_fold1_outer_validation,True,True,True,False,False,audit_and_reporting_only,False,False,False,False,False
HU,3,al,12.282675602968087,0.0204633424408014,25.266076805568755,44.171142798927534,8.853840035894729,8.545043006069651,3.4288355670733583,3.737632596898436,0.0001,168,3,"[80,80,80]",0.35,0.95,0.25,target_only,final_layer,R97,/data/jaguir26/local/src/Article-Q-DESN/application/data_local/pricefm/campaigns/pricefm_stage_r97_global_region_frozen_campaign_20260908/region_closeouts/HU/pricefm_stage_r97_selected_atom_manifest.csv,816ae3f47db4a2f13fde92ee5090d54ee0133fa90089c1a25adfd20f0ec5a728,10.492291313213618,0.0424853206865402,26.474867445895363,37.87785008576323,/data/jaguir26/local/src/Article-Q-DESN/application/data_local/pricefm/campaigns/pricefm_stage_r97_global_region_frozen_campaign_20260908/global_scoring/runs/region=HU/fold=3/score/test_metric.csv,857038875d0a921e343a5363b48712d15e9d6bcc796b14cc6751028692db06a3,qdesn_exal_rhs_ns_exact_chunked,8.853840035894729,stage_m,stagef_hu_f3_graphd2_alpha_lo_seedrob20260618,graph_khop,qdesn_al_rhs_ns_r98_region_frozen,12.282675602968087,0.0204633424408014,25.266076805568755,44.171142798927534,8.545043006069651,3.737632596898436,3.4288355670733583,pricefm_wins,R98_coordinator_ready_not_integrated,prospective_region_frozen_validation_only_protocol,complete_114_case_replacement_regardless_of_performance,fold1_train_internal_temporal_validation_and_fold1_outer_validation,True,True,True,False,False,audit_and_reporting_only,False,False,False,False,False
IT_CALA,1,exal,4.938160957026656,0.0337384259259259,12.120073399900752,17.6174324962225,6.732704491093766,6.44544640392959,-1.7945435340671096,-1.5072854469029338,0.001,168,3,"[80,80,80]",0.25,0.95,0.2,graph_khop,final_layer,R97,/data/jaguir26/local/src/Article-Q-DESN/application/data_local/pricefm/campaigns/pricefm_stage_r97_global_region_frozen_campaign_20260908/region_closeouts/IT_CALA/pricefm_stage_r97_selected_atom_manifest.csv,64b7ee57ffae614eaf4eff1d639410c354c210bde0c2053eb9592e755f044250,5.024768610125501,0.0144865664845173,12.453831419108049,17.546017845427002,/data/jaguir26/local/src/Article-Q-DESN/application/data_local/pricefm/campaigns/pricefm_stage_r97_global_region_frozen_campaign_20260908/global_scoring/runs/region=IT_CALA/fold=1/score/test_metric.csv,dd52d6cc07dbd0398e0a698f0a89c094ae55f542b483bed73a763c4130113f8c,qdesn_al_rhs_ns_exact_chunked,6.732704491093766,current_r3q,covm_itcala_f1_graphsum_g1_d1_n120_s035,graph_summary_mean,qdesn_exal_rhs_ns_r98_region_frozen,4.938160957026656,0.0337384259259259,12.120073399900752,17.6174324962225,6.44544640392959,-1.5072854469029338,-1.7945435340671096,qdesn_wins,R98_coordinator_ready_not_integrated,prospective_region_frozen_validation_only_protocol,complete_114_case_replacement_regardless_of_performance,fold1_train_internal_temporal_validation_and_fold1_outer_validation,True,True,True,False,False,audit_and_reporting_only,False,False,False,False,False
IT_CALA,2,exal,5.083441565537607,0.0216943315266486,12.42599706564109,18.52967481055061,5.636662454293292,5.234290706875307,-0.5532208887556855,-0.1508491413377006,0.001,168,3,"[80,80,80]",0.25,0.95,0.2,graph_khop,final_layer,R97,/data/jaguir26/local/src/Article-Q-DESN/application/data_local/pricefm/campaigns/pricefm_stage_r97_global_region_frozen_campaign_20260908/region_closeouts/IT_CALA/pricefm_stage_r97_selected_atom_manifest.csv,64b7ee57ffae614eaf4eff1d639410c354c210bde0c2053eb9592e755f044250,4.741631935888477,0.0325086805555555,11.604999451967467,17.214076130586232,/data/jaguir26/local/src/Article-Q-DESN/application/data_local/pricefm/campaigns/pricefm_stage_r97_global_region_frozen_campaign_20260908/global_scoring/runs/region=IT_CALA/fold=2/score/test_metric.csv,b34d61cd94c520eb297f428121f5fc9fbf79bd5bc00185ebcd99275bc3adf1d4,qdesn_al_rhs_ns_exact_chunked,5.636662454293292,current_r3q,covm_itcala_f2_target_d2_n080x080_s035,target_only,qdesn_exal_rhs_ns_r98_region_frozen,5.083441565537607,0.0216943315266486,12.42599706564109,18.52967481055061,5.234290706875307,-0.15084914133770067,-0.5532208887556855,qdesn_wins,R98_coordinator_ready_not_integrated,prospective_region_frozen_validation_only_protocol,complete_114_case_replacement_regardless_of_performance,fold1_train_internal_temporal_validation_and_fold1_outer_validation,True,True,True,False,False,audit_and_reporting_only,False,False,False,False,False
IT_CALA,3,exal,4.870373964533954,0.0185137750455373,11.957215874781562,17.139859977899075,5.422361012169061,4.954955435837609,-0.551987047635107,-0.0845814713036547,0.001,168,3,"[80,80,80]",0.25,0.95,0.2,graph_khop,final_layer,R97,/data/jaguir26/local/src/Article-Q-DESN/application/data_local/pricefm/campaigns/pricefm_stage_r97_global_region_frozen_campaign_20260908/region_closeouts/IT_CALA/pricefm_stage_r97_selected_atom_manifest.csv,64b7ee57ffae614eaf4eff1d639410c354c210bde0c2053eb9592e755f044250,5.004509974324297,0.0138606594399277,12.244274782033582,18.64351315182884,/data/jaguir26/local/src/Article-Q-DESN/application/data_local/pricefm/campaigns/pricefm_stage_r97_global_region_frozen_campaign_20260908/global_scoring/runs/region=IT_CALA/fold=3/score/test_metric.csv,6c33a4a71b77e853287d61f14e65f211279346743f3a28bbcb6280845a733427,qdesn_exal_rhs_ns_exact_chunked,5.422361012169061,current_r3q,covm_itcala_f3_graphsum_g1_d1_n120_s035,graph_summary_mean,qdesn_exal_rhs_ns_r98_region_frozen,4.870373964533954,0.0185137750455373,11.957215874781562,17.139859977899075,4.954955435837609,-0.08458147130365479,-0.551987047635107,qdesn_wins,R98_coordinator_ready_not_integrated,prospective_region_frozen_validation_only_protocol,complete_114_case_replacement_regardless_of_performance,fold1_train_internal_temporal_validation_and_fold1_outer_validation,True,True,True,False,False,audit_and_reporting_only,False,False,False,False,False
IT_CNOR,1,exal,6.964620531552234,0.1758969907407407,12.253436746991513,16.45663316780504,4.692526808201997,5.940015534943226,2.2720937233502374,1.0246049966090078,0.01,96,1,[64],0.5,0.82,0.15,target_only,final_layer,R97,/data/jaguir26/local/src/Article-Q-DESN/application/data_local/pricefm/campaigns/pricefm_stage_r97_global_region_frozen_campaign_20260908/region_closeouts/IT_CNOR/pricefm_stage_r97_selected_atom_manifest.csv,b1e4d8b0cf4718b1e971b601fbc3f051b72b8497eb3bb329bc5353812d0a6144,4.316254727684372,0.0008680555555555,10.609434024361136,15.269654006067569,/data/jaguir26/local/src/Article-Q-DESN/application/data_local/pricefm/campaigns/pricefm_stage_r97_global_region_frozen_campaign_20260908/global_scoring/runs/region=IT_CNOR/fold=1/score/test_metric.csv,b419120b04418334db65a649c56df5ceca1ceac424b37137cb056960a8d4946b,qdesn_exal_rhs_ns_exact_chunked,4.692526808201997,current_r3q,r3_itcnor_f1_spread_center_seed20260704,graph_neighbor_spread_summary,qdesn_exal_rhs_ns_r98_region_frozen,6.964620531552234,0.1758969907407407,12.253436746991513,16.45663316780504,5.940015534943226,1.0246049966090078,2.2720937233502374,pricefm_wins,R98_coordinator_ready_not_integrated,prospective_region_frozen_validation_only_protocol,complete_114_case_replacement_regardless_of_performance,fold1_train_internal_temporal_validation_and_fold1_outer_validation,True,True,True,False,False,audit_and_reporting_only,False,False,False,False,False
IT_CNOR,2,exal,5.704643453250919,0.1199186991869918,12.211832851263562,16.778525348902676,4.810840436860763,5.162117952357158,0.893803016390156,0.5425255008937615,0.01,96,1,[64],0.5,0.82,0.15,target_only,final_layer,R97,/data/jaguir26/local/src/Article-Q-DESN/application/data_local/pricefm/campaigns/pricefm_stage_r97_global_region_frozen_campaign_20260908/region_closeouts/IT_CNOR/pricefm_stage_r97_selected_atom_manifest.csv,b1e4d8b0cf4718b1e971b601fbc3f051b72b8497eb3bb329bc5353812d0a6144,6.426381105840621,0.1686342592592592,12.203470644718262,16.522494234127937,/data/jaguir26/local/src/Article-Q-DESN/application/data_local/pricefm/campaigns/pricefm_stage_r97_global_region_frozen_campaign_20260908/global_scoring/runs/region=IT_CNOR/fold=2/score/test_metric.csv,0fa343fc98ff5241dc80a059c750e17a54b40b3d03c641ff2b3e90f5ce0d88d7,qdesn_exal_rhs_ns_exact_chunked,4.810840436860763,current_r3q,covm_itcnor_f2_target_d2_n080x080_s035,target_only,qdesn_exal_rhs_ns_r98_region_frozen,5.704643453250919,0.1199186991869918,12.211832851263562,16.778525348902676,5.162117952357158,0.5425255008937615,0.893803016390156,pricefm_wins,R98_coordinator_ready_not_integrated,prospective_region_frozen_validation_only_protocol,complete_114_case_replacement_regardless_of_performance,fold1_train_internal_temporal_validation_and_fold1_outer_validation,True,True,True,False,False,audit_and_reporting_only,False,False,False,False,False
IT_CNOR,3,exal,4.73095766444396,0.0035576047358834,12.185002821964176,16.272856695010354,4.487073348573037,4.713653306227151,0.2438843158709227,0.0173043582168084,0.01,96,1,[64],0.5,0.82,0.15,target_only,final_layer,R97,/data/jaguir26/local/src/Article-Q-DESN/application/data_local/pricefm/campaigns/pricefm_stage_r97_global_region_frozen_campaign_20260908/region_closeouts/IT_CNOR/pricefm_stage_r97_selected_atom_manifest.csv,b1e4d8b0cf4718b1e971b601fbc3f051b72b8497eb3bb329bc5353812d0a6144,4.581775886423895,0.0101626016260162,11.279639063180928,16.048130018277874,/data/jaguir26/local/src/Article-Q-DESN/application/data_local/pricefm/campaigns/pricefm_stage_r97_global_region_frozen_campaign_20260908/global_scoring/runs/region=IT_CNOR/fold=3/score/test_metric.csv,da8b6c23a50ec012cb48eece9d4c6fc5a96610064a22394accd30a3984ea269a,qdesn_exal_rhs_ns_exact_chunked,4.487073348573037,current_r3q,covm_itcnor_f3_target_d1_n120_s025,target_only,qdesn_exal_rhs_ns_r98_region_frozen,4.73095766444396,0.0035576047358834,12.185002821964176,16.272856695010354,4.713653306227151,0.017304358216809312,0.24388431587092363,pricefm_wins,R98_coordinator_ready_not_integrated,prospective_region_frozen_validation_only_protocol,complete_114_case_replacement_regardless_of_performance,fold1_train_internal_temporal_validation_and_fold1_outer_validation,True,True,True,False,False,audit_and_reporting_only,False,False,False,False,False
IT_CSUD,1,exal,5.182566343903774,0.0079427083333333,12.787423948744015,17.107867095682284,5.128550921544743,5.527036489485727,0.054015422359031,-0.344470145581953,0.001,240,2,"[80,80]",0.35,0.9,0.25,target_only,final_layer,R97,/data/jaguir26/local/src/Article-Q-DESN/application/data_local/pricefm/campaigns/pricefm_stage_r97_global_region_frozen_campaign_20260908/region_closeouts/IT_CSUD/pricefm_stage_r97_selected_atom_manifest.csv,3d20880795b10aaf8b83664b9f3bbca5091ab99ce418fc1484d744406211815e,4.56077740209952,0.0033441484517304,11.20885659259918,16.01383654500035,/data/jaguir26/local/src/Article-Q-DESN/application/data_local/pricefm/campaigns/pricefm_stage_r97_global_region_frozen_campaign_20260908/global_scoring/runs/region=IT_CSUD/fold=1/score/test_metric.csv,85c535e290d52a6a19007fdbb46ead6a5b45cacf5fafca3de3516e7b5520016c,qdesn_exal_rhs_ns_exact_chunked,5.128550921544743,current_r3q,covm_itcsud_f1_graphsum_g1_d1_n120_s035,graph_summary_mean,qdesn_exal_rhs_ns_r98_region_frozen,5.182566343903774,0.0079427083333333,12.787423948744015,17.107867095682284,5.527036489485727,-0.344470145581953,0.05401542235903101,qdesn_wins,R98_coordinator_ready_not_integrated,prospective_region_frozen_validation_only_protocol,complete_114_case_replacement_regardless_of_performance,fold1_train_internal_temporal_validation_and_fold1_outer_validation,True,True,True,False,False,audit_and_reporting_only,False,False,False,False,False
IT_CSUD,2,exal,5.166952178917475,0.010670731707317,12.773794951086694,17.264040409919243,5.109183637667177,5.972730614439017,0.0577685412502981,-0.8057784355215425,0.001,240,2,"[80,80]",0.35,0.9,0.25,target_only,final_layer,R97,/data/jaguir26/local/src/Article-Q-DESN/application/data_local/pricefm/campaigns/pricefm_stage_r97_global_region_frozen_campaign_20260908/region_closeouts/IT_CSUD/pricefm_stage_r97_selected_atom_manifest.csv,3d20880795b10aaf8b83664b9f3bbca5091ab99ce418fc1484d744406211815e,4.8742463321525,0.0055700231481481,12.084381999186478,16.346905576663605,/data/jaguir26/local/src/Article-Q-DESN/application/data_local/pricefm/campaigns/pricefm_stage_r97_global_region_frozen_campaign_20260908/global_scoring/runs/region=IT_CSUD/fold=2/score/test_metric.csv,900a577586553f47616f9417fdeee52d58155d285ea8b3ae7f1ff4ad6e608357,qdesn_exal_rhs_ns_exact_chunked,5.109183637667177,current_r3q,covm_itcsud_f2_graphsum_g1_d1_n120_s035,graph_summary_mean,qdesn_exal_rhs_ns_r98_region_frozen,5.166952178917475,0.010670731707317,12.773794951086694,17.264040409919243,5.972730614439017,-0.8057784355215425,0.05776854125029818,qdesn_wins,R98_coordinator_ready_not_integrated,prospective_region_frozen_validation_only_protocol,complete_114_case_replacement_regardless_of_performance,fold1_train_internal_temporal_validation_and_fold1_outer_validation,True,True,True,False,False,audit_and_reporting_only,False,False,False,False,False
IT_CSUD,3,exal,5.439673132667864,0.0021914845173041,13.441460178002224,17.483199442850314,4.792006994791191,4.128051833548688,0.6476661378766728,1.3116212991191762,0.001,240,2,"[80,80]",0.35,0.9,0.25,target_only,final_layer,R97,/data/jaguir26/local/src/Article-Q-DESN/application/data_local/pricefm/campaigns/pricefm_stage_r97_global_region_frozen_campaign_20260908/region_closeouts/IT_CSUD/pricefm_stage_r97_selected_atom_manifest.csv,3d20880795b10aaf8b83664b9f3bbca5091ab99ce418fc1484d744406211815e,4.888098959688708,0.0020748644986449,12.09590750407034,16.719964714213617,/data/jaguir26/local/src/Article-Q-DESN/application/data_local/pricefm/campaigns/pricefm_stage_r97_global_region_frozen_campaign_20260908/global_scoring/runs/region=IT_CSUD/fold=3/score/test_metric.csv,dfc45f109fffde5bf760c72bd536be219581b73cf414da051d4b1cebfbb02d3c,qdesn_exal_rhs_ns_exact_chunked,4.792006994791191,current_r3q,covm_itcsud_f3_graphsum_g1_d1_n120_s035,graph_summary_mean,qdesn_exal_rhs_ns_r98_region_frozen,5.439673132667864,0.0021914845173041,13.441460178002224,17.483199442850314,4.128051833548688,1.3116212991191762,0.6476661378766728,pricefm_wins,R98_coordinator_ready_not_integrated,prospective_region_frozen_validation_only_protocol,complete_114_case_replacement_regardless_of_performance,fold1_train_internal_temporal_validation_and_fold1_outer_validation,True,True,True,False,False,audit_and_reporting_only,False,False,False,False,False
IT_NORD,1,exal,5.360752857708304,0.1442129629629629,12.55189284387157,18.002972746768783,6.6507554202324055,7.853289154228682,-1.2900025625241014,-2.492536296520377,0.0001,240,3,"[64,64,64]",0.55,0.82,0.15,graph_summary_mean_std,final_layer,R97,/data/jaguir26/local/src/Article-Q-DESN/application/data_local/pricefm/campaigns/pricefm_stage_r97_global_region_frozen_campaign_20260908/region_closeouts/IT_NORD/pricefm_stage_r97_selected_atom_manifest.csv,9b3ad8d04ee199e8d16377246ec35263c11186328caac389cbaddb21af20cadb,4.2573735735428,0.0136612021857923,10.546866308654325,14.506640698213486,/data/jaguir26/local/src/Article-Q-DESN/application/data_local/pricefm/campaigns/pricefm_stage_r97_global_region_frozen_campaign_20260908/global_scoring/runs/region=IT_NORD/fold=1/score/test_metric.csv,c55d7fc87fd3faa4d37a060ae677b7cdf0b805fdb61d9a32763f962b3692c40c,qdesn_exal_rhs_ns_exact_chunked,6.6507554202324055,provenance_bridge_30,stageb_d2_l096_d2_n080x080_a0p4_r0p9_in0p35_seed20260603,target_only,qdesn_exal_rhs_ns_r98_region_frozen,5.360752857708304,0.1442129629629629,12.55189284387157,18.002972746768783,7.853289154228682,-2.4925362965203774,-1.2900025625241014,qdesn_wins,R98_coordinator_ready_not_integrated,prospective_region_frozen_validation_only_protocol,complete_114_case_replacement_regardless_of_performance,fold1_train_internal_temporal_validation_and_fold1_outer_validation,True,True,True,False,False,audit_and_reporting_only,False,False,False,False,False
IT_NORD,2,exal,5.09090161398041,0.0873983739837398,12.51018319057404,16.988537356712275,5.481948096922648,6.7278163184810085,-0.3910464829422375,-1.6369147045005985,0.0001,240,3,"[64,64,64]",0.55,0.82,0.15,graph_summary_mean_std,final_layer,R97,/data/jaguir26/local/src/Article-Q-DESN/application/data_local/pricefm/campaigns/pricefm_stage_r97_global_region_frozen_campaign_20260908/region_closeouts/IT_NORD/pricefm_stage_r97_selected_atom_manifest.csv,9b3ad8d04ee199e8d16377246ec35263c11186328caac389cbaddb21af20cadb,4.968783261626628,0.1063223379629629,12.50885102787143,18.4047999960934,/data/jaguir26/local/src/Article-Q-DESN/application/data_local/pricefm/campaigns/pricefm_stage_r97_global_region_frozen_campaign_20260908/global_scoring/runs/region=IT_NORD/fold=2/score/test_metric.csv,1c11e3fb228a0c3a75d3249f57f4cdf1de13cc1873e00d7a8e7724f5cd804013,qdesn_exal_rhs_ns_exact_chunked,5.481948096922648,provenance_bridge_30,stageb_d2_l096_d2_n080x080_a0p4_r0p9_in0p35_seed20260603,target_only,qdesn_exal_rhs_ns_r98_region_frozen,5.09090161398041,0.0873983739837398,12.51018319057404,16.988537356712275,6.7278163184810085,-1.6369147045005983,-0.39104648294223754,qdesn_wins,R98_coordinator_ready_not_integrated,prospective_region_frozen_validation_only_protocol,complete_114_case_replacement_regardless_of_performance,fold1_train_internal_temporal_validation_and_fold1_outer_validation,True,True,True,False,False,audit_and_reporting_only,False,False,False,False,False
IT_NORD,3,exal,4.351661651872739,0.0289731329690346,11.161996665148596,14.684041662381649,4.45544588449818,5.840088837620187,-0.1037842326254407,-1.4884271857474485,0.0001,240,3,"[64,64,64]",0.55,0.82,0.15,graph_summary_mean_std,final_layer,R97,/data/jaguir26/local/src/Article-Q-DESN/application/data_local/pricefm/campaigns/pricefm_stage_r97_global_region_frozen_campaign_20260908/region_closeouts/IT_NORD/pricefm_stage_r97_selected_atom_manifest.csv,9b3ad8d04ee199e8d16377246ec35263c11186328caac389cbaddb21af20cadb,4.597961968582189,0.0315040650406504,11.462532425196065,15.861965909357451,/data/jaguir26/local/src/Article-Q-DESN/application/data_local/pricefm/campaigns/pricefm_stage_r97_global_region_frozen_campaign_20260908/global_scoring/runs/region=IT_NORD/fold=3/score/test_metric.csv,af7e11eae5d02fcd20b0c9e0199d747dfe5044927f670abf9927fbe8f907f936,qdesn_exal_rhs_ns_exact_chunked,4.45544588449818,provenance_bridge_30,stageb_d2_l096_d2_n080x080_a0p4_r0p9_in0p35_seed20260603,target_only,qdesn_exal_rhs_ns_r98_region_frozen,4.351661651872739,0.0289731329690346,11.161996665148596,14.684041662381649,5.840088837620187,-1.4884271857474483,-0.10378423262544079,qdesn_wins,R98_coordinator_ready_not_integrated,prospective_region_frozen_validation_only_protocol,complete_114_case_replacement_regardless_of_performance,fold1_train_internal_temporal_validation_and_fold1_outer_validation,True,True,True,False,False,audit_and_reporting_only,False,False,False,False,False
IT_SARD,1,al,6.312170693283417,0.031958912037037,15.602753056195487,22.87083118971509,6.958672355036591,6.50715628745282,-0.6465016617531738,-0.1949855941694025,0.0005,240,3,"[40,40,40]",0.55,0.82,0.2,target_only,final_layer,R97,/data/jaguir26/local/src/Article-Q-DESN/application/data_local/pricefm/campaigns/pricefm_stage_r97_global_region_frozen_campaign_20260908/region_closeouts/IT_SARD/pricefm_stage_r97_selected_atom_manifest.csv,f35aa6a0e1b837a0c125a104b67c9d94ef54ea47765f21d3d3f49ccafacbb725,5.701196802591319,0.005094489981785,14.065566897379554,21.160032482346075,/data/jaguir26/local/src/Article-Q-DESN/application/data_local/pricefm/campaigns/pricefm_stage_r97_global_region_frozen_campaign_20260908/global_scoring/runs/region=IT_SARD/fold=1/score/test_metric.csv,4b17da24f97864225f1e18560754bcdf3e1832a3d2fcdb04c6baf4b5dbe446a6,qdesn_exal_rhs_ns_exact_chunked,6.958672355036591,current_r3q,covm_itsard_f1_graphsum_g1_d1_n120_s035,graph_summary_mean,qdesn_al_rhs_ns_r98_region_frozen,6.312170693283417,0.031958912037037,15.602753056195487,22.87083118971509,6.50715628745282,-0.19498559416940253,-0.6465016617531738,qdesn_wins,R98_coordinator_ready_not_integrated,prospective_region_frozen_validation_only_protocol,complete_114_case_replacement_regardless_of_performance,fold1_train_internal_temporal_validation_and_fold1_outer_validation,True,True,True,False,False,audit_and_reporting_only,False,False,False,False,False
IT_SARD,2,al,7.018756119468255,0.0512505645889792,17.105666176211642,24.65107993387904,7.222532603123841,6.9404718462013735,-0.2037764836555862,0.0782842732668811,0.0005,240,3,"[40,40,40]",0.55,0.82,0.2,target_only,final_layer,R97,/data/jaguir26/local/src/Article-Q-DESN/application/data_local/pricefm/campaigns/pricefm_stage_r97_global_region_frozen_campaign_20260908/region_closeouts/IT_SARD/pricefm_stage_r97_selected_atom_manifest.csv,f35aa6a0e1b837a0c125a104b67c9d94ef54ea47765f21d3d3f49ccafacbb725,6.169624927955862,0.0578848379629629,15.150999960087317,22.625007332315125,/data/jaguir26/local/src/Article-Q-DESN/application/data_local/pricefm/campaigns/pricefm_stage_r97_global_region_frozen_campaign_20260908/global_scoring/runs/region=IT_SARD/fold=2/score/test_metric.csv,7f0f3108a3865438a1615e0df350e844d3a241207f50bedcb5ddac446de69850,qdesn_exal_rhs_ns_exact_chunked,7.222532603123841,current_r3q,covm_itsard_f2_target_d1_n120_s025,target_only,qdesn_al_rhs_ns_r98_region_frozen,7.018756119468255,0.0512505645889792,17.105666176211642,24.65107993387904,6.9404718462013735,0.07828427326688114,-0.2037764836555862,pricefm_wins,R98_coordinator_ready_not_integrated,prospective_region_frozen_validation_only_protocol,complete_114_case_replacement_regardless_of_performance,fold1_train_internal_temporal_validation_and_fold1_outer_validation,True,True,True,False,False,audit_and_reporting_only,False,False,False,False,False
IT_SARD,3,al,5.804932243693033,0.0132627504553734,14.129638816646194,19.083409313808847,6.087021097691635,5.245518417327204,-0.2820888539986024,0.5594138263658293,0.0005,240,3,"[40,40,40]",0.55,0.82,0.2,target_only,final_layer,R97,/data/jaguir26/local/src/Article-Q-DESN/application/data_local/pricefm/campaigns/pricefm_stage_r97_global_region_frozen_campaign_20260908/region_closeouts/IT_SARD/pricefm_stage_r97_selected_atom_manifest.csv,f35aa6a0e1b837a0c125a104b67c9d94ef54ea47765f21d3d3f49ccafacbb725,6.8350570754423945,0.0322803748870822,16.861821704382585,24.589789888305887,/data/jaguir26/local/src/Article-Q-DESN/application/data_local/pricefm/campaigns/pricefm_stage_r97_global_region_frozen_campaign_20260908/global_scoring/runs/region=IT_SARD/fold=3/score/test_metric.csv,f65c5ea519fbf8833595bb5cb0c2e756c0174d81788fc757e633a45ea1447cb6,qdesn_exal_rhs_ns_exact_chunked,6.087021097691635,current_r3q,covm_itsard_f3_graphsum_g1_d1_n120_s035,graph_summary_mean,qdesn_al_rhs_ns_r98_region_frozen,5.804932243693033,0.0132627504553734,14.129638816646194,19.083409313808847,5.245518417327204,0.5594138263658293,-0.2820888539986024,pricefm_wins,R98_coordinator_ready_not_integrated,prospective_region_frozen_validation_only_protocol,complete_114_case_replacement_regardless_of_performance,fold1_train_internal_temporal_validation_and_fold1_outer_validation,True,True,True,False,False,audit_and_reporting_only,False,False,False,False,False
IT_SICI,1,exal,5.6517048018423965,0.0104890046296296,13.802971082142143,20.842782666278712,5.976764924897453,6.695733221234267,-0.3250601230550565,-1.0440284193918703,0.01,240,2,"[96,48]",0.55,0.9,0.15,graph_khop,final_layer,R97,/data/jaguir26/local/src/Article-Q-DESN/application/data_local/pricefm/campaigns/pricefm_stage_r97_global_region_frozen_campaign_20260908/region_closeouts/IT_SICI/pricefm_stage_r97_selected_atom_manifest.csv,94e5105863b9c1e6f0cb55adb457be5f705bd6c061659664cac6fa3d24973163,5.442160131107955,0.0007257513661202,13.18143063164681,20.56746057021968,/data/jaguir26/local/src/Article-Q-DESN/application/data_local/pricefm/campaigns/pricefm_stage_r97_global_region_frozen_campaign_20260908/global_scoring/runs/region=IT_SICI/fold=1/score/test_metric.csv,d707790cf7f33dcb0278463102c16def1ac6312615c5ddff5075b1c82fd9ca78,qdesn_exal_rhs_ns_exact_chunked,5.976764924897453,provenance_bridge_30,depthcore_d2_units80x80_input_scale0p25,target_only,qdesn_exal_rhs_ns_r98_region_frozen,5.6517048018423965,0.0104890046296296,13.802971082142143,20.842782666278712,6.695733221234267,-1.0440284193918705,-0.3250601230550565,qdesn_wins,R98_coordinator_ready_not_integrated,prospective_region_frozen_validation_only_protocol,complete_114_case_replacement_regardless_of_performance,fold1_train_internal_temporal_validation_and_fold1_outer_validation,True,True,True,False,False,audit_and_reporting_only,False,False,False,False,False
IT_SICI,2,exal,5.364289563071567,0.0088358175248419,13.1770338940651,19.40716227114713,5.2182898160030255,6.413955376169648,0.145999747068541,-1.0496658130980814,0.01,240,2,"[96,48]",0.55,0.9,0.15,graph_khop,final_layer,R97,/data/jaguir26/local/src/Article-Q-DESN/application/data_local/pricefm/campaigns/pricefm_stage_r97_global_region_frozen_campaign_20260908/region_closeouts/IT_SICI/pricefm_stage_r97_selected_atom_manifest.csv,94e5105863b9c1e6f0cb55adb457be5f705bd6c061659664cac6fa3d24973163,5.563676550422661,0.0024739583333333,13.586617532244706,20.86656023442138,/data/jaguir26/local/src/Article-Q-DESN/application/data_local/pricefm/campaigns/pricefm_stage_r97_global_region_frozen_campaign_20260908/global_scoring/runs/region=IT_SICI/fold=2/score/test_metric.csv,34e3d7a8e98952a35c3095393d601ec59a3684b1840cdc2384c570cf8bd606f2,qdesn_exal_rhs_ns_exact_chunked,5.2182898160030255,provenance_bridge_30,depthcore_d3_units40x40x40_input_scale0p25_graphd1_fold2_itsici,graph_khop,qdesn_exal_rhs_ns_r98_region_frozen,5.364289563071567,0.0088358175248419,13.1770338940651,19.40716227114713,6.413955376169648,-1.0496658130980814,0.14599974706854102,qdesn_wins,R98_coordinator_ready_not_integrated,prospective_region_frozen_validation_only_protocol,complete_114_case_replacement_regardless_of_performance,fold1_train_internal_temporal_validation_and_fold1_outer_validation,True,True,True,False,False,audit_and_reporting_only,False,False,False,False,False
IT_SICI,3,exal,5.197723357924834,0.0013518897996357,12.909000432966376,18.67337422474996,5.360795764435397,4.720522937917662,-0.1630724065105635,0.477200420007172,0.01,240,2,"[96,48]",0.55,0.9,0.15,graph_khop,final_layer,R97,/data/jaguir26/local/src/Article-Q-DESN/application/data_local/pricefm/campaigns/pricefm_stage_r97_global_region_frozen_campaign_20260908/region_closeouts/IT_SICI/pricefm_stage_r97_selected_atom_manifest.csv,94e5105863b9c1e6f0cb55adb457be5f705bd6c061659664cac6fa3d24973163,5.270353484484095,0.0041779584462511,12.941715551422105,19.407262165687023,/data/jaguir26/local/src/Article-Q-DESN/application/data_local/pricefm/campaigns/pricefm_stage_r97_global_region_frozen_campaign_20260908/global_scoring/runs/region=IT_SICI/fold=3/score/test_metric.csv,e01193daeb25496d129e8f7d1c05aa52f346079baa71c7747458f2a57467bcd3,qdesn_al_rhs_ns_exact_chunked,5.360795764435397,provenance_bridge_30,depthcore_d3_lowinput_input_scale0p2,target_only,qdesn_exal_rhs_ns_r98_region_frozen,5.197723357924834,0.0013518897996357,12.909000432966376,18.67337422474996,4.720522937917662,0.477200420007172,-0.16307240651056354,pricefm_wins,R98_coordinator_ready_not_integrated,prospective_region_frozen_validation_only_protocol,complete_114_case_replacement_regardless_of_performance,fold1_train_internal_temporal_validation_and_fold1_outer_validation,True,True,True,False,False,audit_and_reporting_only,False,False,False,False,False
IT_SUD,1,exal,5.027038456369022,0.0215711805555555,12.091671885802905,17.619548544759244,5.340008034741902,5.361024340012166,-0.3129695783728801,-0.3339858836431446,0.001,168,2,"[80,80]",0.55,0.82,0.2,graph_summary_mean,final_layer,R97,/data/jaguir26/local/src/Article-Q-DESN/application/data_local/pricefm/campaigns/pricefm_stage_r97_global_region_frozen_campaign_20260908/region_closeouts/IT_SUD/pricefm_stage_r97_selected_atom_manifest.csv,da8aa0734c64a986f18c36e9c4da9279d03250fb83796522c622db821e23e921,4.436974058051682,0.0,10.992686970656486,15.971123350168972,/data/jaguir26/local/src/Article-Q-DESN/application/data_local/pricefm/campaigns/pricefm_stage_r97_global_region_frozen_campaign_20260908/global_scoring/runs/region=IT_SUD/fold=1/score/test_metric.csv,00e9926076fa2a615339ff56d69fd9a48fe8bc8d076049262125f9c0fd346a60,qdesn_exal_rhs_ns_exact_chunked,5.340008034741902,current_r3q,covm_itsud_f1_graphsum_g1_d1_n120_s035,graph_summary_mean,qdesn_exal_rhs_ns_r98_region_frozen,5.027038456369022,0.0215711805555555,12.091671885802905,17.619548544759244,5.361024340012166,-0.33398588364314463,-0.3129695783728801,qdesn_wins,R98_coordinator_ready_not_integrated,prospective_region_frozen_validation_only_protocol,complete_114_case_replacement_regardless_of_performance,fold1_train_internal_temporal_validation_and_fold1_outer_validation,True,True,True,False,False,audit_and_reporting_only,False,False,False,False,False
IT_SUD,2,exal,5.2025216766488,0.0147498870822041,12.563747816435258,17.829909028600866,5.143669314802342,5.483599290998818,0.0588523618464584,-0.2810776143500177,0.001,168,2,"[80,80]",0.55,0.82,0.2,graph_summary_mean,final_layer,R97,/data/jaguir26/local/src/Article-Q-DESN/application/data_local/pricefm/campaigns/pricefm_stage_r97_global_region_frozen_campaign_20260908/region_closeouts/IT_SUD/pricefm_stage_r97_selected_atom_manifest.csv,da8aa0734c64a986f18c36e9c4da9279d03250fb83796522c622db821e23e921,4.8749815762822974,0.0078125,11.919131635521037,17.473117147014893,/data/jaguir26/local/src/Article-Q-DESN/application/data_local/pricefm/campaigns/pricefm_stage_r97_global_region_frozen_campaign_20260908/global_scoring/runs/region=IT_SUD/fold=2/score/test_metric.csv,5cbf6ee08a9efa87ca9ec70718065eb6b0849b66dcfc5c5ed7a4dd21aaca611e,qdesn_exal_rhs_ns_exact_chunked,5.143669314802342,current_r3q,covm_itsud_f2_target_d2_n080x080_s035,target_only,qdesn_exal_rhs_ns_r98_region_frozen,5.2025216766488,0.0147498870822041,12.563747816435258,17.829909028600866,5.483599290998818,-0.28107761435001777,0.05885236184645848,qdesn_wins,R98_coordinator_ready_not_integrated,prospective_region_frozen_validation_only_protocol,complete_114_case_replacement_regardless_of_performance,fold1_train_internal_temporal_validation_and_fold1_outer_validation,True,True,True,False,False,audit_and_reporting_only,False,False,False,False,False
IT_SUD,3,exal,5.08451481258744,0.0045110428051001,12.634609843959268,17.467982627698927,5.07374038873652,4.8684387615945255,0.0107744238509193,0.216076050992914,0.001,168,2,"[80,80]",0.55,0.82,0.2,graph_summary_mean,final_layer,R97,/data/jaguir26/local/src/Article-Q-DESN/application/data_local/pricefm/campaigns/pricefm_stage_r97_global_region_frozen_campaign_20260908/region_closeouts/IT_SUD/pricefm_stage_r97_selected_atom_manifest.csv,da8aa0734c64a986f18c36e9c4da9279d03250fb83796522c622db821e23e921,5.046749759497365,0.0054765130984643,12.380876518919052,17.86584435282713,/data/jaguir26/local/src/Article-Q-DESN/application/data_local/pricefm/campaigns/pricefm_stage_r97_global_region_frozen_campaign_20260908/global_scoring/runs/region=IT_SUD/fold=3/score/test_metric.csv,40a7de58c23b8fb34e15ab63fd0f97bb1d7538148844ddda6f80b52beba177f8,qdesn_exal_rhs_ns_exact_chunked,5.07374038873652,current_r3q,covm_itsud_f3_graphsum_g1_d1_n120_s035,graph_summary_mean,qdesn_exal_rhs_ns_r98_region_frozen,5.08451481258744,0.0045110428051001,12.634609843959268,17.467982627698927,4.8684387615945255,0.21607605099291494,0.0107744238509202,pricefm_wins,R98_coordinator_ready_not_integrated,prospective_region_frozen_validation_only_protocol,complete_114_case_replacement_regardless_of_performance,fold1_train_internal_temporal_validation_and_fold1_outer_validation,True,True,True,False,False,audit_and_reporting_only,False,False,False,False,False
LT,1,exal,14.96426223609808,0.0902633101851851,35.2563862782066,50.87709804698915,14.48059519155851,12.489886560812897,0.4836670445395707,2.4743756752851844,0.01,96,1,[48],0.25,0.9,0.2,graph_summary_mean,final_layer,R97,/data/jaguir26/local/src/Article-Q-DESN/application/data_local/pricefm/campaigns/pricefm_stage_r97_global_region_frozen_campaign_20260908/region_closeouts/LT/pricefm_stage_r97_selected_atom_manifest.csv,3996577cf91c4d62aa9f87ca70c7ea31a08a9633e5da94c25ee5b5cf61314c9b,18.45420971207632,0.0451531193078324,41.52847358817155,85.06411932892604,/data/jaguir26/local/src/Article-Q-DESN/application/data_local/pricefm/campaigns/pricefm_stage_r97_global_region_frozen_campaign_20260908/global_scoring/runs/region=LT/fold=1/score/test_metric.csv,5956aa944b208fa00a49dfcdb5e30c5accf9c7fa51b0cdcda042411e36c677ad,qdesn_exal_rhs_ns_exact_chunked,14.48059519155851,stage_m,stagec_p1_diversenewregions_lt_f1_d2_l096_d2_n080x080_a0p4_r0p9_in0p35_seed20260603,target_only,qdesn_exal_rhs_ns_r98_region_frozen,14.96426223609808,0.0902633101851851,35.2563862782066,50.87709804698915,12.489886560812897,2.4743756752851827,0.483667044539569,pricefm_wins,R98_coordinator_ready_not_integrated,prospective_region_frozen_validation_only_protocol,complete_114_case_replacement_regardless_of_performance,fold1_train_internal_temporal_validation_and_fold1_outer_validation,True,True,True,False,False,audit_and_reporting_only,False,False,False,False,False
LT,2,exal,11.065677918485838,0.0152721318879855,27.155100414219017,36.51689520313082,10.710845005302518,11.224242967183166,0.3548329131833192,-0.1585650486973282,0.01,96,1,[48],0.25,0.9,0.2,graph_summary_mean,final_layer,R97,/data/jaguir26/local/src/Article-Q-DESN/application/data_local/pricefm/campaigns/pricefm_stage_r97_global_region_frozen_campaign_20260908/region_closeouts/LT/pricefm_stage_r97_selected_atom_manifest.csv,3996577cf91c4d62aa9f87ca70c7ea31a08a9633e5da94c25ee5b5cf61314c9b,12.78800902164147,0.0070023148148148,31.41346629742756,47.08864102307767,/data/jaguir26/local/src/Article-Q-DESN/application/data_local/pricefm/campaigns/pricefm_stage_r97_global_region_frozen_campaign_20260908/global_scoring/runs/region=LT/fold=2/score/test_metric.csv,1c6e91d7f754b5f86dc6b01284314857471612242a80df1bb7762cedf1f4578a,qdesn_exal_rhs_ns_exact_chunked,10.710845005302518,stage_m,stageg_lt_f2_graphd1_input_lo_seedrob20260618,graph_khop,qdesn_exal_rhs_ns_r98_region_frozen,11.065677918485838,0.0152721318879855,27.155100414219017,36.51689520313082,11.224242967183166,-0.15856504869732824,0.3548329131833192,qdesn_wins,R98_coordinator_ready_not_integrated,prospective_region_frozen_validation_only_protocol,complete_114_case_replacement_regardless_of_performance,fold1_train_internal_temporal_validation_and_fold1_outer_validation,True,True,True,False,False,audit_and_reporting_only,False,False,False,False,False
LT,3,exal,12.894110042844938,0.0053364071038251,31.53967567865591,57.244007583397554,12.804693361110726,14.103602033691075,0.0894166817342121,-1.2094919908461377,0.01,96,1,[48],0.25,0.9,0.2,graph_summary_mean,final_layer,R97,/data/jaguir26/local/src/Article-Q-DESN/application/data_local/pricefm/campaigns/pricefm_stage_r97_global_region_frozen_campaign_20260908/region_closeouts/LT/pricefm_stage_r97_selected_atom_manifest.csv,3996577cf91c4d62aa9f87ca70c7ea31a08a9633e5da94c25ee5b5cf61314c9b,9.842197594126128,0.0047848915989159,24.647780293690204,33.323231892474915,/data/jaguir26/local/src/Article-Q-DESN/application/data_local/pricefm/campaigns/pricefm_stage_r97_global_region_frozen_campaign_20260908/global_scoring/runs/region=LT/fold=3/score/test_metric.csv,ae8aff8eb9aa08f3f47fff6ae2f98cd27ccbfdd34cde0bed14bd421d173bd815,qdesn_al_rhs_ns_exact_chunked,12.804693361110726,stage_m,stagef_lt_f3_graphd1_rho_hi_seedrob20260618,graph_khop,qdesn_exal_rhs_ns_r98_region_frozen,12.894110042844938,0.0053364071038251,31.53967567865591,57.244007583397554,14.103602033691075,-1.2094919908461375,0.08941668173421213,qdesn_wins,R98_coordinator_ready_not_integrated,prospective_region_frozen_validation_only_protocol,complete_114_case_replacement_regardless_of_performance,fold1_train_internal_temporal_validation_and_fold1_outer_validation,True,True,True,False,False,audit_and_reporting_only,False,False,False,False,False
LV,1,exal,14.898567972644347,0.0005063657407407,36.84007554802729,53.00078784416419,13.465938852704127,12.946992353016546,1.4326291199402217,1.951575619627804,0.01,96,3,"[40,40,40]",0.35,0.9,0.2,graph_summary_mean,final_layer,R97,/data/jaguir26/local/src/Article-Q-DESN/application/data_local/pricefm/campaigns/pricefm_stage_r97_global_region_frozen_campaign_20260908/region_closeouts/LV/pricefm_stage_r97_selected_atom_manifest.csv,aa069e68e0572049c1775320ba0493ca312d51357a24b6f68ef5dbbb87638cb5,13.7203309292285,0.0016080373406193,33.96995398818441,48.53156527136167,/data/jaguir26/local/src/Article-Q-DESN/application/data_local/pricefm/campaigns/pricefm_stage_r97_global_region_frozen_campaign_20260908/global_scoring/runs/region=LV/fold=1/score/test_metric.csv,9d94f01b60efb168c6f54f768fd7c71b52e6760a66ea95d94a6fb236fce80930,qdesn_al_rhs_ns_exact_chunked,13.465938852704127,stage_m,stagec_p1_diversenewregions_lv_f1_d2_l096_d2_n080x080_a0p4_r0p9_in0p35_seed20260603,target_only,qdesn_exal_rhs_ns_r98_region_frozen,14.898567972644347,0.0005063657407407,36.84007554802729,53.00078784416419,12.946992353016546,1.9515756196278016,1.43262911994022,pricefm_wins,R98_coordinator_ready_not_integrated,prospective_region_frozen_validation_only_protocol,complete_114_case_replacement_regardless_of_performance,fold1_train_internal_temporal_validation_and_fold1_outer_validation,True,True,True,False,False,audit_and_reporting_only,False,False,False,False,False
LV,2,exal,11.239454238270786,0.0002964092140921,28.4034219047902,37.47786006726236,10.670435658216178,10.44642655334104,0.5690185800546086,0.7930276849297471,0.01,96,3,"[40,40,40]",0.35,0.9,0.2,graph_summary_mean,final_layer,R97,/data/jaguir26/local/src/Article-Q-DESN/application/data_local/pricefm/campaigns/pricefm_stage_r97_global_region_frozen_campaign_20260908/region_closeouts/LV/pricefm_stage_r97_selected_atom_manifest.csv,aa069e68e0572049c1775320ba0493ca312d51357a24b6f68ef5dbbb87638cb5,14.438860923830775,0.0,35.7069949227126,51.88440144165662,/data/jaguir26/local/src/Article-Q-DESN/application/data_local/pricefm/campaigns/pricefm_stage_r97_global_region_frozen_campaign_20260908/global_scoring/runs/region=LV/fold=2/score/test_metric.csv,f9ba1c8ae012ca6609e2ca4265f527b130e862c0e0aaa176225c1e000b289f18,qdesn_exal_rhs_ns_exact_chunked,10.670435658216178,stage_m,stagec_p1_diversenewregions_lv_f2_d2_l096_d2_n080x080_a0p4_r0p9_in0p35_seed20260603,target_only,qdesn_exal_rhs_ns_r98_region_frozen,11.239454238270786,0.0002964092140921,28.4034219047902,37.47786006726236,10.44642655334104,0.7930276849297471,0.5690185800546086,pricefm_wins,R98_coordinator_ready_not_integrated,prospective_region_frozen_validation_only_protocol,complete_114_case_replacement_regardless_of_performance,fold1_train_internal_temporal_validation_and_fold1_outer_validation,True,True,True,False,False,audit_and_reporting_only,False,False,False,False,False
LV,3,exal,14.151980732777128,1.4230418943533698e-05,34.972028685545936,59.87848547813095,12.838357700378818,13.756952699006629,1.3136230323983096,0.3950280337704992,0.01,96,3,"[40,40,40]",0.35,0.9,0.2,graph_summary_mean,final_layer,R97,/data/jaguir26/local/src/Article-Q-DESN/application/data_local/pricefm/campaigns/pricefm_stage_r97_global_region_frozen_campaign_20260908/region_closeouts/LV/pricefm_stage_r97_selected_atom_manifest.csv,aa069e68e0572049c1775320ba0493ca312d51357a24b6f68ef5dbbb87638cb5,10.54813967491702,2.822944896115628e-05,26.473494551872125,35.28505350481445,/data/jaguir26/local/src/Article-Q-DESN/application/data_local/pricefm/campaigns/pricefm_stage_r97_global_region_frozen_campaign_20260908/global_scoring/runs/region=LV/fold=3/score/test_metric.csv,50084aa96547d3362f3697523b27aa54fad6e8afe4c658eb21df251a0054db39,qdesn_exal_rhs_ns_exact_chunked,12.838357700378818,stage_m,stagef_lv_f3_graphd2_base_seedrob20260616,graph_khop,qdesn_exal_rhs_ns_r98_region_frozen,14.151980732777128,1.4230418943533698e-05,34.972028685545936,59.87848547813095,13.756952699006629,0.3950280337704992,1.3136230323983096,pricefm_wins,R98_coordinator_ready_not_integrated,prospective_region_frozen_validation_only_protocol,complete_114_case_replacement_regardless_of_performance,fold1_train_internal_temporal_validation_and_fold1_outer_validation,True,True,True,False,False,audit_and_reporting_only,False,False,False,False,False
NL,1,exal,6.355438751981736,0.0014612268518518,15.84914869892238,24.47233288277506,5.370270990957525,7.24215554987866,0.9851677610242112,-0.8867167978969244,0.0005,168,1,[64],0.55,0.82,0.15,graph_summary_mean_std,final_layer,R97,/data/jaguir26/local/src/Article-Q-DESN/application/data_local/pricefm/campaigns/pricefm_stage_r97_global_region_frozen_campaign_20260908/region_closeouts/NL/pricefm_stage_r97_selected_atom_manifest.csv,0ce456d799aae5dda94b2d7fae12357a66c01ffeb69ab1f8714cdb85bba8ddad,7.3464879588268595,0.0007115209471766,18.004606396667256,36.692846759024256,/data/jaguir26/local/src/Article-Q-DESN/application/data_local/pricefm/campaigns/pricefm_stage_r97_global_region_frozen_campaign_20260908/global_scoring/runs/region=NL/fold=1/score/test_metric.csv,2ea7ba2fa33fb4de917d59df7687e51f4df92a14e62cb6a126e29b437a2ce2f6,qdesn_exal_rhs_ns_exact_chunked,5.370270990957525,stage_m,staged_nl_f1_graphd2_base_seedrob20260618,graph_khop,qdesn_exal_rhs_ns_r98_region_frozen,6.355438751981736,0.0014612268518518,15.84914869892238,24.47233288277506,7.24215554987866,-0.8867167978969244,0.9851677610242113,qdesn_wins,R98_coordinator_ready_not_integrated,prospective_region_frozen_validation_only_protocol,complete_114_case_replacement_regardless_of_performance,fold1_train_internal_temporal_validation_and_fold1_outer_validation,True,True,True,False,False,audit_and_reporting_only,False,False,False,False,False
NL,2,exal,6.709951378599105,0.0002258355916892,16.735252523864766,26.149980005553115,5.7707911110683,7.060518830299884,0.9391602675308048,-0.3505674517007788,0.0005,168,1,[64],0.55,0.82,0.15,graph_summary_mean_std,final_layer,R97,/data/jaguir26/local/src/Article-Q-DESN/application/data_local/pricefm/campaigns/pricefm_stage_r97_global_region_frozen_campaign_20260908/region_closeouts/NL/pricefm_stage_r97_selected_atom_manifest.csv,0ce456d799aae5dda94b2d7fae12357a66c01ffeb69ab1f8714cdb85bba8ddad,6.014105984264592,0.0003038194444444,14.848751900254667,23.72319400785444,/data/jaguir26/local/src/Article-Q-DESN/application/data_local/pricefm/campaigns/pricefm_stage_r97_global_region_frozen_campaign_20260908/global_scoring/runs/region=NL/fold=2/score/test_metric.csv,590735d8576836bb403d43ab34f7dfe03efa62224c249e6031f32dfe50fa3a95,qdesn_exal_rhs_ns_exact_chunked,5.7707911110683,stage_m,staged_nl_f2_graphd2_input_lo_seedrob20260617,graph_khop,qdesn_exal_rhs_ns_r98_region_frozen,6.709951378599105,0.0002258355916892,16.735252523864766,26.149980005553115,7.060518830299884,-0.35056745170077885,0.9391602675308048,qdesn_wins,R98_coordinator_ready_not_integrated,prospective_region_frozen_validation_only_protocol,complete_114_case_replacement_regardless_of_performance,fold1_train_internal_temporal_validation_and_fold1_outer_validation,True,True,True,False,False,audit_and_reporting_only,False,False,False,False,False
NL,3,exal,7.065530334404162,0.0010530510018214,17.57821589289156,25.815877726558448,6.785329454228566,6.41170384819779,0.2802008801755962,0.6538264862063716,0.0005,168,1,[64],0.55,0.82,0.15,graph_summary_mean_std,final_layer,R97,/data/jaguir26/local/src/Article-Q-DESN/application/data_local/pricefm/campaigns/pricefm_stage_r97_global_region_frozen_campaign_20260908/region_closeouts/NL/pricefm_stage_r97_selected_atom_manifest.csv,0ce456d799aae5dda94b2d7fae12357a66c01ffeb69ab1f8714cdb85bba8ddad,6.689392256173988,0.0,16.67100419792821,26.046643625059534,/data/jaguir26/local/src/Article-Q-DESN/application/data_local/pricefm/campaigns/pricefm_stage_r97_global_region_frozen_campaign_20260908/global_scoring/runs/region=NL/fold=3/score/test_metric.csv,faabc31eed275486df12b6104f98b3725c8c15a224ac7864134466ab33bf94e8,qdesn_exal_rhs_ns_exact_chunked,6.785329454228566,stage_m,staged_nl_f3_graphd2_input_lo_seedrob20260618,graph_khop,qdesn_exal_rhs_ns_r98_region_frozen,7.065530334404162,0.0010530510018214,17.57821589289156,25.815877726558448,6.41170384819779,0.6538264862063716,0.2802008801755962,pricefm_wins,R98_coordinator_ready_not_integrated,prospective_region_frozen_validation_only_protocol,complete_114_case_replacement_regardless_of_performance,fold1_train_internal_temporal_validation_and_fold1_outer_validation,True,True,True,False,False,audit_and_reporting_only,False,False,False,False,False
NO_1,1,exal,7.53834768729539,0.0086516203703703,17.842326374261866,32.10851653123106,7.236886783843283,7.004074739426128,0.3014609034521074,0.5342729478692627,0.002,240,1,[48],0.5,0.82,0.25,graph_khop,final_layer,R97,/data/jaguir26/local/src/Article-Q-DESN/application/data_local/pricefm/campaigns/pricefm_stage_r97_global_region_frozen_campaign_20260908/region_closeouts/NO_1/pricefm_stage_r97_selected_atom_manifest.csv,dd6d25a1cfa54b1da58ad4421006b1d0d77b745f583edee5327ca4fb182e2db5,5.010526222291393,0.0042691256830601,11.792802120291984,29.143433285869666,/data/jaguir26/local/src/Article-Q-DESN/application/data_local/pricefm/campaigns/pricefm_stage_r97_global_region_frozen_campaign_20260908/global_scoring/runs/region=NO_1/fold=1/score/test_metric.csv,847d3218b0ab3841669fd182da837b6cef5ba9cbe49f472b48731604eaedba0e,qdesn_exal_rhs_ns_exact_chunked,7.236886783843283,current_r3q,covm_no1_f1_graphsum_g1_d1_n120_s035,graph_summary_mean,qdesn_exal_rhs_ns_r98_region_frozen,7.53834768729539,0.0086516203703703,17.842326374261866,32.10851653123106,7.004074739426128,0.5342729478692627,0.3014609034521074,pricefm_wins,R98_coordinator_ready_not_integrated,prospective_region_frozen_validation_only_protocol,complete_114_case_replacement_regardless_of_performance,fold1_train_internal_temporal_validation_and_fold1_outer_validation,True,True,True,False,False,audit_and_reporting_only,False,False,False,False,False
NO_1,2,exal,7.9099445520215905,0.043727416440831,19.439881021268565,24.6876315891888,6.286119944767391,5.922160533056343,1.6238246072541995,1.987784018965248,0.002,240,1,[48],0.5,0.82,0.25,graph_khop,final_layer,R97,/data/jaguir26/local/src/Article-Q-DESN/application/data_local/pricefm/campaigns/pricefm_stage_r97_global_region_frozen_campaign_20260908/region_closeouts/NO_1/pricefm_stage_r97_selected_atom_manifest.csv,dd6d25a1cfa54b1da58ad4421006b1d0d77b745f583edee5327ca4fb182e2db5,6.889358849782262,0.0020399305555555,16.466244533597077,30.75853120957238,/data/jaguir26/local/src/Article-Q-DESN/application/data_local/pricefm/campaigns/pricefm_stage_r97_global_region_frozen_campaign_20260908/global_scoring/runs/region=NO_1/fold=2/score/test_metric.csv,305c3422b9d63fd37fefa3b236da525ac333e5a78564ad00513baf7535499b78,qdesn_exal_rhs_ns_exact_chunked,6.286119944767391,current_r3q,covm_no1_f2_graphsum_g1_d1_n120_s035,graph_summary_mean,qdesn_exal_rhs_ns_r98_region_frozen,7.9099445520215905,0.043727416440831,19.439881021268565,24.6876315891888,5.922160533056343,1.9877840189652476,1.6238246072541997,pricefm_wins,R98_coordinator_ready_not_integrated,prospective_region_frozen_validation_only_protocol,complete_114_case_replacement_regardless_of_performance,fold1_train_internal_temporal_validation_and_fold1_outer_validation,True,True,True,False,False,audit_and_reporting_only,False,False,False,False,False
NO_1,3,exal,4.615949660119489,0.000426912568306,11.242491810271304,20.22222442040492,4.944852905959345,4.893016691186121,-0.3289032458398555,-0.2770670310666316,0.002,240,1,[48],0.5,0.82,0.25,graph_khop,final_layer,R97,/data/jaguir26/local/src/Article-Q-DESN/application/data_local/pricefm/campaigns/pricefm_stage_r97_global_region_frozen_campaign_20260908/region_closeouts/NO_1/pricefm_stage_r97_selected_atom_manifest.csv,dd6d25a1cfa54b1da58ad4421006b1d0d77b745f583edee5327ca4fb182e2db5,6.321182552623385,0.0041073848238482,15.505414878048253,21.06092319709208,/data/jaguir26/local/src/Article-Q-DESN/application/data_local/pricefm/campaigns/pricefm_stage_r97_global_region_frozen_campaign_20260908/global_scoring/runs/region=NO_1/fold=3/score/test_metric.csv,ef8b05c73c6a8cdfece34de752838263927bf2d1d1311d7bc7f50f971fd3e449,qdesn_exal_rhs_ns_exact_chunked,4.944852905959345,current_r3q,covm_no1_f3_graphsum_g1_d1_n120_s035,graph_summary_mean,qdesn_exal_rhs_ns_r98_region_frozen,4.615949660119489,0.000426912568306,11.242491810271304,20.22222442040492,4.893016691186121,-0.27706703106663166,-0.32890324583985553,qdesn_wins,R98_coordinator_ready_not_integrated,prospective_region_frozen_validation_only_protocol,complete_114_case_replacement_regardless_of_performance,fold1_train_internal_temporal_validation_and_fold1_outer_validation,True,True,True,False,False,audit_and_reporting_only,False,False,False,False,False
NO_2,1,exal,6.838138265962858,0.0076533564814814,16.55011963831989,29.23173878388921,6.858855361703237,6.056319007546669,-0.0207170957403795,0.7818192584161885,5e-05,96,2,"[120,64]",0.45,0.82,0.2,graph_khop,final_layer,R97,/data/jaguir26/local/src/Article-Q-DESN/application/data_local/pricefm/campaigns/pricefm_stage_r97_global_region_frozen_campaign_20260908/region_closeouts/NO_2/pricefm_stage_r97_selected_atom_manifest.csv,f217a5b261069820701e5d55539182af0ac524b68acdfc5100ab0ea5ba49ff91,5.802402830951682,0.0015653460837887,13.66411403623481,36.33955865754284,/data/jaguir26/local/src/Article-Q-DESN/application/data_local/pricefm/campaigns/pricefm_stage_r97_global_region_frozen_campaign_20260908/global_scoring/runs/region=NO_2/fold=1/score/test_metric.csv,efef4e358e25bc8942549a346743ea8b80f5f33190fdb717be16d239ca9dd988,qdesn_al_rhs_ns_exact_chunked,6.858855361703237,current_r3q,covm_no2_f1_graphsum_g1_d1_n120_s035,graph_summary_mean,qdesn_exal_rhs_ns_r98_region_frozen,6.838138265962858,0.0076533564814814,16.55011963831989,29.23173878388921,6.056319007546669,0.7818192584161885,-0.0207170957403795,pricefm_wins,R98_coordinator_ready_not_integrated,prospective_region_frozen_validation_only_protocol,complete_114_case_replacement_regardless_of_performance,fold1_train_internal_temporal_validation_and_fold1_outer_validation,True,True,True,False,False,audit_and_reporting_only,False,False,False,False,False
NO_2,2,exal,5.629510139596731,0.0329155374887082,14.78435546395227,18.06793964702044,4.869291289898341,4.492788986560367,0.7602188496983899,1.1367211530363646,5e-05,96,2,"[120,64]",0.45,0.82,0.2,graph_khop,final_layer,R97,/data/jaguir26/local/src/Article-Q-DESN/application/data_local/pricefm/campaigns/pricefm_stage_r97_global_region_frozen_campaign_20260908/region_closeouts/NO_2/pricefm_stage_r97_selected_atom_manifest.csv,f217a5b261069820701e5d55539182af0ac524b68acdfc5100ab0ea5ba49ff91,6.773809290421997,0.0049479166666666,16.306777115254942,29.509191589285084,/data/jaguir26/local/src/Article-Q-DESN/application/data_local/pricefm/campaigns/pricefm_stage_r97_global_region_frozen_campaign_20260908/global_scoring/runs/region=NO_2/fold=2/score/test_metric.csv,74acb912642701b0b77654045540afa6b96fd18524be7de9bee9f07b7298a44f,qdesn_al_rhs_ns_exact_chunked,4.869291289898341,current_r3q,covm_no2_f2_graphsum_g1_d1_n120_s035,graph_summary_mean,qdesn_exal_rhs_ns_r98_region_frozen,5.629510139596731,0.0329155374887082,14.78435546395227,18.06793964702044,4.492788986560367,1.1367211530363646,0.7602188496983899,pricefm_wins,R98_coordinator_ready_not_integrated,prospective_region_frozen_validation_only_protocol,complete_114_case_replacement_regardless_of_performance,fold1_train_internal_temporal_validation_and_fold1_outer_validation,True,True,True,False,False,audit_and_reporting_only,False,False,False,False,False
NO_2,3,exal,4.12027505254759,0.0023907103825136,10.133439616947305,17.645796676144027,4.424711029434241,4.486640415494108,-0.3044359768866513,-0.3663653629465182,5e-05,96,2,"[120,64]",0.45,0.82,0.2,graph_khop,final_layer,R97,/data/jaguir26/local/src/Article-Q-DESN/application/data_local/pricefm/campaigns/pricefm_stage_r97_global_region_frozen_campaign_20260908/region_closeouts/NO_2/pricefm_stage_r97_selected_atom_manifest.csv,f217a5b261069820701e5d55539182af0ac524b68acdfc5100ab0ea5ba49ff91,4.830935960734217,0.010303748870822,12.35388186600322,16.031688939566994,/data/jaguir26/local/src/Article-Q-DESN/application/data_local/pricefm/campaigns/pricefm_stage_r97_global_region_frozen_campaign_20260908/global_scoring/runs/region=NO_2/fold=3/score/test_metric.csv,966a4444c29ce7b9e73d4f960653cacb40fc5f2fa5c31570f5c2831f7f8aa742,qdesn_exal_rhs_ns_exact_chunked,4.424711029434241,current_r3q,covm_no2_f3_graphsum_g1_d1_n120_s035,graph_summary_mean,qdesn_exal_rhs_ns_r98_region_frozen,4.12027505254759,0.0023907103825136,10.133439616947305,17.645796676144027,4.486640415494108,-0.3663653629465182,-0.30443597688665136,qdesn_wins,R98_coordinator_ready_not_integrated,prospective_region_frozen_validation_only_protocol,complete_114_case_replacement_regardless_of_performance,fold1_train_internal_temporal_validation_and_fold1_outer_validation,True,True,True,False,False,audit_and_reporting_only,False,False,False,False,False
NO_3,1,exal,4.232585205354528,0.0359375,10.024173469856075,19.71920772714564,4.135597461874142,3.677170569976972,0.096987743480386,0.5554146353775562,0.001,240,3,"[64,64,64]",0.4,0.82,0.25,graph_summary_mean,final_layer,R97,/data/jaguir26/local/src/Article-Q-DESN/application/data_local/pricefm/campaigns/pricefm_stage_r97_global_region_frozen_campaign_20260908/region_closeouts/NO_3/pricefm_stage_r97_selected_atom_manifest.csv,b558fcac5e378e8053b2990b195ce7a9950dd59a2992c218d509d01cb944c6ee,2.345273730108654,0.0155965391621129,5.616383657661563,10.910557387292798,/data/jaguir26/local/src/Article-Q-DESN/application/data_local/pricefm/campaigns/pricefm_stage_r97_global_region_frozen_campaign_20260908/global_scoring/runs/region=NO_3/fold=1/score/test_metric.csv,c04abe8e1fe42b291c09062b34a56bd95f326280ffa3b1a507a6ecfe0b9ac5ac,qdesn_exal_rhs_ns_exact_chunked,4.135597461874142,current_r3q,covm_no3_f1_target_d1_n120_s025,target_only,qdesn_exal_rhs_ns_r98_region_frozen,4.232585205354528,0.0359375,10.024173469856075,19.71920772714564,3.677170569976972,0.5554146353775562,0.09698774348038608,pricefm_wins,R98_coordinator_ready_not_integrated,prospective_region_frozen_validation_only_protocol,complete_114_case_replacement_regardless_of_performance,fold1_train_internal_temporal_validation_and_fold1_outer_validation,True,True,True,False,False,audit_and_reporting_only,False,False,False,False,False
NO_3,2,exal,2.188655654418615,0.0085535230352303,5.282174090466,8.380108934297201,2.213442982177947,1.9247957314285185,-0.024787327759332,0.2638599229900966,0.001,240,3,"[64,64,64]",0.4,0.82,0.25,graph_summary_mean,final_layer,R97,/data/jaguir26/local/src/Article-Q-DESN/application/data_local/pricefm/campaigns/pricefm_stage_r97_global_region_frozen_campaign_20260908/region_closeouts/NO_3/pricefm_stage_r97_selected_atom_manifest.csv,b558fcac5e378e8053b2990b195ce7a9950dd59a2992c218d509d01cb944c6ee,4.089833314653016,0.0403067129629629,9.673344913329837,19.608283315902305,/data/jaguir26/local/src/Article-Q-DESN/application/data_local/pricefm/campaigns/pricefm_stage_r97_global_region_frozen_campaign_20260908/global_scoring/runs/region=NO_3/fold=2/score/test_metric.csv,c54a96b069978a3170a5c4e5dd925ec6181ed7ac7a9c1203f2937385f3af851d,qdesn_exal_rhs_ns_exact_chunked,2.213442982177947,current_r3q,covm_no3_f2_target_d2_n080x080_s035,target_only,qdesn_exal_rhs_ns_r98_region_frozen,2.188655654418615,0.0085535230352303,5.282174090466,8.380108934297201,1.9247957314285185,0.26385992299009664,-0.024787327759332012,pricefm_wins,R98_coordinator_ready_not_integrated,prospective_region_frozen_validation_only_protocol,complete_114_case_replacement_regardless_of_performance,fold1_train_internal_temporal_validation_and_fold1_outer_validation,True,True,True,False,False,audit_and_reporting_only,False,False,False,False,False
NO_3,3,exal,4.039799390376852,0.0099186020036429,9.667141099183327,15.538940722327885,4.130955955411643,3.843132200317067,-0.0911565650347911,0.1966671900597849,0.001,240,3,"[64,64,64]",0.4,0.82,0.25,graph_summary_mean,final_layer,R97,/data/jaguir26/local/src/Article-Q-DESN/application/data_local/pricefm/campaigns/pricefm_stage_r97_global_region_frozen_campaign_20260908/region_closeouts/NO_3/pricefm_stage_r97_selected_atom_manifest.csv,b558fcac5e378e8053b2990b195ce7a9950dd59a2992c218d509d01cb944c6ee,2.120856285919544,0.0020184056007226,5.115452449177142,8.304013809459969,/data/jaguir26/local/src/Article-Q-DESN/application/data_local/pricefm/campaigns/pricefm_stage_r97_global_region_frozen_campaign_20260908/global_scoring/runs/region=NO_3/fold=3/score/test_metric.csv,52d9b80d5959a048ecdddb1e457bd19fa22f85cea48f7e3fe68ccc6fdea72cf4,qdesn_al_rhs_ns_exact_chunked,4.130955955411643,current_r3q,covm_no3_f3_target_d2_n080x080_s035,target_only,qdesn_exal_rhs_ns_r98_region_frozen,4.039799390376852,0.0099186020036429,9.667141099183327,15.538940722327885,3.843132200317067,0.19666719005978495,-0.09115656503479119,pricefm_wins,R98_coordinator_ready_not_integrated,prospective_region_frozen_validation_only_protocol,complete_114_case_replacement_regardless_of_performance,fold1_train_internal_temporal_validation_and_fold1_outer_validation,True,True,True,False,False,audit_and_reporting_only,False,False,False,False,False
NO_4,1,exal,2.2163385953866084,0.0200520833333333,5.045318750216349,13.655896478844252,2.2036996550064707,1.5420422172604755,0.0126389403801376,0.6742963781261329,0.0005,48,2,"[96,48]",0.45,0.82,0.15,graph_summary_mean,final_layer,R97,/data/jaguir26/local/src/Article-Q-DESN/application/data_local/pricefm/campaigns/pricefm_stage_r97_global_region_frozen_campaign_20260908/region_closeouts/NO_4/pricefm_stage_r97_selected_atom_manifest.csv,98d463835dc13e7c79b7572f0e5239be268ffb189e445279351401d9176b7718,1.0592524879632554,0.0005549863387978,2.512544666036532,3.4622833623176974,/data/jaguir26/local/src/Article-Q-DESN/application/data_local/pricefm/campaigns/pricefm_stage_r97_global_region_frozen_campaign_20260908/global_scoring/runs/region=NO_4/fold=1/score/test_metric.csv,f54a32a4064b7ad3900e71fa9937ab5eb691c24b844755c66280c9a9dbcf32c8,qdesn_al_rhs_ns_exact_chunked,2.2036996550064707,provenance_bridge_30,depthcore_d2_units120x120_input_scale0p5,target_only,qdesn_exal_rhs_ns_r98_region_frozen,2.2163385953866084,0.0200520833333333,5.045318750216349,13.655896478844252,1.5420422172604755,0.6742963781261329,0.012638940380137687,pricefm_wins,R98_coordinator_ready_not_integrated,prospective_region_frozen_validation_only_protocol,complete_114_case_replacement_regardless_of_performance,fold1_train_internal_temporal_validation_and_fold1_outer_validation,True,True,True,False,False,audit_and_reporting_only,False,False,False,False,False
NO_4,2,exal,1.3748847305712024,0.0028935185185185,3.297553435901288,7.667505175382536,1.3243247421428654,1.2246124469648243,0.0505599884283369,0.1502722836063781,0.0005,48,2,"[96,48]",0.45,0.82,0.15,graph_summary_mean,final_layer,R97,/data/jaguir26/local/src/Article-Q-DESN/application/data_local/pricefm/campaigns/pricefm_stage_r97_global_region_frozen_campaign_20260908/region_closeouts/NO_4/pricefm_stage_r97_selected_atom_manifest.csv,98d463835dc13e7c79b7572f0e5239be268ffb189e445279351401d9176b7718,2.046146894453528,0.0157407407407407,4.607468490131871,13.298213911329771,/data/jaguir26/local/src/Article-Q-DESN/application/data_local/pricefm/campaigns/pricefm_stage_r97_global_region_frozen_campaign_20260908/global_scoring/runs/region=NO_4/fold=2/score/test_metric.csv,e5eafdd1c506ae4f9b48465d03cdf6a4ad5c1c9c7529af074a27892b51ac3a04,qdesn_al_rhs_ns_exact_chunked,1.3243247421428654,provenance_bridge_30,depthcore_d2_ultracompact_input_scale0p25,target_only,qdesn_exal_rhs_ns_r98_region_frozen,1.3748847305712024,0.0028935185185185,3.297553435901288,7.667505175382536,1.2246124469648243,0.15027228360637812,0.05055998842833698,pricefm_wins,R98_coordinator_ready_not_integrated,prospective_region_frozen_validation_only_protocol,complete_114_case_replacement_regardless_of_performance,fold1_train_internal_temporal_validation_and_fold1_outer_validation,True,True,True,False,False,audit_and_reporting_only,False,False,False,False,False
NO_4,3,exal,3.235116378847432,0.0155965391621129,7.423152996310202,16.461718244964892,3.320648905671605,3.1425078411961085,-0.0855325268241737,0.0926085376513228,0.0005,48,2,"[96,48]",0.45,0.82,0.15,graph_summary_mean,final_layer,R97,/data/jaguir26/local/src/Article-Q-DESN/application/data_local/pricefm/campaigns/pricefm_stage_r97_global_region_frozen_campaign_20260908/region_closeouts/NO_4/pricefm_stage_r97_selected_atom_manifest.csv,98d463835dc13e7c79b7572f0e5239be268ffb189e445279351401d9176b7718,1.2656500339992132,0.0016514227642276,2.9824793417220663,7.630004617540714,/data/jaguir26/local/src/Article-Q-DESN/application/data_local/pricefm/campaigns/pricefm_stage_r97_global_region_frozen_campaign_20260908/global_scoring/runs/region=NO_4/fold=3/score/test_metric.csv,c1129d740734368cb11eedf0b070ebdf7e208c2f009ebeff4692df3e8f51b954,qdesn_al_rhs_ns_exact_chunked,3.320648905671605,provenance_bridge_30,localar_d3_u40_alpha_input_scale0p25_alpha0p25,target_only,qdesn_exal_rhs_ns_r98_region_frozen,3.235116378847432,0.0155965391621129,7.423152996310202,16.461718244964892,3.1425078411961085,0.09260853765132371,-0.0855325268241729,pricefm_wins,R98_coordinator_ready_not_integrated,prospective_region_frozen_validation_only_protocol,complete_114_case_replacement_regardless_of_performance,fold1_train_internal_temporal_validation_and_fold1_outer_validation,True,True,True,False,False,audit_and_reporting_only,False,False,False,False,False
NO_5,1,exal,4.8500022784774925,0.0207465277777777,11.53063768377685,21.63801967279744,4.959878577629979,4.785613304545024,-0.1098762991524866,0.0643889739324681,0.002,96,2,"[64,64]",0.55,0.82,0.15,graph_summary_mean,final_layer,R97,/data/jaguir26/local/src/Article-Q-DESN/application/data_local/pricefm/campaigns/pricefm_stage_r97_global_region_frozen_campaign_20260908/region_closeouts/NO_5/pricefm_stage_r97_selected_atom_manifest.csv,cc58a882c5caef25d012657545aa842244177c14660b1c27e88276f64b923ca8,3.5375530244636195,0.003628756830601,8.2972096604402,19.637465949003047,/data/jaguir26/local/src/Article-Q-DESN/application/data_local/pricefm/campaigns/pricefm_stage_r97_global_region_frozen_campaign_20260908/global_scoring/runs/region=NO_5/fold=1/score/test_metric.csv,0b928976fdad055086c3332aec839cb87be8657c065597bdffc4b9ba29102685,qdesn_exal_rhs_ns_exact_chunked,4.959878577629979,current_r3q,covm_no5_f1_target_d1_n120_s025,target_only,qdesn_exal_rhs_ns_r98_region_frozen,4.8500022784774925,0.0207465277777777,11.53063768377685,21.63801967279744,4.785613304545024,0.06438897393246812,-0.10987629915248665,pricefm_wins,R98_coordinator_ready_not_integrated,prospective_region_frozen_validation_only_protocol,complete_114_case_replacement_regardless_of_performance,fold1_train_internal_temporal_validation_and_fold1_outer_validation,True,True,True,False,False,audit_and_reporting_only,False,False,False,False,False
NO_5,2,exal,2.84566842266213,0.012378613369467,6.777348722500771,10.645128215066716,2.821340370741668,2.874732611651747,0.0243280519204618,-0.0290641889896168,0.002,96,2,"[64,64]",0.55,0.82,0.15,graph_summary_mean,final_layer,R97,/data/jaguir26/local/src/Article-Q-DESN/application/data_local/pricefm/campaigns/pricefm_stage_r97_global_region_frozen_campaign_20260908/region_closeouts/NO_5/pricefm_stage_r97_selected_atom_manifest.csv,cc58a882c5caef25d012657545aa842244177c14660b1c27e88276f64b923ca8,4.798727505955177,0.0153935185185185,11.461981554829183,21.5544888615827,/data/jaguir26/local/src/Article-Q-DESN/application/data_local/pricefm/campaigns/pricefm_stage_r97_global_region_frozen_campaign_20260908/global_scoring/runs/region=NO_5/fold=2/score/test_metric.csv,c0c5d517b3cabd416eb629a34645d2e7590f7d54fc13d53665f610d501d3561e,qdesn_al_rhs_ns_exact_chunked,2.821340370741668,current_r3q,covm_no5_f2_target_d1_n120_s025,target_only,qdesn_exal_rhs_ns_r98_region_frozen,2.84566842266213,0.012378613369467,6.777348722500771,10.645128215066716,2.874732611651747,-0.029064188989616824,0.024328051920461835,qdesn_wins,R98_coordinator_ready_not_integrated,prospective_region_frozen_validation_only_protocol,complete_114_case_replacement_regardless_of_performance,fold1_train_internal_temporal_validation_and_fold1_outer_validation,True,True,True,False,False,audit_and_reporting_only,False,False,False,False,False
NO_5,3,exal,4.165434866388359,0.0151127049180327,10.244048022201198,18.413379989632126,4.058702967577082,3.73289081280422,0.1067318988112768,0.4325440535841385,0.002,96,2,"[64,64]",0.55,0.82,0.15,graph_summary_mean,final_layer,R97,/data/jaguir26/local/src/Article-Q-DESN/application/data_local/pricefm/campaigns/pricefm_stage_r97_global_region_frozen_campaign_20260908/region_closeouts/NO_5/pricefm_stage_r97_selected_atom_manifest.csv,cc58a882c5caef25d012657545aa842244177c14660b1c27e88276f64b923ca8,2.786306989204135,0.0016796522131887,6.626262847176787,10.568799919173022,/data/jaguir26/local/src/Article-Q-DESN/application/data_local/pricefm/campaigns/pricefm_stage_r97_global_region_frozen_campaign_20260908/global_scoring/runs/region=NO_5/fold=3/score/test_metric.csv,c62deab6e2d09dba521187b158a56382485b0a4907c1af9cae652b1663c2685d,qdesn_al_rhs_ns_exact_chunked,4.058702967577082,current_r3q,covm_no5_f3_target_d2_n080x080_s035,target_only,qdesn_exal_rhs_ns_r98_region_frozen,4.165434866388359,0.0151127049180327,10.244048022201198,18.413379989632126,3.73289081280422,0.4325440535841385,0.10673189881127687,pricefm_wins,R98_coordinator_ready_not_integrated,prospective_region_frozen_validation_only_protocol,complete_114_case_replacement_regardless_of_performance,fold1_train_internal_temporal_validation_and_fold1_outer_validation,True,True,True,False,False,audit_and_reporting_only,False,False,False,False,False
PL,1,al,7.2653674817043825,0.0220775462962962,18.77689253601273,25.394248397659403,6.9331039549275415,6.61847418287117,0.332263526776841,0.6468932988332128,0.0005,168,2,"[80,80]",0.35,0.9,0.15,graph_khop,final_layer,R97,/data/jaguir26/local/src/Article-Q-DESN/application/data_local/pricefm/campaigns/pricefm_stage_r97_global_region_frozen_campaign_20260908/region_closeouts/PL/pricefm_stage_r97_selected_atom_manifest.csv,0d3a35dd5a71760a1c16a7ef5c4808484fc102ca844cad7acc9feb685f393d6f,9.390631582747549,0.026425887978142,23.294254243751187,38.48675437933611,/data/jaguir26/local/src/Article-Q-DESN/application/data_local/pricefm/campaigns/pricefm_stage_r97_global_region_frozen_campaign_20260908/global_scoring/runs/region=PL/fold=1/score/test_metric.csv,6caa5b618d2cc87be7092e2dbd1b50886c5e769f0c68c4da1b1970d71677ab7c,qdesn_exal_rhs_ns_exact_chunked,6.9331039549275415,stage_m,stagec_p0_completionfolds_pl_f1_lowinput_l096_d1_n120_a0p5_r0p9_in0p25_seed20260603,target_only,qdesn_al_rhs_ns_r98_region_frozen,7.2653674817043825,0.0220775462962962,18.77689253601273,25.394248397659403,6.61847418287117,0.6468932988332128,0.332263526776841,pricefm_wins,R98_coordinator_ready_not_integrated,prospective_region_frozen_validation_only_protocol,complete_114_case_replacement_regardless_of_performance,fold1_train_internal_temporal_validation_and_fold1_outer_validation,True,True,True,False,False,audit_and_reporting_only,False,False,False,False,False
PL,2,al,7.17540038900301,0.0029499774164408,18.21893873180978,27.79165529030704,7.149845794387182,7.542600051788571,0.0255545946158282,-0.3671996627855609,0.0005,168,2,"[80,80]",0.35,0.9,0.15,graph_khop,final_layer,R97,/data/jaguir26/local/src/Article-Q-DESN/application/data_local/pricefm/campaigns/pricefm_stage_r97_global_region_frozen_campaign_20260908/region_closeouts/PL/pricefm_stage_r97_selected_atom_manifest.csv,0d3a35dd5a71760a1c16a7ef5c4808484fc102ca844cad7acc9feb685f393d6f,6.293551776066581,0.0112847222222222,16.105201156319023,22.746429238396363,/data/jaguir26/local/src/Article-Q-DESN/application/data_local/pricefm/campaigns/pricefm_stage_r97_global_region_frozen_campaign_20260908/global_scoring/runs/region=PL/fold=2/score/test_metric.csv,fd0b2458fc2ce3e8df1e1eb00eace49575c904c8f8385f5da9810532e9e384a8,qdesn_exal_rhs_ns_exact_chunked,7.149845794387182,provenance_bridge_30,stageb_d2_l096_d2_n080x080_a0p4_r0p9_in0p35_seed20260603,target_only,qdesn_al_rhs_ns_r98_region_frozen,7.17540038900301,0.0029499774164408,18.21893873180978,27.79165529030704,7.542600051788571,-0.36719966278556093,0.025554594615828208,qdesn_wins,R98_coordinator_ready_not_integrated,prospective_region_frozen_validation_only_protocol,complete_114_case_replacement_regardless_of_performance,fold1_train_internal_temporal_validation_and_fold1_outer_validation,True,True,True,False,False,audit_and_reporting_only,False,False,False,False,False
PL,3,al,7.968455839121588,0.0063040755919854,19.346636212658314,33.347663200541035,8.403226775374353,7.690217805571597,-0.4347709362527654,0.2782380335499912,0.0005,168,2,"[80,80]",0.35,0.9,0.15,graph_khop,final_layer,R97,/data/jaguir26/local/src/Article-Q-DESN/application/data_local/pricefm/campaigns/pricefm_stage_r97_global_region_frozen_campaign_20260908/region_closeouts/PL/pricefm_stage_r97_selected_atom_manifest.csv,0d3a35dd5a71760a1c16a7ef5c4808484fc102ca844cad7acc9feb685f393d6f,6.955533176741422,0.0022865853658536,17.675332939442118,26.95715978140356,/data/jaguir26/local/src/Article-Q-DESN/application/data_local/pricefm/campaigns/pricefm_stage_r97_global_region_frozen_campaign_20260908/global_scoring/runs/region=PL/fold=3/score/test_metric.csv,b31c9fd328d3ff6018005a3bee4ebcae6c52dbb332dee05bece082301abc4e62,qdesn_al_rhs_ns_exact_chunked,8.403226775374353,stage_m,stagec_p0_completionfolds_pl_f3_lowinput_l096_d1_n120_a0p5_r0p9_in0p25_seed20260603,target_only,qdesn_al_rhs_ns_r98_region_frozen,7.968455839121588,0.0063040755919854,19.346636212658314,33.347663200541035,7.690217805571597,0.2782380335499912,-0.4347709362527654,pricefm_wins,R98_coordinator_ready_not_integrated,prospective_region_frozen_validation_only_protocol,complete_114_case_replacement_regardless_of_performance,fold1_train_internal_temporal_validation_and_fold1_outer_validation,True,True,True,False,False,audit_and_reporting_only,False,False,False,False,False
PT,1,al,5.196484417965161,0.0006510416666666,13.239031848128064,17.61446103868823,6.500130737567129,7.153013251485873,-1.3036463196019676,-1.956528833520712,0.0005,96,1,[48],0.5,0.82,0.35,graph_summary_mean,final_layer,R97,/data/jaguir26/local/src/Article-Q-DESN/application/data_local/pricefm/campaigns/pricefm_stage_r97_global_region_frozen_campaign_20260908/region_closeouts/PT/pricefm_stage_r97_selected_atom_manifest.csv,365ddc79c3cadd2abf4133a856f925abc10268b30db7ebd7b643f53b5c3fb8e2,4.302892189052806,0.000853825136612,10.801422269582716,15.372233918934649,/data/jaguir26/local/src/Article-Q-DESN/application/data_local/pricefm/campaigns/pricefm_stage_r97_global_region_frozen_campaign_20260908/global_scoring/runs/region=PT/fold=1/score/test_metric.csv,c3974cc779886d1ba9e4355ac61c6eb193b8f4ad1c12d3a6a4855de1e2ded252,qdesn_al_rhs_ns_exact_chunked,6.500130737567129,provenance_bridge_30,stageb_lowinput_l096_d1_n120_a0p5_r0p9_in0p25_seed20260603,target_only,qdesn_al_rhs_ns_r98_region_frozen,5.196484417965161,0.0006510416666666,13.239031848128064,17.61446103868823,7.153013251485873,-1.9565288335207116,-1.3036463196019676,qdesn_wins,R98_coordinator_ready_not_integrated,prospective_region_frozen_validation_only_protocol,complete_114_case_replacement_regardless_of_performance,fold1_train_internal_temporal_validation_and_fold1_outer_validation,True,True,True,False,False,audit_and_reporting_only,False,False,False,False,False
PT,2,al,6.482886125383154,0.0023712737127371,16.495145887563243,23.95510340796895,6.816431703717724,6.874443007234028,-0.3335455783345695,-0.3915568818508737,0.0005,96,1,[48],0.5,0.82,0.35,graph_summary_mean,final_layer,R97,/data/jaguir26/local/src/Article-Q-DESN/application/data_local/pricefm/campaigns/pricefm_stage_r97_global_region_frozen_campaign_20260908/region_closeouts/PT/pricefm_stage_r97_selected_atom_manifest.csv,365ddc79c3cadd2abf4133a856f925abc10268b30db7ebd7b643f53b5c3fb8e2,5.174048046883575,0.0010416666666666,13.141026067078494,17.47725286592027,/data/jaguir26/local/src/Article-Q-DESN/application/data_local/pricefm/campaigns/pricefm_stage_r97_global_region_frozen_campaign_20260908/global_scoring/runs/region=PT/fold=2/score/test_metric.csv,bb51277428411d631aff489054de9d3131da147353622144fadb156a257377b9,qdesn_exal_rhs_ns_exact_chunked,6.816431703717724,provenance_bridge_30,stageb_d2_l096_d2_n080x080_a0p4_r0p9_in0p35_seed20260603,target_only,qdesn_al_rhs_ns_r98_region_frozen,6.482886125383154,0.0023712737127371,16.495145887563243,23.95510340796895,6.874443007234028,-0.3915568818508737,-0.33354557833456955,qdesn_wins,R98_coordinator_ready_not_integrated,prospective_region_frozen_validation_only_protocol,complete_114_case_replacement_regardless_of_performance,fold1_train_internal_temporal_validation_and_fold1_outer_validation,True,True,True,False,False,audit_and_reporting_only,False,False,False,False,False
PT,3,al,4.898387588121984,0.0017361111111111,12.527462130995456,16.730017899666276,5.732105108002795,6.463794863054435,-0.8337175198808113,-1.5654072749324517,0.0005,96,1,[48],0.5,0.82,0.35,graph_summary_mean,final_layer,R97,/data/jaguir26/local/src/Article-Q-DESN/application/data_local/pricefm/campaigns/pricefm_stage_r97_global_region_frozen_campaign_20260908/region_closeouts/PT/pricefm_stage_r97_selected_atom_manifest.csv,365ddc79c3cadd2abf4133a856f925abc10268b30db7ebd7b643f53b5c3fb8e2,6.376860584630178,0.0024841915085817,16.259968324217223,23.572442620549317,/data/jaguir26/local/src/Article-Q-DESN/application/data_local/pricefm/campaigns/pricefm_stage_r97_global_region_frozen_campaign_20260908/global_scoring/runs/region=PT/fold=3/score/test_metric.csv,10aa16c0979f04f16cd35002efd7af91b24acaeeba3f6d73ee50681d558b9028,qdesn_al_rhs_ns_exact_chunked,5.732105108002795,provenance_bridge_30,stageb_d2_l096_d2_n080x080_a0p4_r0p9_in0p35_seed20260603,target_only,qdesn_al_rhs_ns_r98_region_frozen,4.898387588121984,0.0017361111111111,12.527462130995456,16.730017899666276,6.463794863054435,-1.5654072749324515,-0.8337175198808113,qdesn_wins,R98_coordinator_ready_not_integrated,prospective_region_frozen_validation_only_protocol,complete_114_case_replacement_regardless_of_performance,fold1_train_internal_temporal_validation_and_fold1_outer_validation,True,True,True,False,False,audit_and_reporting_only,False,False,False,False,False
RO,1,al,8.247239037732014,0.0042100694444444,20.40688286507032,30.657654460942023,8.297235084538215,7.567950246749942,-0.0499960468062017,0.6792887909820715,0.0001,168,2,"[96,48]",0.25,0.82,0.25,target_only,final_layer,R97,/data/jaguir26/local/src/Article-Q-DESN/application/data_local/pricefm/campaigns/pricefm_stage_r97_global_region_frozen_campaign_20260908/region_closeouts/RO/pricefm_stage_r97_selected_atom_manifest.csv,e9d1ccccf727f32d6a5a3c3688db450671d985f468a833bed395d1336bfebece,13.150334689895978,0.0018499544626593,31.548309767394358,68.08203333739591,/data/jaguir26/local/src/Article-Q-DESN/application/data_local/pricefm/campaigns/pricefm_stage_r97_global_region_frozen_campaign_20260908/global_scoring/runs/region=RO/fold=1/score/test_metric.csv,1f3e66fc4dbd64e217e82112f77d02a72a61774a14e3c6d198e668cb239c6a8f,qdesn_exal_rhs_ns_exact_chunked,8.297235084538215,stage_m,stageh_ro_f1_graphd2_input_low_seedrob20260624,graph_khop,qdesn_al_rhs_ns_r98_region_frozen,8.247239037732014,0.0042100694444444,20.40688286507032,30.657654460942023,7.567950246749942,0.6792887909820715,-0.04999604680620173,pricefm_wins,R98_coordinator_ready_not_integrated,prospective_region_frozen_validation_only_protocol,complete_114_case_replacement_regardless_of_performance,fold1_train_internal_temporal_validation_and_fold1_outer_validation,True,True,True,False,False,audit_and_reporting_only,False,False,False,False,False
RO,2,al,7.64057792957062,0.0021595528455284,19.603410955125582,27.159749801086875,6.757125108806398,7.068079469663139,0.883452820764222,0.5724984599074814,0.0001,168,2,"[96,48]",0.25,0.82,0.25,target_only,final_layer,R97,/data/jaguir26/local/src/Article-Q-DESN/application/data_local/pricefm/campaigns/pricefm_stage_r97_global_region_frozen_campaign_20260908/region_closeouts/RO/pricefm_stage_r97_selected_atom_manifest.csv,e9d1ccccf727f32d6a5a3c3688db450671d985f468a833bed395d1336bfebece,8.173671053815376,0.0103732638888888,20.166811840303208,30.681900699935788,/data/jaguir26/local/src/Article-Q-DESN/application/data_local/pricefm/campaigns/pricefm_stage_r97_global_region_frozen_campaign_20260908/global_scoring/runs/region=RO/fold=2/score/test_metric.csv,a618ce9b95f797e99ba95c7eca76dbc551d53f9ca2121eccadfc190066876fcd,qdesn_exal_rhs_ns_exact_chunked,6.757125108806398,stage_m,stagef_ro_f2_graphd1_alpha_lo_seedrob20260617,graph_khop,qdesn_al_rhs_ns_r98_region_frozen,7.64057792957062,0.0021595528455284,19.603410955125582,27.159749801086875,7.068079469663139,0.5724984599074814,0.883452820764222,pricefm_wins,R98_coordinator_ready_not_integrated,prospective_region_frozen_validation_only_protocol,complete_114_case_replacement_regardless_of_performance,fold1_train_internal_temporal_validation_and_fold1_outer_validation,True,True,True,False,False,audit_and_reporting_only,False,False,False,False,False
RO,3,al,9.280595998977445,0.0022341757741347,23.16350710598873,34.09921553388605,8.98372949870238,8.550629369790864,0.2968665002750636,0.7299666291865794,0.0001,168,2,"[96,48]",0.25,0.82,0.25,target_only,final_layer,R97,/data/jaguir26/local/src/Article-Q-DESN/application/data_local/pricefm/campaigns/pricefm_stage_r97_global_region_frozen_campaign_20260908/region_closeouts/RO/pricefm_stage_r97_selected_atom_manifest.csv,e9d1ccccf727f32d6a5a3c3688db450671d985f468a833bed395d1336bfebece,7.136214033855826,0.005151874435411,18.00803419333271,25.554001489503214,/data/jaguir26/local/src/Article-Q-DESN/application/data_local/pricefm/campaigns/pricefm_stage_r97_global_region_frozen_campaign_20260908/global_scoring/runs/region=RO/fold=3/score/test_metric.csv,c28f472cc943246ee98227731c6877e590f40fba02b8daf63587503c6b938669,qdesn_exal_rhs_ns_exact_chunked,8.98372949870238,stage_m,stagei_ro_f3_graphd2_alpha_low_seedrob20260626,graph_khop,qdesn_al_rhs_ns_r98_region_frozen,9.280595998977445,0.0022341757741347,23.16350710598873,34.09921553388605,8.550629369790864,0.7299666291865812,0.29686650027506545,pricefm_wins,R98_coordinator_ready_not_integrated,prospective_region_frozen_validation_only_protocol,complete_114_case_replacement_regardless_of_performance,fold1_train_internal_temporal_validation_and_fold1_outer_validation,True,True,True,False,False,audit_and_reporting_only,False,False,False,False,False
SE_1,1,exal,5.016777632750146,0.0129484953703703,11.913741621080488,20.839254344788944,4.9928063361950406,4.301848338764621,0.0239712965551053,0.7149292939855245,0.001,168,2,"[120,64]",0.5,0.82,0.15,graph_summary_mean,final_layer,R97,/data/jaguir26/local/src/Article-Q-DESN/application/data_local/pricefm/campaigns/pricefm_stage_r97_global_region_frozen_campaign_20260908/region_closeouts/SE_1/pricefm_stage_r97_selected_atom_manifest.csv,bbc8d4076108f3f31886f29d4fe2531fb1d16a80cecfd281bf0bcd42321d0379,3.231752829490018,0.0040841302367941,8.103492038431586,12.41408871478436,/data/jaguir26/local/src/Article-Q-DESN/application/data_local/pricefm/campaigns/pricefm_stage_r97_global_region_frozen_campaign_20260908/global_scoring/runs/region=SE_1/fold=1/score/test_metric.csv,f2fe3b5f34b814309263b59ca00d6d250d7e383f060779496e1714209a8509ec,qdesn_exal_rhs_ns_exact_chunked,4.9928063361950406,current_r3q,covm_se1_f1_target_d2_n080x080_s035,target_only,qdesn_exal_rhs_ns_r98_region_frozen,5.016777632750146,0.0129484953703703,11.913741621080488,20.839254344788944,4.301848338764621,0.7149292939855245,0.023971296555105326,pricefm_wins,R98_coordinator_ready_not_integrated,prospective_region_frozen_validation_only_protocol,complete_114_case_replacement_regardless_of_performance,fold1_train_internal_temporal_validation_and_fold1_outer_validation,True,True,True,False,False,audit_and_reporting_only,False,False,False,False,False
SE_1,2,exal,3.029786064010655,0.0492745031616982,7.227553026278198,13.101185450852702,4.455489392247451,4.93585991647401,-1.4257033282367964,-1.9060738524633551,0.001,168,2,"[120,64]",0.5,0.82,0.15,graph_summary_mean,final_layer,R97,/data/jaguir26/local/src/Article-Q-DESN/application/data_local/pricefm/campaigns/pricefm_stage_r97_global_region_frozen_campaign_20260908/region_closeouts/SE_1/pricefm_stage_r97_selected_atom_manifest.csv,bbc8d4076108f3f31886f29d4fe2531fb1d16a80cecfd281bf0bcd42321d0379,4.639890384036265,0.01640625,10.819295053901843,21.052248112042136,/data/jaguir26/local/src/Article-Q-DESN/application/data_local/pricefm/campaigns/pricefm_stage_r97_global_region_frozen_campaign_20260908/global_scoring/runs/region=SE_1/fold=2/score/test_metric.csv,85ff1652a86c0ee76e747b55f21d230a4aba17513d9d0207939a5d94c72b4e82,qdesn_al_rhs_ns_exact_chunked,4.455489392247451,current_r3q,covm_se1_f2_target_d1_n120_s025,target_only,qdesn_exal_rhs_ns_r98_region_frozen,3.029786064010655,0.0492745031616982,7.227553026278198,13.101185450852702,4.93585991647401,-1.9060738524633551,-1.4257033282367964,qdesn_wins,R98_coordinator_ready_not_integrated,prospective_region_frozen_validation_only_protocol,complete_114_case_replacement_regardless_of_performance,fold1_train_internal_temporal_validation_and_fold1_outer_validation,True,True,True,False,False,audit_and_reporting_only,False,False,False,False,False
SE_1,3,exal,4.798387184990931,0.0153973132969034,11.568960466938607,21.392590565931588,5.13667159910312,4.79098873819068,-0.3382844141121888,0.0073984468002512,0.001,168,2,"[120,64]",0.5,0.82,0.15,graph_summary_mean,final_layer,R97,/data/jaguir26/local/src/Article-Q-DESN/application/data_local/pricefm/campaigns/pricefm_stage_r97_global_region_frozen_campaign_20260908/region_closeouts/SE_1/pricefm_stage_r97_selected_atom_manifest.csv,bbc8d4076108f3f31886f29d4fe2531fb1d16a80cecfd281bf0bcd42321d0379,2.9423932556021137,0.0047566621499548,6.986469020202828,13.334956130149545,/data/jaguir26/local/src/Article-Q-DESN/application/data_local/pricefm/campaigns/pricefm_stage_r97_global_region_frozen_campaign_20260908/global_scoring/runs/region=SE_1/fold=3/score/test_metric.csv,9986406a5faccf78f67d7d1910b9d34e395824414f15714e14929cb1ee65a414,qdesn_al_rhs_ns_exact_chunked,5.13667159910312,current_r3q,covm_se1_f3_target_d1_n120_s050,target_only,qdesn_exal_rhs_ns_r98_region_frozen,4.798387184990931,0.0153973132969034,11.568960466938607,21.392590565931588,4.79098873819068,0.007398446800251257,-0.3382844141121888,pricefm_wins,R98_coordinator_ready_not_integrated,prospective_region_frozen_validation_only_protocol,complete_114_case_replacement_regardless_of_performance,fold1_train_internal_temporal_validation_and_fold1_outer_validation,True,True,True,False,False,audit_and_reporting_only,False,False,False,False,False
SE_2,1,exal,5.710804422176713,0.0102864583333333,13.115168550970148,24.8146603351706,6.445638688948606,4.213533986832111,-0.7348342667718937,1.4972704353446016,0.01,240,2,"[120,64]",0.5,0.95,0.15,graph_summary_mean,final_layer,R95_R96_reuse,/data/jaguir26/local/src/Article-Q-DESN/application/data_local/pricefm/authoritative/pricefm_stage_r95_allfold_validation_closeout_20260907/pricefm_stage_r95_frozen_allfold_validation_surface.json,4cb26f956ca0c9b728ccdc2d60297758cf8fa519bd8eeb6d9b90c3e5784c72da,2.997511152221784,0.0009676684881602,7.299608141403668,11.797089097503113,/data/jaguir26/local/src/Article-Q-DESN/application/data_local/pricefm/authoritative/pricefm_stage_r96_scoring_only_test_closeout_20260908/pricefm_stage_r96_se2_fold_comparison.csv,b93302cd85059b8dafac12dae59bc251d30105948a302a2d7f516be65805a985,qdesn_exal_rhs_ns_exact_chunked,6.445638688948606,provenance_bridge_30,broad_l096_d2_n120x120_a0p4_r0p9_in0p25_seed20260608,target_only,qdesn_exal_rhs_ns_r98_region_frozen,5.710804422176713,0.0102864583333333,13.115168550970148,24.8146603351706,4.213533986832111,1.4972704353446016,-0.7348342667718937,pricefm_wins,R98_coordinator_ready_not_integrated,prospective_region_frozen_validation_only_protocol,complete_114_case_replacement_regardless_of_performance,fold1_train_internal_temporal_validation_and_fold1_outer_validation,True,True,True,False,False,audit_and_reporting_only,False,False,False,False,False
SE_2,2,exal,3.137367932570641,0.0048554652213188,7.501865319629426,13.751433695264224,3.027532291877057,3.637762707864639,0.1098356406935838,-0.5003947752939979,0.01,240,2,"[120,64]",0.5,0.95,0.15,graph_summary_mean,final_layer,R95_R96_reuse,/data/jaguir26/local/src/Article-Q-DESN/application/data_local/pricefm/authoritative/pricefm_stage_r95_allfold_validation_closeout_20260907/pricefm_stage_r95_frozen_allfold_validation_surface.json,4cb26f956ca0c9b728ccdc2d60297758cf8fa519bd8eeb6d9b90c3e5784c72da,5.1363500564970135,0.0128761574074074,11.82510942183422,23.46260681671405,/data/jaguir26/local/src/Article-Q-DESN/application/data_local/pricefm/authoritative/pricefm_stage_r96_scoring_only_test_closeout_20260908/pricefm_stage_r96_se2_fold_comparison.csv,b93302cd85059b8dafac12dae59bc251d30105948a302a2d7f516be65805a985,qdesn_exal_rhs_ns_exact_chunked,3.027532291877057,provenance_bridge_30,localar_d2_u80_alpha_input_scale0p2_alpha0p5,target_only,qdesn_exal_rhs_ns_r98_region_frozen,3.137367932570641,0.0048554652213188,7.501865319629426,13.751433695264224,3.637762707864639,-0.5003947752939979,0.10983564069358387,qdesn_wins,R98_coordinator_ready_not_integrated,prospective_region_frozen_validation_only_protocol,complete_114_case_replacement_regardless_of_performance,fold1_train_internal_temporal_validation_and_fold1_outer_validation,True,True,True,False,False,audit_and_reporting_only,False,False,False,False,False
SE_2,3,exal,5.365385753188129,0.0110997267759562,12.578268015667028,22.496650262844064,5.302326465187649,4.63336655065821,0.0630592880004794,0.7320192025299184,0.01,240,2,"[120,64]",0.5,0.95,0.15,graph_summary_mean,final_layer,R95_R96_reuse,/data/jaguir26/local/src/Article-Q-DESN/application/data_local/pricefm/authoritative/pricefm_stage_r95_allfold_validation_closeout_20260907/pricefm_stage_r95_frozen_allfold_validation_surface.json,4cb26f956ca0c9b728ccdc2d60297758cf8fa519bd8eeb6d9b90c3e5784c72da,3.0508854306924995,0.0032181571815718,7.307650226219579,13.800453531154387,/data/jaguir26/local/src/Article-Q-DESN/application/data_local/pricefm/authoritative/pricefm_stage_r96_scoring_only_test_closeout_20260908/pricefm_stage_r96_se2_fold_comparison.csv,b93302cd85059b8dafac12dae59bc251d30105948a302a2d7f516be65805a985,qdesn_exal_rhs_ns_exact_chunked,5.302326465187649,provenance_bridge_30,localar_d3_u40_alpha_input_scale0p35_alpha0p45,target_only,qdesn_exal_rhs_ns_r98_region_frozen,5.365385753188129,0.0110997267759562,12.578268015667028,22.496650262844064,4.63336655065821,0.7320192025299184,0.06305928800047944,pricefm_wins,R98_coordinator_ready_not_integrated,prospective_region_frozen_validation_only_protocol,complete_114_case_replacement_regardless_of_performance,fold1_train_internal_temporal_validation_and_fold1_outer_validation,True,True,True,False,False,audit_and_reporting_only,False,False,False,False,False
SE_3,1,exal,8.292879278864762,0.1063657407407407,19.09217042139931,30.445901773784623,7.563095505135696,7.628088234250624,0.729783773729066,0.6647910446141374,0.0001,48,2,"[64,64]",0.55,0.82,0.15,graph_summary_mean_std,final_layer,R97,/data/jaguir26/local/src/Article-Q-DESN/application/data_local/pricefm/campaigns/pricefm_stage_r97_global_region_frozen_campaign_20260908/region_closeouts/SE_3/pricefm_stage_r97_selected_atom_manifest.csv,6478b80c79c75d147be36b18a7282f03e500478cdf013c03d49ddc8d27a96d57,6.755797604089318,0.0793630464480874,16.575902383088224,33.52885323330204,/data/jaguir26/local/src/Article-Q-DESN/application/data_local/pricefm/campaigns/pricefm_stage_r97_global_region_frozen_campaign_20260908/global_scoring/runs/region=SE_3/fold=1/score/test_metric.csv,5d395ba8c9b45b250bcd42634497f5db226e5b47f19eafb9e9104f70945e91ba,qdesn_exal_rhs_ns_exact_chunked,7.563095505135696,current_r3q,covm_se3_f1_target_d2_n080x080_s035,target_only,qdesn_exal_rhs_ns_r98_region_frozen,8.292879278864762,0.1063657407407407,19.09217042139931,30.445901773784623,7.628088234250624,0.6647910446141374,0.729783773729066,pricefm_wins,R98_coordinator_ready_not_integrated,prospective_region_frozen_validation_only_protocol,complete_114_case_replacement_regardless_of_performance,fold1_train_internal_temporal_validation_and_fold1_outer_validation,True,True,True,False,False,audit_and_reporting_only,False,False,False,False,False
SE_3,2,exal,5.609060928064199,0.0214967253839205,13.947094183605946,19.27119092378393,6.001828188404904,6.032925025234049,-0.3927672603407046,-0.4238640971698499,0.0001,48,2,"[64,64]",0.55,0.82,0.15,graph_summary_mean_std,final_layer,R97,/data/jaguir26/local/src/Article-Q-DESN/application/data_local/pricefm/campaigns/pricefm_stage_r97_global_region_frozen_campaign_20260908/region_closeouts/SE_3/pricefm_stage_r97_selected_atom_manifest.csv,6478b80c79c75d147be36b18a7282f03e500478cdf013c03d49ddc8d27a96d57,7.969779726152381,0.0500868055555555,18.41829446457454,29.94875068293421,/data/jaguir26/local/src/Article-Q-DESN/application/data_local/pricefm/campaigns/pricefm_stage_r97_global_region_frozen_campaign_20260908/global_scoring/runs/region=SE_3/fold=2/score/test_metric.csv,67c4ac20515cf23f549e595d1012fbf001d302ef7f38eb8a108ffd2e2e124d36,qdesn_exal_rhs_ns_exact_chunked,6.001828188404904,current_r3q,covm_se3_f2_target_d1_n120_s025,target_only,qdesn_exal_rhs_ns_r98_region_frozen,5.609060928064199,0.0214967253839205,13.947094183605946,19.27119092378393,6.032925025234049,-0.42386409716984996,-0.39276726034070464,qdesn_wins,R98_coordinator_ready_not_integrated,prospective_region_frozen_validation_only_protocol,complete_114_case_replacement_regardless_of_performance,fold1_train_internal_temporal_validation_and_fold1_outer_validation,True,True,True,False,False,audit_and_reporting_only,False,False,False,False,False
SE_3,3,exal,7.322353167637433,0.0507029826958105,18.330098070290624,29.98995610516775,7.318540783944788,7.614287767733592,0.0038123836926455,-0.2919346000961589,0.0001,48,2,"[64,64]",0.55,0.82,0.15,graph_summary_mean_std,final_layer,R97,/data/jaguir26/local/src/Article-Q-DESN/application/data_local/pricefm/campaigns/pricefm_stage_r97_global_region_frozen_campaign_20260908/region_closeouts/SE_3/pricefm_stage_r97_selected_atom_manifest.csv,6478b80c79c75d147be36b18a7282f03e500478cdf013c03d49ddc8d27a96d57,5.478568309137821,0.0447436766034327,13.664216630023438,18.925911163115316,/data/jaguir26/local/src/Article-Q-DESN/application/data_local/pricefm/campaigns/pricefm_stage_r97_global_region_frozen_campaign_20260908/global_scoring/runs/region=SE_3/fold=3/score/test_metric.csv,67ef34ceb777e0127cc82bb3bb711c1056e076eb44db64c3940da52b2bd5e21c,qdesn_exal_rhs_ns_exact_chunked,7.318540783944788,current_r3q,covm_se3_f3_target_d2_n080x080_s035,target_only,qdesn_exal_rhs_ns_r98_region_frozen,7.322353167637433,0.0507029826958105,18.330098070290624,29.98995610516775,7.614287767733592,-0.2919346000961589,0.0038123836926455823,qdesn_wins,R98_coordinator_ready_not_integrated,prospective_region_frozen_validation_only_protocol,complete_114_case_replacement_regardless_of_performance,fold1_train_internal_temporal_validation_and_fold1_outer_validation,True,True,True,False,False,audit_and_reporting_only,False,False,False,False,False
SE_4,1,al,8.058925773608484,0.044849537037037,21.33917573910818,28.117205150714547,8.482355318895749,7.702406372794829,-0.4234295452872647,0.3565194008136556,0.0001,168,2,"[64,64]",0.45,0.95,0.2,graph_summary_mean_std,final_layer,R97,/data/jaguir26/local/src/Article-Q-DESN/application/data_local/pricefm/campaigns/pricefm_stage_r97_global_region_frozen_campaign_20260908/region_closeouts/SE_4/pricefm_stage_r97_selected_atom_manifest.csv,c104a5566755afcb0ae49b2d90b4d06d3a55f93a84cc7f89708ede2a84f4e429,11.07515804559249,0.0447262067395264,28.37327865789063,44.6041548134546,/data/jaguir26/local/src/Article-Q-DESN/application/data_local/pricefm/campaigns/pricefm_stage_r97_global_region_frozen_campaign_20260908/global_scoring/runs/region=SE_4/fold=1/score/test_metric.csv,f92ee97510f4c616a7c1ffdab412a20387bfafb285c69522a2570f9b19d20b30,qdesn_exal_rhs_ns_exact_chunked,8.482355318895749,stage_m,stagec_p1_diversenewregions_se4_f1_d2_l096_d2_n080x080_a0p4_r0p9_in0p35_seed20260603,target_only,qdesn_al_rhs_ns_r98_region_frozen,8.058925773608484,0.044849537037037,21.33917573910818,28.117205150714547,7.702406372794829,0.35651940081365563,-0.42342954528726473,pricefm_wins,R98_coordinator_ready_not_integrated,prospective_region_frozen_validation_only_protocol,complete_114_case_replacement_regardless_of_performance,fold1_train_internal_temporal_validation_and_fold1_outer_validation,True,True,True,False,False,audit_and_reporting_only,False,False,False,False,False
SE_4,2,al,7.561391608352648,0.1095584914182475,18.838371628139665,24.357670454155464,7.680880934598577,7.959831349597134,-0.1194893262459295,-0.398439741244486,0.0001,168,2,"[64,64]",0.45,0.95,0.2,graph_summary_mean_std,final_layer,R97,/data/jaguir26/local/src/Article-Q-DESN/application/data_local/pricefm/campaigns/pricefm_stage_r97_global_region_frozen_campaign_20260908/region_closeouts/SE_4/pricefm_stage_r97_selected_atom_manifest.csv,c104a5566755afcb0ae49b2d90b4d06d3a55f93a84cc7f89708ede2a84f4e429,7.663887825386236,0.0533420138888888,19.54062265617913,27.16326571370792,/data/jaguir26/local/src/Article-Q-DESN/application/data_local/pricefm/campaigns/pricefm_stage_r97_global_region_frozen_campaign_20260908/global_scoring/runs/region=SE_4/fold=2/score/test_metric.csv,adbc54741289a2dc7c07557eaf54bb9e175eb33715e3e86ff0983b038a25a8e1,qdesn_exal_rhs_ns_exact_chunked,7.680880934598577,stage_m,stagec_p1_diversenewregions_se4_f2_lowinput_l096_d1_n120_a0p5_r0p9_in0p25_seed20260603,target_only,qdesn_al_rhs_ns_r98_region_frozen,7.561391608352648,0.1095584914182475,18.838371628139665,24.357670454155464,7.959831349597134,-0.398439741244486,-0.11948932624592956,qdesn_wins,R98_coordinator_ready_not_integrated,prospective_region_frozen_validation_only_protocol,complete_114_case_replacement_regardless_of_performance,fold1_train_internal_temporal_validation_and_fold1_outer_validation,True,True,True,False,False,audit_and_reporting_only,False,False,False,False,False
SE_4,3,al,8.693182347773744,0.0710097905282331,22.0341061076518,32.84639763634562,8.133776058305212,8.038824197812287,0.5594062894685319,0.6543581499614568,0.0001,168,2,"[64,64]",0.45,0.95,0.2,graph_summary_mean_std,final_layer,R97,/data/jaguir26/local/src/Article-Q-DESN/application/data_local/pricefm/campaigns/pricefm_stage_r97_global_region_frozen_campaign_20260908/region_closeouts/SE_4/pricefm_stage_r97_selected_atom_manifest.csv,c104a5566755afcb0ae49b2d90b4d06d3a55f93a84cc7f89708ede2a84f4e429,7.360533099026883,0.0710394083107497,18.72613900804265,24.05692476688582,/data/jaguir26/local/src/Article-Q-DESN/application/data_local/pricefm/campaigns/pricefm_stage_r97_global_region_frozen_campaign_20260908/global_scoring/runs/region=SE_4/fold=3/score/test_metric.csv,4e402b07b5f67342465d363ee2a310154705556a8217c58417a6d8aa5b7845d1,qdesn_exal_rhs_ns_exact_chunked,8.133776058305212,stage_m,stagec_p1_diversenewregions_se4_f3_d2_l096_d2_n080x080_a0p4_r0p9_in0p35_seed20260603,target_only,qdesn_al_rhs_ns_r98_region_frozen,8.693182347773744,0.0710097905282331,22.0341061076518,32.84639763634562,8.038824197812287,0.6543581499614568,0.5594062894685319,pricefm_wins,R98_coordinator_ready_not_integrated,prospective_region_frozen_validation_only_protocol,complete_114_case_replacement_regardless_of_performance,fold1_train_internal_temporal_validation_and_fold1_outer_validation,True,True,True,False,False,audit_and_reporting_only,False,False,False,False,False
SI,1,al,7.164152245520442,0.0186197916666666,17.536491682809682,25.06141135842685,7.379365969748176,7.060912122116377,-0.2152137242277341,0.1032401234040651,5e-05,48,3,"[96,64,48]",0.45,0.9,0.2,graph_summary_mean_std,final_layer,R97,/data/jaguir26/local/src/Article-Q-DESN/application/data_local/pricefm/campaigns/pricefm_stage_r97_global_region_frozen_campaign_20260908/region_closeouts/SI/pricefm_stage_r97_selected_atom_manifest.csv,e187625220d3f6b08cd49c831524fe46ab54fc5811025710f3dbe3786cadb941,9.646044648051932,0.0007542122040072,23.24124735660869,47.96241132438367,/data/jaguir26/local/src/Article-Q-DESN/application/data_local/pricefm/campaigns/pricefm_stage_r97_global_region_frozen_campaign_20260908/global_scoring/runs/region=SI/fold=1/score/test_metric.csv,721a46e805cebeab29905b5cab3542b6b92ef2547c4da7d0cc7f47d7aabebf6b,qdesn_exal_rhs_ns_exact_chunked,7.379365969748176,stage_m,stagec_p1_diversenewregions_si_f1_core_l096_d1_n120_a0p5_r0p9_in0p50_seed20260601,target_only,qdesn_al_rhs_ns_r98_region_frozen,7.164152245520442,0.0186197916666666,17.536491682809682,25.06141135842685,7.060912122116377,0.10324012340406519,-0.2152137242277341,pricefm_wins,R98_coordinator_ready_not_integrated,prospective_region_frozen_validation_only_protocol,complete_114_case_replacement_regardless_of_performance,fold1_train_internal_temporal_validation_and_fold1_outer_validation,True,True,True,False,False,audit_and_reporting_only,False,False,False,False,False
SI,2,al,7.807330300195346,0.0115881887985546,19.318795260133648,31.25189170230625,7.981555119629786,8.658366050247837,-0.17422481943444,-0.8510357500524908,5e-05,48,3,"[96,64,48]",0.45,0.9,0.2,graph_summary_mean_std,final_layer,R97,/data/jaguir26/local/src/Article-Q-DESN/application/data_local/pricefm/campaigns/pricefm_stage_r97_global_region_frozen_campaign_20260908/region_closeouts/SI/pricefm_stage_r97_selected_atom_manifest.csv,e187625220d3f6b08cd49c831524fe46ab54fc5811025710f3dbe3786cadb941,6.799337252288691,0.010011574074074,16.811286440892562,24.35684004886422,/data/jaguir26/local/src/Article-Q-DESN/application/data_local/pricefm/campaigns/pricefm_stage_r97_global_region_frozen_campaign_20260908/global_scoring/runs/region=SI/fold=2/score/test_metric.csv,5feb063ede47031d977ef49f3c41a2c30fe076e188d3d72a3f1c666e553c9ddd,qdesn_al_rhs_ns_exact_chunked,7.981555119629786,stage_m,staged_si_f2_graphd2_input_lo_seedrob20260618,graph_khop,qdesn_al_rhs_ns_r98_region_frozen,7.807330300195346,0.0115881887985546,19.318795260133648,31.25189170230625,8.658366050247837,-0.8510357500524908,-0.17422481943444001,qdesn_wins,R98_coordinator_ready_not_integrated,prospective_region_frozen_validation_only_protocol,complete_114_case_replacement_regardless_of_performance,fold1_train_internal_temporal_validation_and_fold1_outer_validation,True,True,True,False,False,audit_and_reporting_only,False,False,False,False,False
SI,3,al,8.450737251879135,0.0164503642987249,20.877555681466788,30.7309938813022,7.060209871560028,8.050190895729497,1.3905273803191065,0.400546356149638,5e-05,48,3,"[96,64,48]",0.45,0.9,0.2,graph_summary_mean_std,final_layer,R97,/data/jaguir26/local/src/Article-Q-DESN/application/data_local/pricefm/campaigns/pricefm_stage_r97_global_region_frozen_campaign_20260908/region_closeouts/SI/pricefm_stage_r97_selected_atom_manifest.csv,e187625220d3f6b08cd49c831524fe46ab54fc5811025710f3dbe3786cadb941,7.685685562696181,0.0169094399277326,19.01873313172935,31.094328126346568,/data/jaguir26/local/src/Article-Q-DESN/application/data_local/pricefm/campaigns/pricefm_stage_r97_global_region_frozen_campaign_20260908/global_scoring/runs/region=SI/fold=3/score/test_metric.csv,d28b4af9a6c8c02fa646a08a33f9e885392fedf1e148147cc53c050b257c976d,qdesn_exal_rhs_ns_exact_chunked,7.060209871560028,stage_m,staged_si_f3_graphd2_input_lo_seedrob20260616,graph_khop,qdesn_al_rhs_ns_r98_region_frozen,8.450737251879135,0.0164503642987249,20.877555681466788,30.7309938813022,8.050190895729497,0.40054635614963807,1.3905273803191065,pricefm_wins,R98_coordinator_ready_not_integrated,prospective_region_frozen_validation_only_protocol,complete_114_case_replacement_regardless_of_performance,fold1_train_internal_temporal_validation_and_fold1_outer_validation,True,True,True,False,False,audit_and_reporting_only,False,False,False,False,False
SK,1,exal,7.862621293770901,0.0019965277777777,19.78726295595158,29.19920816988588,7.9971865667259,8.21277852824272,-0.1345652729549993,-0.35015723447182,0.0001,96,1,[64],0.25,0.9,0.15,graph_khop,final_layer,R97,/data/jaguir26/local/src/Article-Q-DESN/application/data_local/pricefm/campaigns/pricefm_stage_r97_global_region_frozen_campaign_20260908/region_closeouts/SK/pricefm_stage_r97_selected_atom_manifest.csv,14e6208c17729e09551d9eb091c8c5c099087ffe5c653e19b9f25754b999f5fe,10.705099381628497,0.0142873406193078,25.818481421718428,46.87462990193234,/data/jaguir26/local/src/Article-Q-DESN/application/data_local/pricefm/campaigns/pricefm_stage_r97_global_region_frozen_campaign_20260908/global_scoring/runs/region=SK/fold=1/score/test_metric.csv,601a84ce6533a7357522d998613e96d89daadb4beb9d2b04530ca7c0f4e7d9dd,qdesn_exal_rhs_ns_exact_chunked,7.9971865667259,stage_m,stageh_sk_f1_graphd2_alpha_low_seedrob20260624,graph_khop,qdesn_exal_rhs_ns_r98_region_frozen,7.862621293770901,0.0019965277777777,19.78726295595158,29.19920816988588,8.21277852824272,-0.35015723447182,-0.13456527295499932,qdesn_wins,R98_coordinator_ready_not_integrated,prospective_region_frozen_validation_only_protocol,complete_114_case_replacement_regardless_of_performance,fold1_train_internal_temporal_validation_and_fold1_outer_validation,True,True,True,False,False,audit_and_reporting_only,False,False,False,False,False
SK,2,exal,7.657651470498573,0.0016231933152664,18.93967971761628,27.226711562855417,6.662191157409304,6.8154867144988485,0.9954603130892687,0.8421647559997245,0.0001,96,1,[64],0.25,0.9,0.15,graph_khop,final_layer,R97,/data/jaguir26/local/src/Article-Q-DESN/application/data_local/pricefm/campaigns/pricefm_stage_r97_global_region_frozen_campaign_20260908/region_closeouts/SK/pricefm_stage_r97_selected_atom_manifest.csv,14e6208c17729e09551d9eb091c8c5c099087ffe5c653e19b9f25754b999f5fe,7.611173705657512,0.0,19.020890148596106,28.685081625408145,/data/jaguir26/local/src/Article-Q-DESN/application/data_local/pricefm/campaigns/pricefm_stage_r97_global_region_frozen_campaign_20260908/global_scoring/runs/region=SK/fold=2/score/test_metric.csv,f8e0e37da843f9febdd8ac02a992f158eac129e3940743c73716638f47bab19b,qdesn_exal_rhs_ns_exact_chunked,6.662191157409304,stage_m,stagef_sk_f2_graphd2_input_lo_seedrob20260617,graph_khop,qdesn_exal_rhs_ns_r98_region_frozen,7.657651470498573,0.0016231933152664,18.93967971761628,27.226711562855417,6.8154867144988485,0.8421647559997245,0.9954603130892687,pricefm_wins,R98_coordinator_ready_not_integrated,prospective_region_frozen_validation_only_protocol,complete_114_case_replacement_regardless_of_performance,fold1_train_internal_temporal_validation_and_fold1_outer_validation,True,True,True,False,False,audit_and_reporting_only,False,False,False,False,False
SK,3,exal,17.104154456030283,0.0122950819672131,34.4741186241177,119.92856723440876,8.8066852720388,7.50373905813028,8.297469183991483,9.600415397900004,0.0001,96,1,[64],0.25,0.9,0.15,graph_khop,final_layer,R97,/data/jaguir26/local/src/Article-Q-DESN/application/data_local/pricefm/campaigns/pricefm_stage_r97_global_region_frozen_campaign_20260908/region_closeouts/SK/pricefm_stage_r97_selected_atom_manifest.csv,14e6208c17729e09551d9eb091c8c5c099087ffe5c653e19b9f25754b999f5fe,7.31268862672985,0.0010727190605239,18.230890162346075,26.35996659503569,/data/jaguir26/local/src/Article-Q-DESN/application/data_local/pricefm/campaigns/pricefm_stage_r97_global_region_frozen_campaign_20260908/global_scoring/runs/region=SK/fold=3/score/test_metric.csv,04a258161b180061ed991dee93f58a86fb53fedb7f19e8c0410ec124d2162acd,qdesn_exal_rhs_ns_exact_chunked,8.8066852720388,stage_m,stagef_sk_f3_graphd2_base_seedrob20260617,graph_khop,qdesn_exal_rhs_ns_r98_region_frozen,17.104154456030283,0.0122950819672131,34.4741186241177,119.92856723440876,7.50373905813028,9.600415397900004,8.297469183991483,pricefm_wins,R98_coordinator_ready_not_integrated,prospective_region_frozen_validation_only_protocol,complete_114_case_replacement_regardless_of_performance,fold1_train_internal_temporal_validation_and_fold1_outer_validation,True,True,True,False,False,audit_and_reporting_only,False,False,False,False,False
